# Blender 4.4.3
# www.blender.org
mtllib enemy.mtl
o cm_vitruvian
v -0.007131 1.985447 0.153315
v 0.000014 2.090122 0.083426
v 0.000676 1.988979 -0.087269
v -0.008036 1.820426 -0.067416
v -0.000223 2.089787 0.000923
v 0.003635 1.963744 -0.087393
v -0.011535 1.900664 0.123853
v 0.006856 1.876982 -0.092422
v 0.007809 2.080884 -0.024214
v 0.000101 1.878394 -0.099559
v -0.000649 1.869067 -0.096681
v 0.000181 1.816634 -0.024528
v -0.000021 1.945484 0.146827
v -0.000628 1.920086 -0.113807
v 0.000387 1.911513 -0.116751
v -0.007789 1.489594 -0.079994
v -0.002653 1.613633 0.188055
v -0.009272 1.739374 0.158552
v 0.004302 1.132665 0.147915
v -0.002962 1.409471 0.152508
v -0.000040 1.715478 -0.001888
v -0.003013 1.803589 0.124781
v 0.000013 1.076276 -0.080800
v 0.000948 1.294566 0.134093
v -0.001296 1.213068 0.135737
v -0.006048 2.094935 0.034211
v 0.000529 1.357934 0.147760
v 0.000080 1.500464 0.176941
v 0.000194 1.577279 -0.061864
v 0.000182 1.894438 -0.097206
v -0.000331 1.608412 -0.051631
v 0.001029 1.633789 -0.042729
v -0.013083 1.816738 -0.019821
v -0.000040 1.204171 -0.089477
v 0.003387 1.540143 0.183477
v 0.001093 0.979549 0.084541
v -0.000157 1.032197 0.130680
v -0.001042 1.238365 -0.086191
v -0.006497 2.094902 0.063006
v 0.007162 2.012288 0.149819
v -0.000079 1.102347 0.153782
v -0.012729 1.223776 -0.089641
v -0.012249 2.080819 0.102316
v -0.000009 1.059990 0.142532
v -0.000400 1.649024 0.185434
v -0.000775 0.977882 0.005034
v -0.000591 0.990908 -0.041184
v -0.004233 1.000098 -0.053742
v -0.002205 1.023642 -0.069852
v -0.563275 1.276534 0.075039
v -0.582691 1.295528 0.071478
v -0.581176 1.309468 0.062710
v -0.577790 1.301792 0.013915
v -0.576796 1.287093 0.078950
v -0.508094 1.340778 0.027399
v -0.424440 1.491532 0.095098
v -0.533601 1.372831 0.066026
v -0.372894 1.418582 0.068098
v -0.449320 1.343224 0.083354
v -0.557887 1.320638 0.024300
v -0.480816 1.419481 0.038185
v -0.564503 1.328315 0.032919
v -0.559529 1.337378 0.065144
v -0.518396 1.324387 0.094419
v -0.416528 1.384327 0.057328
v -0.412325 1.373097 0.072058
v -0.406062 1.377323 0.090823
v -0.431189 1.479351 0.062176
v -0.431665 1.436890 0.043196
v -0.380124 1.402420 0.079701
v -0.354894 1.473867 0.127916
v -0.366158 1.446098 0.128818
v -0.566927 1.307643 0.080231
v -0.446700 1.353865 0.100494
v -0.529944 1.336668 0.092163
v -0.399671 1.411576 0.124863
v -0.459948 1.418072 0.116496
v -0.423742 1.445866 0.125653
v -0.537588 1.325617 0.024852
v -0.520061 1.387138 0.048531
v -0.531260 1.359692 0.033905
v -0.501496 1.328187 0.033501
v -0.480426 1.329190 0.049861
v -0.066761 1.866093 0.027380
v -0.073280 1.868807 0.013222
v -0.066469 2.026621 -0.039143
v -0.070944 2.001670 0.121166
v -0.079854 1.968935 0.104176
v -0.075045 1.787005 0.106144
v -0.055988 2.038743 -0.047817
v -0.071876 2.061900 0.071014
v -0.054018 1.983227 -0.072733
v -0.064803 1.785858 0.120323
v -0.058359 1.847443 0.016201
v -0.068931 2.054719 0.001578
v -0.043743 1.834652 0.095754
v -0.049103 2.056844 -0.038041
v -0.054797 2.007843 0.134540
v -0.035804 2.002182 0.145822
v -0.058551 1.973657 0.132030
v -0.020904 1.958022 0.147812
v -0.060256 2.066400 0.089229
v -0.037847 2.079043 0.092636
v -0.028948 2.084984 0.003005
v -0.014429 1.842877 0.112878
v -0.081553 1.942955 -0.041638
v -0.055194 1.841578 -0.017747
v -0.023799 2.024472 -0.074566
v -0.005375 1.966249 -0.086467
v -0.006161 1.952094 -0.089439
v -0.019932 1.823851 -0.066291
v -0.027709 1.875602 -0.081059
v -0.081465 2.034272 0.091328
v -0.090028 2.011371 0.083595
v -0.057869 2.051776 0.110916
v -0.025234 2.066843 0.117093
v -0.049953 2.072014 -0.004067
v -0.021543 1.854070 -0.081744
v -0.007596 1.856767 -0.086517
v -0.011954 1.877971 -0.095309
v -0.006421 1.834421 -0.087395
v -0.053417 1.889767 -0.065754
v -0.002585 1.843908 -0.089083
v -0.051440 1.812522 0.100083
v -0.029683 1.830721 0.110566
v -0.062959 1.817998 0.059665
v -0.074832 1.893140 -0.008058
v -0.041444 1.856037 0.096732
v -0.062470 1.846245 0.065855
v -0.017658 1.876914 -0.085228
v -0.022023 1.873665 -0.086294
v -0.052664 1.882094 0.089506
v -0.034650 1.891253 0.111554
v -0.016927 1.880344 0.114879
v -0.044995 1.936625 0.129804
v -0.018699 1.932149 0.138642
v -0.069414 1.862385 0.045731
v -0.017934 1.915631 -0.085916
v -0.007987 1.924467 -0.106309
v -0.016593 1.905698 -0.095240
v -0.021526 1.926015 -0.084259
v -0.006817 1.908138 -0.113137
v -0.002744 1.902476 -0.109083
v -0.004389 1.902515 -0.102092
v -0.005547 1.933543 -0.100492
v -0.017108 1.900978 -0.085863
v -0.010287 1.901499 -0.091706
v -0.104376 0.461048 0.058373
v -0.112994 0.611704 -0.016368
v -0.137573 0.480925 0.019325
v -0.191926 0.605231 0.050487
v -0.195278 0.602095 0.071366
v -0.216211 0.448178 0.114467
v -0.182399 0.626248 0.094497
v -0.200058 0.454418 0.136880
v -0.153696 0.616190 0.112235
v -0.174036 0.453997 0.150050
v -0.086605 0.906322 0.138473
v -0.119304 0.617507 0.114609
v -0.115209 0.498183 0.143656
v -0.087915 0.472768 0.102878
v -0.149606 0.895198 -0.065600
v -0.147969 0.752348 -0.051093
v -0.154270 0.494937 0.011288
v -0.098929 0.476010 0.128592
v -0.135941 0.615950 0.115568
v -0.134663 0.486338 0.150899
v -0.066896 0.625687 0.041140
v -0.078191 0.643063 0.009317
v -0.104849 0.674558 -0.023662
v -0.197954 0.629664 0.058916
v -0.202905 0.679232 0.071747
v -0.189306 0.674804 0.096279
v -0.171006 0.666232 0.103561
v -0.121264 0.679507 0.116223
v -0.124580 0.638780 0.117637
v -0.078483 0.684806 0.103338
v -0.082922 0.642655 0.102824
v -0.066694 0.627187 0.077037
v -0.205158 0.691555 0.027498
v -0.099684 0.647986 0.112139
v -0.093209 0.687427 0.111810
v -0.151889 0.687144 0.115137
v -0.069948 0.828310 -0.032229
v -0.108640 0.870430 -0.060278
v -0.192225 0.852582 -0.037309
v -0.211964 0.823686 0.055046
v -0.205273 0.793438 0.081907
v -0.201555 0.858040 0.080444
v -0.180431 0.792381 0.121893
v -0.025355 0.853104 0.084368
v -0.031892 0.813855 0.049411
v -0.212413 0.839278 0.004369
v -0.041756 0.840118 0.106773
v -0.134810 0.831334 0.137105
v -0.051164 0.949870 -0.024994
v -0.183593 0.937964 -0.035318
v -0.203560 0.943889 0.011390
v -0.126601 0.913225 0.142559
v -0.077884 0.553540 0.051072
v -0.122696 0.545948 0.007126
v -0.179372 0.564003 0.022649
v -0.181247 0.593559 0.099407
v -0.160829 0.590604 0.114640
v -0.125424 0.583668 0.119621
v -0.105806 0.581069 0.111021
v -0.083344 0.885338 -0.045186
v -0.076953 0.963590 -0.050815
v -0.153593 0.526662 0.007036
v -0.056411 0.750510 0.020793
v -0.069879 0.752649 -0.020534
v -0.100881 0.758483 -0.047612
v -0.190712 0.717692 -0.019296
v -0.205442 0.679340 0.051849
v -0.182740 0.750621 0.117553
v -0.169647 0.717691 0.117830
v -0.121688 0.704962 0.118514
v -0.055132 0.747058 0.087436
v -0.138853 0.523049 0.009195
v -0.192347 0.514479 0.128174
v -0.159882 0.525755 0.139292
v -0.088079 0.532687 0.086757
v -0.176497 1.114591 0.038308
v -0.150983 0.982041 0.149180
v -0.126847 1.726148 0.030524
v -0.128622 1.435790 -0.045400
v -0.149442 1.286705 -0.032413
v -0.071877 1.742632 0.041129
v -0.078349 1.208708 -0.072797
v -0.194955 1.628918 0.172406
v -0.102579 1.382927 0.132411
v -0.117297 1.271172 0.113139
v -0.117585 1.689705 -0.004217
v -0.159793 1.399217 -0.020548
v -0.091290 1.682150 0.190231
v -0.118850 1.336655 0.119609
v -0.129782 1.487859 -0.046828
v -0.058180 1.510588 -0.081907
v -0.170852 1.577425 -0.033919
v -0.155140 1.544807 -0.048902
v -0.144160 1.507076 -0.047522
v -0.065749 1.548076 -0.077100
v -0.147547 1.608272 -0.039364
v -0.155731 1.566276 -0.046090
v -0.295475 1.646452 0.086250
v -0.294461 1.644243 0.116247
v -0.219495 1.618857 0.078524
v -0.215295 1.635650 0.047640
v -0.201548 1.644915 0.064370
v -0.330219 1.591798 0.066579
v -0.392670 1.520814 0.065587
v -0.259837 1.580295 0.045535
v -0.351201 1.521829 0.038335
v -0.301857 1.571242 0.038814
v -0.384761 1.520587 0.116326
v -0.325789 1.583624 0.127710
v -0.255756 1.574030 0.147450
v -0.320652 1.579030 0.046290
v -0.360545 1.533273 0.043803
v -0.246935 1.623480 0.037414
v -0.307813 1.527548 0.042748
v -0.343962 1.509446 0.038734
v -0.332874 1.593333 0.106718
v -0.386569 1.534641 0.092672
v -0.247750 1.550003 0.120129
v -0.273341 1.508918 0.102668
v -0.311532 1.471873 0.100289
v -0.321198 1.484529 0.059163
v -0.263887 1.551271 0.066863
v -0.333583 1.445741 0.080531
v -0.284289 1.502505 0.089654
v -0.252839 1.539018 0.106199
v -0.045617 1.741665 0.017601
v -0.083480 1.749746 0.152267
v -0.039327 1.667974 0.190384
v -0.038580 1.744905 0.013479
v -0.089470 1.644690 0.200104
v -0.166833 1.590346 0.183801
v -0.119251 1.587179 0.198401
v -0.168236 1.372344 0.017398
v -0.130105 1.108380 0.144498
v -0.137216 1.129982 0.125738
v -0.165669 1.175794 0.053534
v -0.008307 1.085590 0.153667
v -0.161057 1.169776 0.003287
v -0.096386 1.066507 0.182244
v -0.019706 1.289345 -0.085181
v -0.069363 1.245004 0.120929
v -0.008367 1.672967 0.181498
v -0.039961 1.719637 0.168329
v -0.023587 1.410750 -0.092130
v -0.116494 1.549144 -0.064957
v -0.121824 1.674971 0.189537
v -0.083816 1.299329 0.130450
v -0.210799 1.741930 0.093642
v -0.211320 1.741542 0.055959
v -0.040730 1.154987 0.145279
v -0.001158 1.253826 -0.080650
v 0.000985 1.530467 -0.070378
v -0.122296 1.756205 0.119248
v -0.231223 1.616003 0.053341
v -0.274788 1.648792 0.144214
v -0.224162 1.597427 0.106100
v -0.234791 1.606679 0.147608
v -0.273828 1.644962 0.046134
v -0.235000 1.624917 0.041416
v -0.220287 1.605834 0.127107
v -0.239374 1.719666 0.105614
v -0.210817 1.639280 0.163074
v -0.243406 1.721868 0.059246
v -0.209759 1.699160 0.155638
v -0.063165 1.377071 -0.083965
v -0.019932 1.315751 -0.083107
v -0.030258 0.991533 -0.019238
v -0.179497 1.002470 -0.021983
v -0.042841 1.001950 -0.037397
v -0.141488 0.972283 -0.060475
v -0.095463 0.986330 -0.061572
v -0.203330 0.934046 0.060858
v -0.179963 1.073799 -0.010944
v -0.071288 1.063453 -0.055178
v -0.048911 1.033290 -0.054557
v -0.005618 0.970123 0.094441
v -0.049684 1.418174 0.155892
v -0.196404 1.617440 0.087975
v -0.153866 1.441196 -0.021719
v -0.146732 1.467624 -0.033160
v -0.180248 1.501700 0.005960
v -0.099836 1.704007 0.008175
v -0.202176 1.660559 0.016980
v -0.154616 1.689259 0.008877
v -0.146806 1.392710 0.091230
v -0.096625 1.502704 -0.076207
v -0.022303 1.728230 0.002245
v -0.263076 1.618886 0.157434
v -0.318658 1.549638 0.142818
v -0.368033 1.498834 0.132197
v -0.188326 1.645944 -0.002457
v -0.190701 1.523708 0.036883
v -0.170503 1.458622 -0.000342
v -0.174728 1.702160 0.022799
v -0.202021 1.648694 0.027335
v -0.222359 1.621218 0.152663
v -0.227859 1.652022 0.158397
v -0.249302 1.717400 0.083430
v -0.126358 1.735483 0.041639
v -0.239167 1.718100 0.048178
v -0.155893 1.711288 0.029146
v -0.198694 1.734875 0.045761
v -0.048732 1.766720 0.025274
v -0.033529 1.579160 -0.068736
v -0.036082 1.532792 -0.078857
v -0.037363 1.790166 0.013652
v -0.066104 1.801087 0.090664
v -0.043429 1.805925 0.113678
v -0.027250 1.753037 0.009682
v -0.018925 1.807986 -0.005332
v -0.017848 1.778359 0.005791
v -0.062410 1.794953 0.048054
v -0.162580 1.285746 0.012157
v -0.118346 1.217678 0.116124
v -0.142908 1.239563 0.084349
v -0.008015 1.097368 0.154887
v -0.152121 1.243204 0.007414
v -0.139348 1.236202 -0.025761
v -0.128309 1.157877 0.127463
v -0.073972 1.132278 -0.063765
v -0.151229 1.247121 0.027724
v -0.075689 1.107156 0.174615
v -0.011208 1.116895 0.152785
v -0.143215 1.153283 -0.032600
v -0.140086 1.036713 0.147522
v -0.168690 1.027170 0.101101
v -0.106710 1.001736 0.181972
v -0.029791 0.981702 0.162000
v -0.128792 1.309177 -0.051971
v -0.077441 1.453043 -0.076650
v -0.130974 1.345044 -0.052289
v -0.098752 1.441372 -0.066637
v -0.083370 1.168715 0.140618
v -0.059244 1.186570 -0.078793
v -0.035704 1.465083 -0.084210
v -0.055841 1.281831 -0.080369
v -0.025093 0.995120 -0.026905
v -0.051314 1.323750 -0.080357
v -0.032897 1.123769 -0.076373
v -0.008518 0.978710 0.033412
v -0.049042 1.051869 0.182984
v -0.023713 1.189433 0.136035
v -0.048398 1.099342 0.173610
v -0.061406 0.952532 0.166575
v -0.146583 1.290568 0.078417
v -0.154533 1.185594 0.084744
v -0.166870 1.122567 0.065945
v -0.015762 1.911375 -0.099250
v -0.012735 1.906102 -0.098567
v -0.008817 1.906480 -0.104506
v -0.004971 1.907282 -0.100118
v -0.074129 2.060547 0.041952
v -0.088298 2.037783 0.044411
v -0.092830 2.021692 0.053627
v -0.030291 2.090347 0.037529
v -0.052604 2.079551 0.034705
v -0.009499 1.767901 0.005751
v -0.069353 1.857415 0.003294
v -0.095569 1.255397 -0.059823
v -0.001866 1.249876 -0.079821
v -0.008704 1.257294 -0.088357
v -0.120628 1.255409 -0.047713
v -0.037967 1.246082 -0.090185
v -0.138065 1.370520 0.096894
v -0.061949 1.360946 0.148404
v -0.030358 1.354314 0.150376
v -0.056129 1.594606 -0.064529
v -0.098534 1.543150 -0.071665
v -0.178286 1.464379 0.083360
v -0.162616 1.468480 0.118898
v -0.199055 1.561200 0.090047
v -0.165253 1.542815 -0.038588
v -0.185238 1.596159 -0.011371
v -0.123456 1.534953 -0.064562
v -0.119826 1.524125 -0.068113
v -0.132605 1.529144 -0.060713
v -0.138680 1.515539 -0.055725
v -0.006105 1.892624 -0.095441
v -0.076844 1.486344 0.174967
v -0.029737 1.487728 0.177988
v -0.094495 1.746448 0.060941
v -0.206373 1.716535 0.030194
v -0.179308 1.684435 0.014681
v -0.177516 1.442388 0.034129
v -0.172872 1.421128 0.003049
v -0.165824 1.440971 0.092675
v -0.036285 1.809267 0.006344
v -0.170493 1.521163 -0.013989
v -0.069874 1.489558 -0.077985
v -0.043996 1.496743 -0.081377
v -0.410373 1.500707 0.066429
v -0.388474 1.447793 0.050430
v -0.469344 1.454064 0.070527
v -0.455565 1.448037 0.044330
v -0.420378 1.420767 0.045583
v -0.442912 1.478671 0.080542
v -0.190502 1.729317 0.136969
v -0.232236 1.706951 0.132618
v -0.394145 1.472250 0.126965
v -0.110812 1.468790 0.156079
v -0.197810 1.647216 0.056326
v -0.118212 1.505011 -0.065458
v -0.192949 1.671697 0.014322
v -0.213583 1.669312 0.021500
v -0.059059 1.702465 0.176001
v -0.061693 1.672848 0.189590
v -0.183755 1.576203 0.169416
v -0.192366 1.632134 0.050783
v -0.194057 1.606996 0.032290
v -0.008424 1.870389 -0.095433
v -0.127035 1.522227 -0.066503
v -0.009171 2.024274 -0.077009
v -0.007498 2.044255 -0.067428
v -0.068645 1.991782 -0.046419
v -0.088681 1.770862 0.126656
v -0.028664 1.646809 -0.039772
v -0.051898 1.662468 -0.035452
v -0.122708 1.755159 0.082625
v -0.034057 1.818663 -0.003111
v -0.203617 1.577600 0.141904
v -0.034086 1.766517 0.142548
v -0.057802 1.769496 0.138028
v -0.459802 1.447285 0.099090
v -0.119901 1.152462 -0.047753
v -0.150136 1.067185 -0.038225
v -0.145857 1.097867 -0.032478
v -0.126348 1.385229 0.114291
v -0.162232 1.369190 0.039191
v -0.003578 0.975229 0.077132
v -0.151999 0.590012 -0.019007
v -0.180199 0.606086 0.024290
v -0.151215 0.676361 -0.029195
v -0.180460 0.644796 0.004278
v -0.176110 0.607685 0.004725
v -0.098989 0.637256 -0.009898
v -0.042387 1.876553 -0.070489
v -0.024882 2.059610 -0.053087
v -0.042638 2.041652 -0.057936
v -0.202419 0.186474 0.052321
v -0.189810 0.193028 0.030116
v -0.177932 0.160262 0.018636
v -0.148823 0.153001 0.094634
v -0.159272 0.146903 0.104896
v -0.184695 0.154269 0.107082
v -0.149588 0.365246 0.016838
v -0.186917 0.358405 0.016365
v -0.219018 0.380782 0.053247
v -0.223848 0.380395 0.084082
v -0.130122 0.404667 0.147725
v -0.103737 0.366671 0.110374
v -0.169873 0.367585 0.010337
v -0.208282 0.373629 0.034319
v -0.118193 0.381842 0.137328
v -0.156412 0.379078 0.147144
v -0.124124 0.456485 0.037326
v -0.190834 0.436321 0.019218
v -0.212799 0.442399 0.045638
v -0.222950 0.429538 0.076452
v -0.221572 0.389015 0.110790
v -0.210545 0.393560 0.129673
v -0.123722 0.454790 0.150788
v -0.089454 0.469097 0.084293
v -0.124090 0.305053 0.056564
v -0.141984 0.258379 0.030685
v -0.184484 0.248016 0.023854
v -0.211355 0.254566 0.074570
v -0.147982 0.261646 0.121950
v -0.126180 0.259727 0.088628
v -0.160229 0.448516 0.009900
v -0.166265 0.245724 0.018505
v -0.200297 0.256779 0.039044
v -0.099582 0.414769 0.125502
v -0.157237 0.436928 0.152909
v -0.140533 0.326004 0.028814
v -0.208361 0.243121 0.086128
v -0.203820 0.304817 0.118094
v -0.135873 0.354228 0.138896
v -0.120259 0.309290 0.108094
v -0.111658 0.330071 0.092365
v -0.163860 0.301873 0.015902
v -0.182496 0.403528 0.147042
v -0.175140 0.246120 0.122900
v -0.142790 0.153933 0.050301
v -0.198944 0.213360 0.101774
v -0.030221 1.823622 -0.020320
v -0.261847 1.680604 0.055139
v -0.402847 1.441679 0.132559
v -0.447369 1.373586 0.115841
v -0.520818 1.307942 0.087481
v -0.517953 1.296927 0.072422
v -0.557226 1.263252 0.055203
v -0.522129 1.292876 0.053176
v -0.571170 1.263002 0.027390
v -0.118563 0.510107 0.025286
v -0.166921 0.159184 0.017134
v -0.185417 1.703449 0.161968
v -0.149133 1.725971 0.148727
v -0.143553 1.752616 0.103121
v -0.186013 0.544645 0.033725
v -0.088341 0.835725 0.131700
v -0.120782 0.803986 0.134688
v -0.137824 0.214594 0.048032
v -0.155993 0.885895 0.126344
v -0.149196 0.918157 0.134547
v -0.083656 0.770559 0.119262
v -0.031533 0.811740 0.076885
v -0.207238 0.503608 0.054854
v -0.195738 0.573720 0.082229
v -0.193682 0.573846 0.057243
v -0.188411 0.890215 0.096041
v -0.163576 0.786333 0.131458
v -0.206985 0.184603 0.070856
v -0.018458 1.135894 -0.080452
v -0.025820 1.060417 -0.072685
v -0.159653 1.315701 0.049354
v -0.196172 1.632805 0.014927
v -0.372943 1.466055 0.048864
v -0.387276 1.486720 0.046566
v -0.047330 1.572564 0.196855
v -0.014791 1.551705 0.186999
v -0.139415 1.467622 0.139130
v -0.123309 1.536588 0.180423
v -0.560845 1.295132 0.019860
v -0.167806 1.363047 -0.004600
v -0.332700 1.449653 0.094827
v -0.371432 1.417117 0.109483
v -0.314484 1.506168 0.135476
v -0.457597 1.391057 0.121648
v -0.502812 1.361158 0.104838
v -0.031968 1.905338 -0.079396
v -0.022462 1.935648 -0.081569
v -0.090172 2.015172 0.013027
v -0.081001 2.007500 -0.019073
v -0.077850 1.897893 0.002849
v -0.060824 1.849506 -0.024115
v -0.053317 1.875541 -0.047015
v -0.088081 1.959181 0.000384
v -0.019869 1.907598 -0.083772
v -0.006492 1.913799 -0.113986
v -0.027924 0.949290 0.119872
v -0.044650 0.905697 0.114813
v -0.007835 0.965819 0.090966
v -0.035096 0.955504 0.146769
v -0.001447 0.999542 0.109724
v -0.004653 0.992757 0.132035
v -0.003769 0.984507 0.098516
v -0.181869 0.977178 0.100588
v -0.189200 1.015932 0.045791
v -0.119859 0.961227 0.165919
v -0.073123 0.939766 0.150420
v -0.052774 1.011991 -0.045785
v -0.190595 1.023564 0.028119
v -0.117221 1.044023 -0.050990
v -0.078642 1.027467 -0.052112
v -0.013539 0.975410 0.024314
v -0.019037 0.980519 0.008661
v -0.009123 0.969672 0.048496
v -0.006988 0.968277 0.064972
v -0.109804 1.172458 0.133762
v -0.002759 1.042527 0.140163
v -0.032104 1.842241 -0.072066
v -0.007232 1.826541 -0.081538
v -0.048745 1.850002 -0.050992
v -0.016275 1.837005 -0.084396
v -0.084760 1.920182 -0.005515
v -0.065320 1.888011 0.073895
v -0.067102 1.888520 -0.027647
v -0.074879 1.908981 -0.043296
v -0.082934 1.917043 -0.024260
v -0.011517 1.884220 -0.097498
v -0.014004 1.863302 -0.088023
v -0.030303 1.876494 -0.081048
v -0.030605 1.879117 -0.082597
v -0.002905 1.898880 -0.097820
v -0.209439 1.610709 0.143237
v -0.209784 1.616238 0.137625
v -0.205611 1.636220 0.105336
v -0.235731 1.644839 0.034146
v -0.081121 1.781019 0.081942
v -0.069421 1.796250 0.071537
v -0.093961 1.763652 0.075384
v -0.220472 1.649214 0.029529
v -0.221509 1.726314 0.039826
v -0.225707 1.706317 0.031598
v -0.232577 1.664727 0.032710
v -0.001985 1.258615 -0.088218
v -0.007328 1.244680 -0.086531
v -0.355003 1.423126 0.092466
v -0.056181 1.086491 -0.063509
v -0.114444 1.093434 -0.046933
v -0.005023 1.922381 -0.083293
v -0.005022 1.925393 -0.084212
v 0.000056 1.448880 0.161635
v -0.024198 1.112396 0.160084
v -0.100232 0.942544 0.157690
v -0.026692 1.259675 0.132623
v -0.034891 1.005541 -0.039154
v -0.192613 1.654835 0.174344
v -0.010319 0.974129 0.127987
v -0.563227 1.335456 0.046256
v -0.147278 0.769359 0.132189
v -0.167597 1.065292 -0.028032
v -0.191028 1.517646 0.091585
v -0.413929 1.476665 0.116070
v -0.013499 0.928076 0.071578
v -0.098448 1.290353 -0.061511
v -0.084396 0.717638 -0.024641
v -0.177038 1.444014 0.020940
v -0.016367 1.988850 -0.088068
v -0.160468 0.160559 0.020258
v -0.062903 1.612261 0.200180
v -0.385947 1.423310 0.058006
v -0.205039 1.585210 0.123691
v -0.109881 1.384871 -0.061663
v -0.020574 1.805336 0.121819
v -0.063529 0.629556 0.059749
v -0.169722 0.587437 -0.005895
v -0.002281 1.678872 -0.020164
v -0.213374 1.619177 0.148230
v -0.362191 1.525224 0.129187
v -0.087844 0.960254 0.175554
v -0.134129 1.301898 0.099134
v -0.165782 1.390965 -0.006988
v -0.582409 1.278326 0.079007
v -0.191226 0.553473 0.105670
v -0.062494 2.032073 0.120487
v -0.198073 0.673315 0.016584
v -0.371088 1.468879 0.130576
v -0.050394 0.856297 -0.008556
v -0.065423 0.899997 0.128911
v -0.191321 0.976536 -0.009859
v -0.394178 1.493971 0.124343
v -0.079472 1.542481 0.191141
v -0.135323 1.608387 0.198695
v -0.059465 1.939470 0.118160
v -0.009587 1.876940 -0.093188
v -0.039237 0.809910 0.093021
v -0.083615 0.805150 -0.044997
v -0.083439 0.545561 0.042883
v -0.147418 1.241830 0.064195
v -0.187991 0.257136 0.120499
v -0.050738 1.837666 0.000049
v -0.484496 1.427895 0.045827
v -0.193771 0.925532 0.088248
v -0.208038 1.621253 0.122762
v -0.079923 1.411207 0.149029
v -0.107319 1.485657 -0.062574
v -0.087850 0.518101 0.075059
v -0.501898 1.412403 0.064611
v -0.269158 1.627154 0.040063
v -0.136868 1.754768 0.090627
v -0.227016 1.602695 0.137898
v -0.065396 1.004648 -0.048565
v -0.138635 0.181779 0.064193
v -0.135209 1.219151 0.102701
v -0.207942 1.623551 0.159680
v -0.161307 1.559574 0.178215
v -0.163893 0.981224 0.131966
v -0.201201 0.731830 -0.005075
v -0.043600 2.083865 0.065264
v -0.169515 0.650786 -0.011408
v -0.124253 0.684544 -0.031244
v -0.595712 1.290705 0.063819
v -0.230641 1.734247 0.084553
v -0.140066 0.959206 0.152847
v -0.084968 1.509300 -0.079971
v -0.587651 1.302625 0.047307
v -0.256931 1.597209 0.154774
v -0.042403 1.002297 0.179871
v -0.437176 1.483034 0.071981
v -0.067391 0.685119 0.087009
v -0.092510 1.576588 0.195005
v -0.094747 0.533076 0.104969
v -0.030221 2.073155 -0.030145
v -0.055693 2.003358 -0.061866
v -0.074475 0.625548 0.091896
v -0.135896 0.992994 0.164660
v -0.254265 1.551273 0.134653
v -0.177780 1.548743 -0.002582
v -0.553789 1.272585 0.069119
v -0.148716 1.747731 0.119237
v -0.157692 1.146395 -0.014784
v -0.399220 1.429340 0.131762
v -0.017593 0.983032 0.003874
v -0.094064 1.479943 -0.067750
v 0.001923 1.411350 -0.089898
v -0.115427 0.334891 0.065474
v -0.206215 1.652544 0.022291
v -0.218060 0.374314 0.115813
v -0.129284 0.300120 0.117950
v -0.020758 0.903753 0.083475
v -0.175614 0.439979 0.010837
v -0.197153 1.578970 0.156447
v -0.171006 1.150370 0.020360
v -0.220375 1.639542 0.036253
v -0.040505 2.038105 0.132918
v -0.147594 1.238448 -0.008885
v -0.117932 0.977885 -0.064937
v -0.398483 1.392556 0.108182
v -0.185240 0.492200 0.024624
v -0.153310 1.693966 0.170806
v -0.171841 0.878829 -0.055850
v -0.046148 0.763483 0.068016
v -0.208268 0.925000 0.034984
v -0.070184 0.641429 0.024699
v -0.467015 1.331686 0.064755
v -0.028798 1.867526 0.108683
v -0.334501 1.509954 0.137216
v -0.173808 0.756332 -0.041427
v -0.388267 1.532941 0.079076
v -0.129740 1.241222 -0.039807
v -0.115745 1.090395 0.166484
v -0.168609 1.603966 -0.029574
v -0.071622 1.054552 0.186555
v -0.175668 1.534657 0.154162
v -0.013821 2.051168 0.132800
v -0.198530 0.394515 0.139493
v -0.092448 1.776255 0.099669
v -0.388371 1.526122 0.106484
v -0.162008 1.002099 -0.041920
v -0.195901 0.658008 0.084752
v -0.313493 1.581350 0.139887
v -0.091709 1.220160 0.121123
v -0.202126 1.562801 0.130191
v -0.204796 0.851861 -0.017962
v -0.176196 0.881308 0.110169
v -0.183353 0.493776 0.139962
v -0.133003 0.601811 -0.021748
v -0.176673 0.698481 -0.024586
v -0.168192 1.748956 0.082685
v -0.201244 1.649857 0.017435
v -0.207012 1.644361 0.035516
v -0.035122 1.887415 -0.077027
v -0.152898 0.496364 0.147934
v -0.059958 1.312826 0.134444
v -0.107632 0.457661 0.140827
v -0.058875 1.828680 0.071909
v -0.137091 1.397507 -0.043738
v -0.239766 1.680805 0.038011
v -0.234873 1.668192 0.154558
v -0.009372 1.804301 -0.006709
v -0.271125 1.634814 0.153254
v -0.003463 1.785448 -0.000832
v -0.056738 0.940988 0.140569
v -0.099543 1.344744 0.134023
v -0.128983 0.879158 -0.066308
v -0.266010 1.691046 0.078579
v -0.379838 1.478144 0.045532
v -0.055863 1.729475 0.018192
v -0.007104 1.899497 -0.094254
v -0.051223 1.901540 -0.071748
v -0.016491 2.024005 0.146094
v -0.212839 0.502928 0.074680
v -0.011093 1.023286 0.153915
v -0.089166 0.575133 0.026764
v -0.513909 1.367940 0.100422
v -0.056893 1.678016 -0.025084
v -0.483503 1.398694 0.032697
v -0.193017 0.784745 0.109760
v -0.122492 0.753080 -0.051220
v -0.332335 1.596773 0.085433
v -0.106272 0.902633 0.141885
v -0.035836 0.997749 -0.030329
v -0.168910 0.531645 0.013014
v -0.345432 1.467072 0.054132
v -0.026046 1.827941 -0.067430
v -0.563878 1.261381 0.068938
v -0.214106 1.722476 0.133824
v -0.147222 1.496103 -0.033660
v -0.211731 1.744633 0.073914
v -0.033355 1.175672 -0.084584
v -0.022563 0.955169 0.017591
v -0.160851 1.195463 0.026736
v -0.013373 0.940326 0.050196
v -0.026203 0.895202 0.018650
v -0.171621 1.431399 0.060612
v -0.531561 1.370696 0.077272
v -0.134841 0.566645 -0.009170
v -0.127149 0.534297 0.138006
v -0.203826 0.143367 0.046529
v -0.210181 0.139916 0.064823
v -0.049840 1.719211 0.008083
v -0.187659 1.538319 0.142843
v -0.122935 1.209472 -0.048093
v -0.140419 0.179936 0.085974
v -0.173625 0.938357 0.116837
v -0.029471 0.907184 0.099620
v -0.046273 1.875725 -0.060651
v -0.167532 0.507811 0.014457
v -0.202661 0.510207 0.117249
v -0.286503 1.647030 0.130771
v -0.000941 0.984163 0.092287
v -0.222653 1.636042 0.157873
v -0.040849 1.018441 -0.049394
v -0.031744 1.056163 0.174516
v -0.109278 1.701777 0.177441
v -0.548973 1.333424 0.083093
v -0.145908 1.561190 0.185072
v -0.081585 1.607514 -0.058237
v -0.204917 0.138715 0.083781
v -0.036303 1.968209 0.145299
v -0.191155 0.599941 0.086999
v -0.086553 0.558219 0.090995
v -0.178137 1.490916 0.110282
v -0.161404 1.108747 -0.019064
v -0.410785 1.484963 0.057797
v -0.494847 1.403990 0.093528
v -0.092251 0.411998 0.098108
v -0.298589 1.635122 0.064976
v -0.170888 0.558517 0.121211
v -0.079808 1.976188 -0.027163
v -0.194418 1.587854 0.036020
v -0.120548 1.666799 -0.022474
v -0.037293 1.771360 0.015414
v -0.016158 0.953714 0.106733
v -0.060991 0.702571 0.073598
v -0.087242 1.421397 -0.078996
v -0.013344 1.925151 -0.094020
v -0.054173 1.803457 0.025635
v -0.096444 0.532361 0.033947
v -0.167701 1.728958 0.045291
v -0.532323 1.299574 0.031176
v -0.294994 1.518442 0.056629
v -0.342792 1.467117 0.117435
v -0.187810 1.062927 0.008271
v -0.201754 1.642282 0.085484
v -0.140863 0.885587 0.135171
v -0.152060 1.344087 -0.036355
v -0.462087 1.458099 0.056613
v -0.310778 1.491413 0.124908
v -0.213782 0.816514 0.031937
v -0.059041 0.836204 0.119207
v -0.161968 0.248805 0.123427
v -0.063192 1.829427 0.033495
v -0.054679 1.382881 0.150502
v -0.099931 1.738762 0.154410
v -0.405978 1.469816 0.051349
v -0.071815 1.765778 0.054899
v -0.022316 0.864809 0.057696
v -0.102046 1.124282 0.161095
v -0.159202 1.277151 -0.008251
v -0.020391 1.876275 -0.089490
v -0.151778 0.311715 0.019970
v -0.110970 1.609850 0.202966
v -0.057834 1.459691 -0.082237
v -0.153280 0.160978 0.027608
v -0.051240 1.829350 0.013166
v -0.024973 1.326959 0.144508
v -0.092412 0.506279 0.059831
v -0.056804 0.715112 0.052595
v -0.051433 0.808434 0.002630
v -0.161741 0.679609 0.111035
v -0.208243 0.511311 0.101153
v -0.095912 0.586576 0.104051
v -0.099648 1.264742 0.119741
v -0.074552 1.250397 -0.073703
v -0.040725 1.304905 0.138677
v -0.195974 1.679804 0.168890
v -0.162447 1.737656 0.054631
v -0.063434 1.780096 0.047580
v -0.035614 1.699241 -0.008660
v -0.149472 1.272778 0.063465
v -0.047876 1.412955 -0.093617
v -0.078550 0.998228 0.187304
v -0.115503 1.628780 0.201454
v -0.193155 0.153169 0.031340
v -0.207395 0.237503 0.054263
v -0.115378 0.373602 0.054313
v -0.066872 0.760754 0.107691
v -0.359907 1.443911 0.122856
v -0.060674 1.814232 0.077875
v -0.008221 1.904399 -0.092074
v -0.004168 1.907735 -0.091758
v -0.005874 1.910802 -0.090576
v -0.013271 1.904367 -0.094066
v -0.076845 1.922935 0.030880
v -0.078113 1.915765 0.028879
v -0.073766 1.918423 0.019289
v -0.075247 1.921201 0.018949
v -0.077278 1.923684 0.025384
v -0.076366 1.918386 0.030711
v -0.073505 1.922835 0.027097
v -0.073115 1.918717 0.028143
v -0.075584 1.917890 0.025706
v -0.092937 1.985251 0.071900
v -0.082957 1.914164 0.049005
v -0.108172 1.956849 0.051382
v -0.103112 1.915177 0.054978
v -0.088812 1.894361 0.030839
v -0.082178 1.895406 0.025197
v -0.093784 1.956002 0.030747
v -0.101641 1.951691 0.063261
v -0.090188 1.902172 0.040389
v -0.078551 1.898908 0.026311
v -0.090975 1.921070 0.050375
v -0.084627 1.914927 0.023448
v -0.097569 1.914664 0.057212
v -0.092772 1.915131 0.051165
v -0.074915 1.902460 0.052419
v -0.103401 1.935387 0.066972
v -0.098107 1.946724 0.056164
v -0.099290 1.953773 0.035706
v -0.105475 1.950333 0.054588
v -0.093784 1.943768 0.030542
v -0.091196 1.917093 0.034508
v -0.103804 1.934662 0.058803
v -0.099812 1.916807 0.050464
v -0.093135 1.949654 0.034750
v -0.087363 1.937496 0.034234
v -0.101653 1.924672 0.048912
v -0.089793 1.932334 0.049600
v -0.086924 1.899978 0.024484
v -0.097437 1.902557 0.039358
v -0.085431 1.935858 0.042602
v -0.095391 1.933476 0.048488
v -0.090604 1.941054 0.037432
v -0.099722 1.934710 0.050503
v -0.100755 1.931300 0.057963
v -0.096445 1.950103 0.053456
v -0.097065 1.940364 0.058725
v -0.096102 1.928710 0.059718
v -0.093245 1.953813 0.052804
v -0.080069 1.902058 0.027280
v -0.083871 1.923940 0.061797
v -0.086089 1.906587 0.032693
v -0.086990 1.973052 0.089060
v -0.073327 1.910931 0.070935
v -0.084459 1.914827 0.039169
v -0.086543 1.925706 0.028907
v -0.089169 1.932379 0.033885
v -0.087077 1.913883 0.028418
v -0.089312 1.923566 0.026429
v -0.084332 1.926725 0.033544
v -0.097630 1.955749 0.041054
v -0.095458 1.989872 0.050897
v -0.093671 1.962641 0.038848
v -0.085954 1.919383 0.047438
v -0.096975 1.918181 0.044279
v -0.074381 1.895728 0.025576
v -0.091048 1.941158 0.026214
v -0.073675 1.893335 0.042931
v -0.091775 1.948725 0.041945
v -0.087619 1.938140 0.065293
v -0.096022 1.946783 0.048491
v -0.100014 1.962922 0.048459
v -0.107597 1.938288 0.061544
v -0.102573 1.944156 0.060515
v -0.103471 1.955858 0.044579
v -0.086814 1.930550 0.019145
v -0.077240 1.899924 0.018113
v -0.093896 1.987440 0.028910
v -0.087913 1.921520 0.029176
v -0.092934 1.906094 0.029558
v -0.091782 1.941937 0.060912
v -0.088767 1.924645 0.058963
v -0.081708 1.908038 0.020223
v -0.106459 1.954858 0.059871
v -0.084232 1.923299 0.044386
v -0.101501 1.954859 0.053610
v -0.087400 1.929030 0.045440
v -0.100978 1.912994 0.056443
v -0.079241 1.901534 0.021088
v -0.102041 1.960174 0.040024
v -0.085237 1.916206 0.027272
v -0.095463 1.960554 0.040890
v -0.006407 1.913886 -0.095767
v -0.002958 1.916368 -0.092184
v -0.004735 1.912258 -0.095466
v -0.008252 1.907326 -0.088786
v -0.007787 1.912408 -0.091551
v -0.008627 1.974648 -0.087126
v -0.046046 1.968316 -0.062443
v -0.048985 1.955380 -0.059307
v -0.029499 1.954437 -0.063980
v -0.041586 1.966236 -0.057295
v -0.038314 1.953421 -0.060842
v -0.036555 1.961011 -0.056213
v -0.029216 1.960732 -0.061804
v -0.016369 1.958099 -0.075866
v -0.070960 1.955955 -0.052321
v -0.056975 1.965135 -0.069545
v -0.054135 1.929313 -0.066281
v -0.065034 1.972934 -0.060297
v -0.041091 1.987723 -0.080737
v -0.033436 1.931837 -0.075486
v -0.022323 1.982017 -0.085775
v -0.075618 1.929338 -0.052943
v -0.039509 1.945194 -0.070121
v -0.051310 1.967128 -0.071590
v -0.055197 1.947493 -0.064704
v -0.022201 1.958490 -0.069459
v -0.037007 1.969540 -0.074426
v -0.042400 1.970199 -0.075798
v -0.024956 1.952830 -0.071161
v -0.066356 1.956313 -0.056554
v -0.025936 1.967454 -0.075531
v -0.028593 1.960757 -0.067979
v -0.052606 1.963176 -0.059506
v -0.031311 1.967145 -0.066042
v -0.048172 1.964380 -0.071749
v -0.055314 1.958871 -0.062922
v -0.024291 1.957857 -0.068116
v -0.035558 1.953908 -0.074257
v -0.057181 1.958469 -0.063103
v -0.023952 1.957800 -0.069482
v -0.046059 1.952373 -0.072328
v -0.028831 1.957422 -0.068283
v -0.053840 1.962073 -0.068912
v -0.020076 1.953479 -0.072884
v -0.030535 1.956570 -0.071362
v -0.029351 1.962587 -0.070679
v -0.053206 1.955747 -0.067840
v -0.036798 1.966091 -0.073957
v -0.220658 0.016055 0.057755
v -0.217319 0.035326 0.082841
v -0.137917 0.025578 0.081538
v -0.148614 0.111771 0.014550
v -0.165595 0.044949 0.122536
v -0.201964 0.120241 0.027833
v -0.202984 0.099465 0.023409
v -0.174034 0.123769 0.105992
v -0.183528 0.113044 0.101414
v -0.169632 0.099827 -0.007157
v -0.228424 0.046276 -0.000586
v -0.210101 0.132396 0.077618
v -0.235553 0.005109 -0.017424
v -0.153707 0.065001 -0.052711
v -0.205789 0.055449 -0.048336
v -0.185194 0.061127 -0.059057
v -0.172793 -0.002430 -0.067492
v -0.212450 -0.007449 -0.049486
v -0.143222 0.033724 0.043390
v -0.155840 0.022711 0.032716
v -0.217744 0.117979 0.053404
v -0.189164 0.051859 0.120950
v -0.159316 0.092646 0.110614
v -0.143891 0.143471 0.078498
v -0.251434 0.019279 -0.057431
v -0.252545 0.018357 -0.090969
v -0.159572 0.032762 -0.118208
v -0.186366 0.002975 -0.135327
v -0.198029 0.003485 -0.139489
v -0.209796 0.000402 -0.131716
v -0.231341 0.000699 -0.116758
v -0.194539 -0.002420 -0.162955
v -0.185568 -0.006291 -0.149670
v -0.163863 -0.007750 -0.155228
v -0.207149 0.006476 -0.133518
v -0.182153 -0.002631 -0.143165
v -0.212510 0.027196 -0.125497
v -0.225396 0.021154 -0.120120
v -0.240069 0.019608 -0.103516
v -0.188364 0.012154 -0.134745
v -0.173255 0.015028 -0.183057
v -0.187363 0.012066 -0.143682
v -0.244645 0.027536 -0.061621
v -0.226014 0.027604 -0.093485
v -0.147463 0.027742 -0.076950
v -0.143601 0.094786 0.015720
v -0.136011 0.111800 0.040410
v -0.166942 -0.008775 -0.088694
v -0.220338 -0.009182 -0.095812
v -0.234183 -0.008266 -0.060275
v -0.192615 0.109646 0.015888
v -0.175709 -0.005123 0.097655
v -0.192025 -0.005236 0.085347
v -0.220402 0.004252 0.029024
v -0.166971 0.038221 -0.102773
v -0.179543 0.018966 -0.162617
v -0.200651 0.000812 -0.136461
v -0.202464 0.025410 -0.148648
v -0.233548 0.025331 -0.088744
v -0.225025 0.000040 -0.122495
v -0.211974 0.032784 -0.101009
v -0.216645 -0.002100 -0.128198
v -0.213546 0.024039 -0.142006
v -0.206700 -0.008772 -0.119882
v -0.168281 0.057398 -0.074323
v -0.205664 -0.001664 -0.027581
v -0.144938 0.051488 0.101005
v -0.209715 0.046171 0.100563
v -0.228872 0.016198 0.029073
v -0.220393 0.024723 -0.123851
v -0.162059 -0.003746 -0.170895
v -0.172416 -0.010886 -0.163926
v -0.139000 0.129598 0.034872
v -0.206915 -0.007498 -0.125940
v -0.211440 0.005286 -0.140481
v -0.249392 0.016046 -0.118620
v -0.237002 0.019484 -0.132876
v -0.241003 0.016209 -0.132569
v -0.211297 -0.000302 -0.160365
v -0.209112 0.014628 -0.159907
v -0.225279 0.004595 -0.163915
v -0.241617 -0.000696 -0.147733
v -0.239596 0.001383 -0.150657
v -0.234151 -0.006275 -0.135505
v -0.237190 0.012684 -0.142108
v -0.187304 0.013942 -0.186658
v -0.190974 0.017105 -0.134561
v -0.189984 -0.002518 -0.053389
v -0.249907 0.007289 -0.049877
v -0.186396 -0.009745 -0.162681
v -0.148648 0.002454 -0.105525
v -0.208660 0.015665 -0.137362
v -0.254571 0.011554 -0.100535
v -0.200444 0.005466 -0.175877
v -0.192201 0.004173 -0.185202
v -0.178751 0.049001 0.125237
v -0.201718 -0.004778 -0.131020
v -0.236254 -0.004433 -0.108752
v -0.169483 0.015480 -0.170523
v -0.172067 0.073909 -0.046411
v -0.186352 0.022630 -0.129120
v -0.231322 -0.006647 -0.146011
v -0.242450 0.010196 -0.131540
v -0.255041 0.003561 -0.074591
v -0.141415 0.052026 -0.014320
v -0.225609 -0.003864 -0.153642
v -0.194210 0.011049 -0.159350
v -0.221994 0.047497 -0.038404
v -0.190514 0.012641 -0.133866
v -0.203832 0.008545 0.109706
v -0.181345 0.009160 -0.190403
v -0.175202 0.023697 -0.144595
v -0.174920 0.030161 -0.130465
v -0.240214 -0.002502 -0.107764
v -0.198715 0.029632 -0.124262
v -0.232468 0.041007 -0.020729
v -0.190782 0.003036 0.115864
v -0.202905 0.002138 -0.149159
v -0.141473 0.066645 0.072309
v -0.196429 0.038443 -0.100058
v -0.252004 0.004227 -0.101635
v -0.157554 -0.004504 -0.116718
v -0.205798 0.024510 -0.132326
v -0.208049 0.018726 -0.135970
v -0.224709 0.012680 -0.126906
v -0.240049 0.005438 -0.145759
v -0.156031 0.006901 -0.149472
v -0.237909 -0.005794 -0.147783
v -0.163608 -0.003556 -0.148108
v -0.207182 0.090371 0.082636
v -0.204873 0.075415 -0.013192
v -0.209315 0.009274 -0.168278
v -0.164483 0.084032 0.116474
v -0.227402 -0.005066 -0.136721
v -0.140610 0.089506 0.037588
v -0.255351 0.011702 -0.067416
v -0.157270 0.024870 0.005598
v -0.156367 0.005137 -0.131747
v -0.209927 0.010057 -0.154168
v -0.192465 -0.006998 -0.089959
v -0.196379 0.077800 0.101040
v -0.225252 0.006467 -0.142948
v -0.233334 0.002297 -0.122724
v -0.207243 -0.003223 0.059519
v -0.212654 0.084082 0.072023
v -0.213379 -0.004166 -0.153651
v -0.238245 0.014322 -0.009493
v -0.162460 0.014062 -0.031440
v -0.234678 0.004482 -0.112884
v -0.158115 0.005938 -0.167852
v -0.158367 0.109402 0.007047
v -0.191748 0.019505 0.122881
v -0.136208 0.133176 0.061531
v -0.161149 0.013959 -0.161338
v -0.219734 0.101797 0.060274
v -0.228558 -0.007970 -0.109186
v -0.150182 0.005087 0.104308
v -0.141289 0.063388 -0.016222
v -0.156629 0.001514 -0.154479
v -0.177833 -0.009438 -0.150196
v -0.176752 0.005932 -0.032127
v -0.255298 0.004281 -0.088687
v -0.192372 0.012685 -0.166291
v -0.213942 0.014822 0.091385
v -0.233855 -0.001734 -0.152571
v -0.221327 0.005638 -0.126995
v -0.232041 0.018829 -0.134819
v -0.187593 0.003867 -0.142304
v -0.197244 0.005176 -0.148007
v -0.210923 0.000892 0.080482
v -0.194778 0.022972 -0.147397
v -0.148211 0.019165 0.113045
v -0.182302 0.113034 0.009345
v -0.250293 -0.002607 -0.090368
v -0.209574 0.091710 0.037556
v -0.233269 0.032345 0.005650
v -0.208402 0.002698 0.022391
v -0.206895 0.027772 -0.121320
v -0.244467 0.024629 -0.075659
v -0.197848 -0.003988 0.055947
v -0.195624 0.005212 -0.172174
v -0.189236 -0.005039 -0.177644
v -0.190110 0.025268 -0.128229
v -0.173935 0.111797 0.006671
v -0.202817 -0.007956 -0.073150
v -0.226436 0.016470 -0.142547
v -0.165892 -0.003239 0.066589
v -0.140274 0.013747 0.093856
v -0.159105 0.108373 0.103425
v -0.147360 0.007354 0.067175
v -0.236593 0.000839 -0.110972
v -0.239272 0.015140 -0.108526
v -0.178691 0.005168 0.119639
v -0.217715 0.002450 -0.139064
v -0.161359 0.020750 -0.139430
v -0.218041 0.065362 0.009308
v -0.240650 -0.006504 -0.101293
v -0.220570 0.003213 -0.139160
v -0.249553 -0.002790 -0.069344
v -0.194383 0.007877 -0.152448
v -0.170035 0.003604 -0.186136
v -0.192898 0.004197 0.029377
v -0.216837 0.004530 -0.166566
v -0.185453 0.031013 -0.113423
v -0.238423 0.011294 -0.118665
v -0.181702 -0.010997 -0.115089
v -0.230170 0.000837 -0.151849
v -0.243290 0.014671 -0.121936
v -0.227117 0.000551 -0.126930
v -0.151204 0.096187 -0.001644
v -0.223093 0.013780 -0.125287
v -0.162718 0.003387 0.116140
v -0.183580 0.017623 -0.146232
v -0.237201 0.009187 -0.110425
v -0.219482 0.040619 -0.074703
v -0.140742 0.089375 0.061402
v -0.243366 -0.007462 -0.084335
v -0.225289 -0.003468 -0.144413
v -0.193013 0.012082 -0.180985
v -0.176137 0.011767 0.007160
v -0.169991 0.018762 -0.163972
v -0.219025 0.016420 -0.157080
v -0.156570 0.013493 -0.136174
v -0.222671 0.042481 0.045681
v -0.175345 0.090067 -0.026751
v -0.160595 0.084550 -0.032543
v -0.197404 0.069869 -0.035406
v -0.170628 0.108850 0.107470
v -0.151999 0.000239 0.087574
v -0.202123 -0.002395 0.089659
v -0.141925 0.047824 0.021003
v -0.214834 0.073254 0.051353
v -0.147386 0.005563 -0.091474
v -0.149728 0.027728 -0.035602
v -0.143970 0.042550 -0.040730
v -0.155757 0.038775 -0.087138
v -0.154662 -0.003146 -0.087029
v -0.165235 0.010885 0.041152
v -0.214006 0.082757 0.052260
v -0.203091 0.040542 0.113863
v -0.152287 0.093730 0.087258
v -0.144498 0.061526 -0.039517
v -0.243921 -0.002147 -0.106303
v -0.161250 -0.000425 -0.132187
v -0.179181 -0.002654 -0.185175
v -0.191097 -0.000487 -0.133977
v -0.236839 0.020852 -0.114240
v -0.145593 0.016040 -0.106921
v -0.151597 0.026040 -0.115040
v -0.222587 0.022803 -0.118308
v -0.226180 -0.000498 -0.021395
v -0.174487 0.010278 0.028074
v -0.177475 -0.004123 -0.134854
v -0.168498 0.024268 -0.142423
v -0.168576 -0.009491 -0.118369
v -0.152576 0.055210 0.114095
v -0.211082 0.067103 0.081070
v -0.225502 0.008205 0.027027
v -0.223192 0.022514 -0.142093
v -0.254366 0.011231 -0.119155
v -0.197078 0.009648 -0.170016
v -0.232509 0.002267 -0.152207
v -0.240861 -0.003728 -0.138246
v -0.226476 0.005268 -0.144388
v -0.232314 0.007467 -0.146580
v -0.206110 0.001493 -0.177626
v -0.196806 -0.001171 -0.172062
v -0.216578 0.009436 -0.161367
v -0.228791 0.005249 -0.158841
v -0.221813 0.002642 -0.167432
v -0.211982 0.010349 -0.157342
v -0.216830 -0.003952 -0.163271
v -0.225528 -0.001124 -0.163716
v -0.186410 0.014701 -0.165757
v -0.190703 0.014574 -0.180114
v -0.179926 0.016880 -0.184523
v -0.177136 0.017365 -0.166093
v -0.184826 0.017729 -0.184546
v -0.175962 0.017225 -0.185424
v -0.205020 -0.006617 -0.164530
v -0.205832 0.005555 -0.147287
v -0.211619 -0.001901 -0.161144
v -0.202306 -0.005069 -0.172041
v -0.209426 0.006013 -0.174754
v -0.213479 0.005687 -0.166724
v -0.196844 -0.002630 -0.160043
v -0.200165 0.001592 -0.176815
v -0.212576 -0.000843 -0.173004
v -0.203782 0.012496 -0.167502
v -0.205929 0.006292 -0.176534
v -0.242695 0.001675 -0.131695
v -0.249865 0.003149 -0.127457
v -0.253918 -0.000344 -0.121770
v -0.243541 -0.007779 -0.120222
v -0.235785 -0.002985 -0.118759
v -0.243284 0.005606 -0.128651
v -0.249644 -0.005762 -0.119290
v -0.236939 0.002786 -0.127349
v -0.250159 0.010286 -0.125645
v -0.238947 -0.005369 -0.125991
v -0.249134 0.000301 -0.130751
v -0.247500 -0.005652 -0.128711
v -0.242309 -0.003317 -0.131340
v -0.246795 0.001729 -0.132206
v -0.236121 0.002309 -0.152727
v -0.221016 0.005546 -0.166147
v -0.224607 0.009121 -0.159640
v -0.221810 0.005676 -0.167841
v -0.003187 1.921995 -0.091965
v -0.007162 1.922193 -0.089945
v -0.006573 1.923689 -0.091044
v -0.004615 1.921223 -0.089823
v -0.617110 1.209945 0.078021
v -0.641215 1.224323 0.057491
v -0.678697 1.174429 0.006652
v -0.581263 1.231991 0.059213
v -0.578430 1.230519 0.009033
v -0.621228 1.190892 -0.033524
v -0.677077 1.184005 0.017243
v -0.616951 1.215385 -0.044658
v -0.631952 1.184372 0.063969
v -0.637371 1.184431 0.017402
v -0.671240 1.181604 0.000536
v -0.618499 1.195805 0.069594
v -0.633081 1.202923 0.078893
v -0.604387 1.202425 -0.028841
v -0.573159 1.251158 0.057853
v -0.598088 1.269009 0.071347
v -0.584118 1.285806 0.011073
v -0.578818 1.242639 -0.001499
v -0.596615 1.268602 -0.000483
v -0.640021 1.237964 0.036732
v -0.584363 1.219139 0.009075
v -0.619031 1.200509 -0.024625
v -0.661644 1.165646 0.046102
v -0.621473 1.221460 -0.027907
v -0.617355 1.193988 0.062248
v -0.576640 1.250482 0.027399
v -0.615342 1.203325 -0.051091
v -0.580930 1.236740 0.036204
v -0.572162 1.252711 0.040806
v -0.672723 1.191689 -0.011725
v -0.666538 1.189747 -0.019429
v -0.671222 1.180025 0.003276
v -0.649194 1.167493 0.038147
v -0.622591 1.207314 -0.025999
v -0.666539 1.177943 0.054234
v -0.672441 1.173452 0.027316
v -0.662530 1.203253 0.041046
v -0.685787 1.153117 0.069115
v -0.671345 1.158316 0.056028
v -0.678328 1.169204 0.066418
v -0.690308 1.144964 0.058720
v -0.679295 1.139539 0.066140
v -0.615773 1.185986 -0.048362
v -0.628882 1.196109 -0.040216
v -0.690070 1.127952 -0.018564
v -0.680377 1.169152 -0.018738
v -0.680122 1.143270 -0.012645
v -0.685904 1.125161 -0.032008
v -0.695478 1.153500 0.032991
v -0.690389 1.155637 0.042311
v -0.683060 1.145534 0.045350
v -0.684302 1.145814 0.028088
v -0.700644 1.120565 0.043699
v -0.697375 1.119344 0.034892
v -0.701061 1.119882 0.028094
v -0.683778 1.169590 0.009610
v -0.707957 1.121683 -0.006832
v -0.710305 1.123738 0.000146
v -0.709232 1.113387 0.010060
v -0.703129 1.103924 -0.001500
v -0.706739 1.103523 -0.007878
v -0.723588 1.096317 0.002458
v -0.603758 1.265777 -0.001770
v -0.603949 1.250135 0.071972
v -0.720111 1.102699 0.040870
v -0.706073 1.106114 -0.030811
v -0.663359 1.162966 0.035145
v -0.586627 1.224263 0.045679
v -0.639913 1.175801 -0.058348
v -0.691726 1.147523 0.027130
v -0.707787 1.120469 0.009848
v -0.696884 1.128606 0.058059
v -0.623744 1.205170 -0.047954
v -0.716759 1.099169 0.028906
v -0.656148 1.170369 0.053651
v -0.644554 1.233733 0.023556
v -0.610753 1.256554 0.065642
v -0.582631 1.256523 0.070293
v -0.655050 1.166673 0.027262
v -0.577008 1.252262 0.065494
v -0.664930 1.192409 0.062286
v -0.659767 1.166325 -0.000735
v -0.665181 1.197773 0.006297
v -0.679406 1.143980 0.036415
v -0.706425 1.103294 0.033931
v -0.612483 1.262028 0.001660
v -0.632872 1.185430 0.049879
v -0.690631 1.125462 0.011402
v -0.656655 1.201568 0.062880
v -0.607180 1.212992 0.028914
v -0.633604 1.187151 0.072744
v -0.592553 1.224184 -0.026769
v -0.709551 1.103242 0.007564
v -0.622956 1.256044 0.013565
v -0.642988 1.183729 0.074540
v -0.672105 1.149900 0.060533
v -0.622026 1.184475 -0.041148
v -0.662210 1.169313 0.048703
v -0.714624 1.099884 0.038909
v -0.621733 1.190420 -0.057281
v -0.687655 1.164821 0.036567
v -0.689816 1.123268 -0.023559
v -0.694771 1.114473 -0.040873
v -0.666306 1.159024 0.071053
v -0.708703 1.122048 0.026259
v -0.690743 1.147954 -0.027370
v -0.665924 1.169829 -0.002513
v -0.671837 1.180235 0.025599
v -0.673280 1.188842 -0.006204
v -0.664446 1.174953 0.049167
v -0.625084 1.226157 -0.021263
v -0.665361 1.190090 0.049512
v -0.704778 1.110046 0.042353
v -0.685180 1.146650 0.073137
v -0.684932 1.141943 -0.001915
v -0.644543 1.173242 0.026358
v -0.722287 1.099380 -0.009412
v -0.697425 1.123337 -0.021435
v -0.665713 1.166390 0.071933
v -0.647022 1.172869 0.069136
v -0.654703 1.165515 0.009456
v -0.699728 1.143957 0.001860
v -0.611720 1.232455 -0.037266
v -0.711456 1.105540 -0.010621
v -0.575461 1.277750 0.014737
v -0.704796 1.103423 0.004049
v -0.637180 1.182103 -0.006459
v -0.723567 1.102773 0.028616
v -0.624524 1.196751 -0.055184
v -0.701957 1.115605 0.010633
v -0.655755 1.164107 0.038727
v -0.716343 1.112305 -0.004962
v -0.617347 1.232990 -0.033210
v -0.674063 1.144346 -0.024663
v -0.623418 1.202247 -0.021708
v -0.583377 1.225916 -0.009168
v -0.635966 1.204117 -0.021295
v -0.652634 1.184256 0.073539
v -0.629490 1.219478 -0.020265
v -0.676656 1.180318 0.042014
v -0.685149 1.162979 0.016345
v -0.617197 1.188744 -0.035805
v -0.676917 1.179759 0.032704
v -0.608671 1.200956 -0.024074
v -0.614270 1.199819 -0.001189
v -0.695806 1.121868 0.065115
v -0.674617 1.178319 0.021576
v -0.585477 1.269130 0.005150
v -0.649991 1.180676 -0.021421
v -0.668304 1.168065 0.025835
v -0.647503 1.191904 -0.020075
v -0.641055 1.174381 0.048621
v -0.697169 1.146203 0.010771
v -0.602468 1.226388 -0.037092
v -0.636766 1.182104 -0.048746
v -0.617446 1.264081 0.037017
v -0.691933 1.141073 0.016491
v -0.647159 1.198680 0.073217
v -0.663054 1.155833 -0.012620
v -0.611544 1.214978 -0.043746
v -0.665411 1.198398 0.027298
v -0.588378 1.232287 0.070767
v -0.698520 1.127418 0.071748
v -0.704219 1.137946 0.029943
v -0.612911 1.259880 0.060331
v -0.665880 1.161130 0.019650
v -0.617712 1.233576 0.075594
v -0.711047 1.125487 0.033466
v -0.698421 1.114554 -0.024856
v -0.645761 1.173041 0.004828
v -0.687010 1.129578 0.002680
v -0.690139 1.143609 0.045333
v -0.672492 1.163841 -0.026496
v -0.682684 1.130057 -0.021323
v -0.618518 1.199808 -0.018607
v -0.673000 1.171132 -0.005497
v -0.650258 1.221442 0.004922
v -0.660704 1.172232 0.054001
v -0.684682 1.140373 0.058779
v -0.665252 1.157688 0.062388
v -0.586226 1.249083 -0.012805
v -0.696031 1.152233 0.037567
v -0.686751 1.139005 0.017105
v -0.601049 1.206375 -0.031931
v -0.595020 1.234982 0.076021
v -0.621817 1.213181 -0.036901
v -0.669705 1.180506 0.058878
v -0.604715 1.284676 0.024178
v -0.603983 1.203210 -0.010976
v -0.639217 1.183869 -0.015584
v -0.656502 1.210651 -0.007626
v -0.660934 1.209838 0.019697
v -0.674184 1.190533 0.038477
v -0.674264 1.193235 0.014076
v -0.617420 1.246276 -0.010510
v -0.605861 1.203811 -0.042425
v -0.654423 1.203920 -0.014567
v -0.666636 1.165890 0.024263
v -0.591838 1.260632 0.072518
v -0.591019 1.290080 0.012553
v -0.666121 1.186968 0.054141
v -0.636841 1.229023 -0.009492
v -0.665033 1.164272 0.028720
v -0.577111 1.261781 0.016279
v -0.643361 1.172531 0.054488
v -0.657309 1.166510 -0.018841
v -0.593518 1.222257 0.033219
v -0.646946 1.170608 -0.013619
v -0.664583 1.181384 0.050104
v -0.642910 1.184314 -0.018587
v -0.672269 1.168220 0.001411
v -0.686693 1.153912 0.061385
v -0.672153 1.147421 0.066361
v -0.687952 1.144171 0.057097
v -0.684211 1.139552 0.073178
v -0.688401 1.127123 0.063184
v -0.701584 1.122378 0.064422
v -0.701514 1.125463 0.070161
v -0.695586 1.123379 0.070575
v -0.630334 1.194621 -0.053225
v -0.628507 1.189470 -0.039925
v -0.616742 1.191200 -0.053628
v -0.635147 1.182533 -0.059080
v -0.636455 1.186102 -0.053005
v -0.619149 1.177141 -0.049814
v -0.662494 1.156629 -0.019756
v -0.690611 1.146177 -0.019825
v -0.675138 1.143029 -0.017999
v -0.699524 1.128315 -0.024129
v -0.705599 1.120983 -0.026615
v -0.713419 1.108846 -0.034613
v -0.699259 1.117685 -0.043537
v -0.679803 1.144181 0.041029
v -0.708254 1.121096 0.043485
v -0.692660 1.127834 0.043241
v -0.692832 1.144734 -0.002460
v -0.699819 1.117460 -0.005792
v -0.697711 1.114468 0.003224
v -0.715154 1.112989 0.005659
v -0.715051 1.094589 0.001385
v -0.638484 1.170664 -0.060831
v -0.631130 1.167538 -0.063713
v -0.634282 1.174235 -0.067846
v -0.630557 1.178033 -0.043348
v -0.625475 1.172269 -0.064488
v -0.621049 1.174155 -0.060026
v -0.629042 1.169667 -0.051641
v -0.716779 1.117024 0.031031
v -0.715721 1.117223 0.038977
v -0.707982 1.106399 0.028381
v -0.720374 1.097566 0.032456
v -0.697565 1.123256 0.060589
v -0.721991 1.099192 0.037319
v -0.716367 1.104216 0.025660
v -0.636539 1.173328 -0.051640
v -0.678189 1.167584 0.058315
v -0.655301 1.169842 0.070902
v -0.669670 1.177269 0.067827
v -0.654986 1.168010 0.061100
v -0.682367 1.138310 0.007222
v -0.684136 1.136638 0.012546
v -0.667246 1.165016 0.000876
v -0.665458 1.162058 0.005673
v -0.675728 1.167573 -0.023884
v -0.662023 1.165459 -0.004490
v -0.660113 1.171662 -0.023997
v -0.657678 1.164134 -0.010824
v -0.679341 1.144715 -0.031706
v -0.680314 1.170190 -0.013303
v -0.724405 1.098164 0.001186
v -0.722514 1.094294 -0.005532
v -0.712654 1.095445 -0.004871
v -0.718952 1.098127 -0.010861
v -0.718201 1.097108 0.004962
v -0.724264 1.099548 -0.007580
v -0.726465 1.098167 -0.001556
v -0.718979 1.109321 0.001084
v -0.718259 1.110117 -0.003005
v -0.711688 1.111280 -0.042581
v -0.710665 1.108476 -0.030979
v -0.711391 1.105631 -0.038431
v -0.704331 1.104567 -0.034468
v -0.705036 1.107063 -0.042722
v -0.706548 1.121769 -0.037943
v -0.708530 1.118207 -0.031887
v -0.714693 1.108850 -0.036420
v -0.694279 1.110227 -0.035079
v -0.705158 1.125128 -0.033660
v -0.703197 1.121949 -0.042000
v -0.687987 1.126993 -0.035764
v -0.695655 1.110710 -0.029826
v -0.689729 1.146172 -0.032589
v -0.708313 1.112102 -0.044195
v -0.721268 1.103993 0.027144
v -0.718583 1.112166 0.037165
v -0.723687 1.102393 0.037572
v -0.724988 1.102649 0.033265
v -0.718703 1.113514 0.032296
v -0.702858 1.126245 0.061867
v -0.698223 1.133869 0.061739
v -0.697962 1.135237 0.066052
v -0.703370 1.125759 0.068256
v -0.686109 1.131758 0.070257
v -0.692859 1.142368 0.066083
v -0.637825 1.175973 -0.065551
v -0.627985 1.182981 -0.060804
v -0.629969 1.173289 -0.067717
v -0.624214 1.169318 -0.059515
v -0.168352 -0.003828 -0.134846
v -0.173133 -0.005121 -0.145657
v 0.560548 1.272402 0.073114
v 0.580295 1.295647 0.074875
v 0.579735 1.313239 0.040582
v 0.559429 1.262928 0.063405
v 0.577919 1.301424 0.014051
v 0.577022 1.287611 0.078021
v 0.419068 1.372995 0.063472
v 0.373800 1.419084 0.067319
v 0.485655 1.412299 0.037051
v 0.426009 1.488263 0.096404
v 0.334436 1.447942 0.095061
v 0.416016 1.367777 0.078602
v 0.450126 1.346107 0.092220
v 0.333427 1.445954 0.080421
v 0.560430 1.316116 0.022833
v 0.549045 1.286903 0.079404
v 0.477907 1.403089 0.033179
v 0.564965 1.326386 0.031577
v 0.496074 1.413282 0.081926
v 0.561774 1.335185 0.064248
v 0.523761 1.383752 0.050055
v 0.407763 1.378270 0.097660
v 0.430195 1.479088 0.061326
v 0.406166 1.462267 0.050120
v 0.362350 1.443748 0.125467
v 0.449431 1.361122 0.108271
v 0.565443 1.294762 0.082237
v 0.529784 1.338160 0.092297
v 0.400579 1.421957 0.130120
v 0.460731 1.416425 0.116557
v 0.423031 1.446951 0.125526
v 0.512772 1.368427 0.100682
v 0.536474 1.325904 0.024962
v 0.533426 1.356882 0.033454
v 0.497120 1.319522 0.043375
v 0.516849 1.297002 0.053640
v 0.508177 1.338230 0.027477
v 0.068903 1.874078 0.028281
v 0.073278 1.868968 0.013370
v 0.071357 2.015384 0.116987
v 0.078969 1.986730 0.109695
v 0.087352 2.027980 0.080172
v 0.050550 2.052475 -0.040854
v 0.059808 2.033845 0.121925
v 0.067717 1.781830 0.123972
v 0.062244 1.854302 0.021251
v 0.087210 2.031636 0.022714
v 0.089898 2.010761 0.010524
v 0.036696 1.834727 0.104410
v 0.029697 1.839079 -0.073518
v 0.027390 2.065970 -0.044731
v 0.043962 2.038487 0.130811
v 0.020452 2.043357 0.136638
v 0.056654 2.006501 0.133463
v 0.020802 1.987236 0.151381
v 0.046861 1.967026 0.139485
v 0.020983 1.958035 0.147789
v 0.054914 2.075902 0.074325
v 0.031514 2.087213 0.075647
v 0.017022 1.987661 -0.088317
v 0.017978 1.831173 0.114066
v 0.064877 1.968608 -0.061506
v 0.081758 1.938206 -0.042284
v 0.062449 1.848900 -0.019815
v 0.027964 2.023782 -0.073607
v 0.061080 1.892863 0.082649
v 0.005203 1.938812 -0.096381
v 0.012152 1.823833 -0.074743
v 0.006741 1.854870 -0.086966
v 0.025889 1.875847 -0.078131
v -0.003248 1.875528 -0.095616
v 0.081573 2.028826 0.095921
v 0.091172 1.991048 0.081984
v 0.063427 2.053897 0.102160
v 0.042675 2.066929 0.107657
v 0.014185 2.067692 0.119116
v 0.059479 2.062934 -0.006116
v 0.032990 2.080434 -0.009027
v 0.010712 1.861429 -0.087465
v 0.011366 1.877929 -0.095278
v 0.006360 1.884792 -0.098754
v 0.008621 1.873600 -0.095462
v 0.020179 1.875635 -0.088051
v 0.053780 1.889495 -0.064991
v 0.050425 1.901859 -0.072335
v 0.042756 1.878541 -0.070676
v 0.003839 1.972856 -0.087831
v 0.044936 1.816255 0.105791
v 0.057508 1.823731 0.076962
v 0.065260 1.804457 0.063350
v 0.037489 1.790440 0.013609
v 0.078916 1.901201 -0.001389
v 0.031136 1.853531 0.106930
v 0.013741 1.868505 0.113229
v 0.052087 1.882513 0.090719
v 0.033423 1.884651 0.109502
v 0.015988 1.893218 0.119258
v 0.061672 1.940525 0.116299
v 0.045009 1.936603 0.129786
v 0.018721 1.932430 0.138748
v 0.081780 1.767484 0.067449
v 0.005359 1.922051 -0.110233
v 0.006744 1.912465 -0.113933
v 0.006237 1.905514 -0.107042
v 0.004312 1.901823 -0.101018
v 0.016641 1.906680 -0.096254
v 0.016507 1.900764 -0.086378
v 0.008851 1.908148 -0.110291
v 0.009245 1.901185 -0.092110
v 0.106234 0.471074 0.051424
v 0.085689 0.581163 0.028608
v 0.129216 0.480104 0.026791
v 0.139427 0.484864 0.017797
v 0.181642 0.495364 0.022473
v 0.193854 0.617013 0.049258
v 0.197440 0.631595 0.069979
v 0.219479 0.449532 0.100982
v 0.182322 0.626113 0.094519
v 0.200058 0.454418 0.136880
v 0.153177 0.619116 0.112374
v 0.173441 0.454616 0.150196
v 0.083302 0.901159 0.136442
v 0.118974 0.616564 0.114551
v 0.115165 0.498227 0.143634
v 0.087985 0.464497 0.101487
v 0.026436 0.894277 0.019106
v 0.092820 0.502543 0.062177
v 0.148858 0.897062 -0.065742
v 0.147940 0.752649 -0.051151
v 0.102565 0.475046 0.134702
v 0.135378 0.615320 0.115597
v 0.134207 0.486657 0.150771
v 0.065970 0.636372 0.037435
v 0.077454 0.651136 0.006814
v 0.103603 0.675132 -0.023385
v 0.202837 0.673582 0.070240
v 0.189316 0.675107 0.096321
v 0.170756 0.665917 0.103819
v 0.154150 0.675507 0.114314
v 0.119029 0.679798 0.116198
v 0.121412 0.637938 0.117779
v 0.079767 0.693308 0.105661
v 0.085524 0.636880 0.104492
v 0.058285 0.704587 0.063725
v 0.066715 0.627285 0.076869
v 0.200469 0.696810 0.006556
v 0.045464 0.867273 -0.003925
v 0.052701 0.805842 0.000389
v 0.079055 0.785847 -0.038792
v 0.108503 0.867959 -0.060254
v 0.190796 0.863725 -0.038574
v 0.211847 0.821200 0.055888
v 0.175214 0.790002 0.126121
v 0.023482 0.857893 0.076386
v 0.031577 0.821119 0.042959
v 0.212458 0.845238 0.003694
v 0.135327 0.832688 0.137244
v 0.038731 0.954976 -0.010856
v 0.096465 0.967734 -0.061510
v 0.182322 0.955741 -0.032342
v 0.203134 0.935930 0.060849
v 0.203407 0.942781 0.010691
v 0.130767 0.562352 -0.006599
v 0.179515 0.559510 0.024035
v 0.181222 0.593744 0.099423
v 0.157780 0.598152 0.113341
v 0.125434 0.582908 0.119737
v 0.094891 0.560621 0.102063
v 0.080065 0.548891 0.072789
v 0.104579 0.578712 0.110787
v 0.070300 0.883241 -0.032877
v 0.067739 0.962228 -0.043934
v 0.021494 0.949926 0.022230
v 0.149443 0.524606 0.006709
v 0.151554 0.515050 0.144238
v 0.053790 0.755659 0.027342
v 0.069876 0.752650 -0.020534
v 0.100928 0.758092 -0.047587
v 0.191774 0.765338 -0.028087
v 0.205778 0.684790 0.052731
v 0.183444 0.753176 0.117437
v 0.174736 0.721696 0.116329
v 0.151600 0.694111 0.116560
v 0.121313 0.704393 0.118458
v 0.057654 0.750767 0.095873
v 0.086083 0.542632 0.040396
v 0.129302 0.524939 0.012951
v 0.180292 0.539805 0.024840
v 0.212185 0.505317 0.073289
v 0.207695 0.513354 0.101472
v 0.199761 0.509827 0.122454
v 0.180663 0.512572 0.136423
v 0.157508 0.987012 0.140299
v 0.113592 1.436262 -0.056751
v 0.073030 1.738587 0.035783
v 0.086093 1.396047 0.143767
v 0.117125 1.277385 0.113746
v 0.118126 1.682000 -0.011559
v 0.159959 1.363006 -0.024196
v 0.090182 1.680413 0.191083
v 0.019200 1.686573 -0.016309
v 0.086443 1.606822 -0.057429
v 0.120713 1.485188 -0.052909
v 0.170594 1.576738 -0.034232
v 0.144159 1.497108 -0.037888
v 0.145572 1.510212 -0.047639
v 0.084620 1.509942 -0.080093
v 0.067443 1.547742 -0.076999
v 0.170414 1.424708 0.059024
v 0.296140 1.644815 0.083344
v 0.233259 1.611848 0.054114
v 0.247326 1.627267 0.037344
v 0.239587 1.602426 0.148623
v 0.238020 1.619641 0.042203
v 0.215813 1.620565 0.087228
v 0.332304 1.596139 0.081147
v 0.402687 1.516860 0.075493
v 0.323836 1.505331 0.044849
v 0.269555 1.568302 0.045209
v 0.258489 1.569731 0.054540
v 0.351275 1.522081 0.038332
v 0.303124 1.569530 0.038795
v 0.384733 1.520276 0.116495
v 0.328248 1.585596 0.124027
v 0.255078 1.576266 0.147687
v 0.294157 1.526011 0.139567
v 0.360674 1.533090 0.043821
v 0.267595 1.591799 0.038369
v 0.343077 1.509716 0.038757
v 0.333765 1.593908 0.101438
v 0.247943 1.544911 0.109717
v 0.273431 1.508769 0.103072
v 0.305075 1.495865 0.125703
v 0.311908 1.484613 0.070830
v 0.307668 1.504051 0.055485
v 0.284290 1.502505 0.089653
v 0.244871 1.571656 0.077981
v 0.073985 1.743855 0.156027
v 0.096859 1.731215 0.159767
v 0.036518 1.721303 0.167337
v 0.040427 1.668545 0.190494
v 0.041970 1.302677 0.137782
v 0.093400 1.639414 0.201295
v 0.091923 1.572656 0.194574
v 0.120566 1.585485 0.197858
v 0.117178 0.962987 0.168390
v 0.171314 1.401707 0.018965
v 0.131806 1.117455 0.139082
v 0.164591 1.180465 0.055211
v 0.007919 1.083419 0.153166
v 0.158400 1.166710 -0.006728
v 0.100737 1.039104 0.183622
v 0.004027 1.455684 -0.087377
v 0.013285 1.672883 0.182015
v 0.111730 1.682111 0.189468
v 0.206519 1.742669 0.096576
v 0.218412 1.742041 0.070788
v 0.058019 1.110291 0.171591
v 0.044391 1.157779 0.144585
v 0.002202 1.251179 -0.079709
v 0.013565 1.497319 -0.078763
v 0.107938 1.737586 0.152822
v 0.220501 1.631599 0.047232
v 0.274617 1.647117 0.145477
v 0.214453 1.629482 0.067528
v 0.314131 1.593498 0.049881
v 0.227042 1.635026 0.038173
v 0.218970 1.608231 0.127703
v 0.239139 1.725096 0.095173
v 0.209917 1.635764 0.162425
v 0.238052 1.727051 0.061590
v 0.206224 1.740430 0.053000
v 0.069837 1.372921 -0.080076
v 0.025360 1.348989 -0.086929
v 0.064188 1.002951 -0.047850
v 0.143070 0.971540 -0.059938
v 0.099766 0.999332 -0.060682
v 0.187241 1.056986 0.027022
v 0.180188 1.073949 -0.010097
v 0.019013 0.980197 0.009347
v 0.041167 1.019448 -0.050255
v 0.030842 0.992435 -0.021002
v 0.052693 1.044070 -0.055925
v 0.115391 1.193713 -0.053563
v 0.005282 0.969996 0.091918
v 0.051908 1.422149 0.157113
v 0.027579 1.396732 0.152832
v 0.196723 1.615806 0.088817
v 0.156221 1.444449 -0.019099
v 0.151866 1.492237 -0.029492
v 0.181775 1.500574 0.009930
v 0.121992 1.661286 -0.024930
v 0.099258 1.701416 0.006135
v 0.259470 1.622399 0.158017
v 0.194886 1.656937 0.173527
v 0.200186 1.653474 0.012844
v 0.159848 1.683996 0.007387
v 0.148512 1.399635 0.092264
v 0.085306 1.485867 -0.072662
v 0.304716 1.563892 0.146107
v 0.368537 1.498236 0.132119
v 0.188834 1.645973 -0.001818
v 0.195045 1.541634 0.046529
v 0.172052 1.456580 0.003610
v 0.178743 1.692962 0.018033
v 0.202867 1.647514 0.028030
v 0.206034 1.582855 0.125653
v 0.226218 1.618867 0.151347
v 0.231549 1.659894 0.157488
v 0.256935 1.705999 0.070402
v 0.104902 1.721032 0.021838
v 0.238538 1.718237 0.047613
v 0.207420 1.655658 0.020718
v 0.250430 1.649420 0.037626
v 0.176501 1.731973 0.047507
v 0.203255 1.727392 0.037207
v 0.232447 1.582792 0.103051
v 0.055836 1.740227 0.025999
v 0.039494 1.701094 -0.006327
v 0.037462 1.544722 -0.077663
v 0.042071 1.743876 0.015351
v 0.053312 1.722218 0.011352
v 0.054292 1.802475 0.109490
v 0.064746 1.804398 0.086694
v 0.036679 1.806436 0.116175
v 0.015589 1.803893 0.123320
v 0.023258 1.745256 0.008284
v 0.024397 1.811007 -0.005548
v 0.017557 1.776304 0.006078
v 0.040537 1.774059 0.017117
v 0.061200 1.794777 0.044567
v 0.007290 1.768029 0.005523
v 0.163239 1.289600 0.015855
v 0.113886 1.227335 0.116854
v 0.142926 1.237890 0.084571
v 0.009553 1.100223 0.156024
v 0.152128 1.239992 0.004760
v 0.137385 1.234787 -0.029024
v 0.125532 1.162072 0.127499
v 0.151813 1.242446 0.019824
v 0.088814 1.100095 0.175920
v 0.023087 1.133004 0.151205
v 0.131676 1.010019 0.166773
v 0.111791 0.987841 0.178065
v 0.027328 0.982047 0.159778
v 0.129890 1.325906 -0.052954
v 0.063090 1.460709 -0.080948
v 0.090783 1.450681 -0.070300
v 0.094824 1.282545 0.124665
v 0.081897 1.167661 0.141109
v 0.063573 1.187273 -0.077246
v 0.041290 1.466830 -0.083556
v 0.035568 1.284556 -0.084563
v 0.054141 1.414464 -0.092546
v 0.012871 0.979944 0.019114
v 0.017508 0.985295 -0.007433
v 0.062597 0.948785 0.161888
v 0.048622 1.053120 0.182726
v 0.059357 1.212905 0.125683
v 0.041107 1.092029 0.173381
v 0.056267 0.968681 0.173350
v 0.097103 1.236227 0.118520
v 0.147304 1.280058 0.075690
v 0.171051 1.024873 0.096642
v 0.166843 1.122670 0.066216
v 0.153064 1.181381 0.089225
v 0.178362 0.960352 0.111175
v 0.140631 0.966463 0.154944
v 0.074298 0.939113 0.150135
v 0.014455 1.923823 -0.092034
v 0.013427 1.904970 -0.095588
v 0.009034 1.907202 -0.103378
v 0.063610 2.071276 0.036139
v 0.089104 2.034841 0.055067
v 0.095463 2.005433 0.054792
v 0.018437 2.093462 0.036534
v 0.044258 2.084349 0.033972
v 0.005916 1.747609 0.006684
v 0.069530 1.857911 0.004474
v 0.123624 1.387523 -0.054683
v 0.153619 1.278802 -0.023268
v 0.098781 1.258482 -0.058184
v 0.036329 1.245720 -0.090534
v 0.138078 1.366896 0.096245
v 0.057960 1.358227 0.149092
v 0.028687 1.352002 0.150112
v 0.100213 1.344619 0.133802
v 0.167416 1.523844 -0.020874
v 0.182106 1.466738 0.038032
v 0.190254 1.512251 0.095366
v 0.168474 1.480315 0.119537
v 0.166962 1.534164 -0.030104
v 0.158099 1.542396 -0.046494
v 0.122986 1.535212 -0.064630
v 0.098571 1.530706 -0.074461
v 0.129777 1.517076 -0.063020
v 0.006103 1.892388 -0.095521
v 0.027765 1.875592 -0.081137
v 0.032451 1.484206 0.177233
v 0.188268 1.611434 -0.007116
v 0.218971 1.717053 0.032942
v 0.193333 1.670083 0.014185
v 0.133010 1.612467 0.200019
v 0.173451 1.425495 0.004223
v 0.162680 1.408393 0.068381
v 0.151748 1.603616 -0.039229
v 0.194985 1.594460 0.030821
v 0.051425 1.838338 -0.005038
v 0.033884 1.808321 0.004863
v 0.171316 1.516043 -0.011749
v 0.055818 1.493341 -0.080953
v 0.387658 1.533539 0.093202
v 0.412319 1.499135 0.066325
v 0.385446 1.428468 0.056166
v 0.469749 1.453638 0.070438
v 0.457571 1.452487 0.047690
v 0.414041 1.415331 0.049040
v 0.191778 1.729170 0.137614
v 0.236648 1.714602 0.118675
v 0.257366 1.688668 0.119386
v 0.286278 1.649980 0.128391
v 0.111358 1.464627 0.154242
v 0.196630 1.631020 0.016776
v 0.198338 1.647142 0.058746
v 0.104423 1.482349 -0.062407
v 0.104918 1.498191 -0.070681
v 0.005015 1.906348 -0.099592
v 0.241849 1.677788 0.038869
v 0.214060 1.644679 0.031454
v 0.214610 1.668374 0.022118
v 0.000215 1.007549 -0.062378
v 0.005321 0.976671 0.048905
v 0.063906 1.662394 0.193301
v 0.061065 1.614148 0.199792
v 0.182992 1.574232 0.169717
v 0.197928 1.630960 0.171413
v 0.171183 1.667040 0.178384
v 0.193063 1.632670 0.050778
v 0.198357 1.579631 0.049402
v 0.200935 1.552518 0.125208
v 0.088730 1.529657 0.186409
v 0.184059 1.538307 0.149318
v 0.029484 1.878511 -0.083648
v 0.008074 1.868559 -0.094687
v 0.132860 1.527608 -0.060768
v 0.126570 1.522938 -0.066644
v 0.118910 1.524343 -0.068330
v 0.005387 2.028461 -0.075964
v 0.022149 2.054586 -0.058111
v 0.002385 1.903731 -0.112226
v 0.158923 1.736026 0.050970
v 0.039770 1.993389 -0.079596
v 0.051231 1.984286 -0.074444
v 0.057563 1.982348 -0.068783
v 0.121985 1.757443 0.116610
v 0.134913 1.733635 0.039140
v 0.065046 1.610437 -0.058173
v 0.053106 1.662487 -0.035471
v 0.055859 1.676060 -0.026662
v 0.124528 1.759371 0.091666
v 0.025458 1.818836 -0.015881
v 0.056285 1.840910 0.015127
v 0.046118 1.830159 0.003694
v 0.053203 1.852390 0.081502
v 0.532565 1.375963 0.058965
v 0.019194 1.768284 0.142870
v 0.048154 1.764991 0.142901
v 0.464851 1.441288 0.098555
v 0.152489 1.061178 -0.037907
v 0.132415 1.094619 -0.039497
v 0.154275 1.104087 -0.026152
v 0.125678 1.386496 0.115587
v 0.167219 1.363373 0.022775
v 0.190153 0.696114 -0.010552
v 0.180507 0.602554 0.026685
v 0.176102 0.606841 0.004899
v 0.113242 0.611140 -0.016279
v 0.150276 0.673906 -0.028621
v 0.181922 0.639028 0.009020
v 0.151599 0.588722 -0.018928
v 0.060850 2.034169 -0.044163
v 0.045401 2.040894 -0.056383
v 0.196553 0.187125 0.040257
v 0.185708 0.158329 0.024173
v 0.201952 0.145225 0.043644
v 0.148812 0.146454 0.092338
v 0.204727 0.143406 0.084454
v 0.163494 0.144798 0.106548
v 0.187375 0.157193 0.105341
v 0.206069 0.164554 0.061832
v 0.112777 0.372662 0.058039
v 0.141300 0.368098 0.023378
v 0.186917 0.358405 0.016365
v 0.218641 0.382333 0.052077
v 0.223834 0.379588 0.084438
v 0.097917 0.387107 0.107660
v 0.160685 0.341752 0.013778
v 0.208679 0.375425 0.034748
v 0.115886 0.393610 0.138437
v 0.138499 0.395307 0.148213
v 0.108412 0.434487 0.056822
v 0.134946 0.432046 0.028177
v 0.187329 0.433855 0.016679
v 0.214607 0.436416 0.048063
v 0.221588 0.430618 0.069032
v 0.223645 0.390286 0.101104
v 0.210533 0.393634 0.129693
v 0.120224 0.434064 0.148263
v 0.125052 0.298169 0.055679
v 0.142117 0.249536 0.031061
v 0.185794 0.250816 0.024470
v 0.206786 0.206990 0.059012
v 0.212154 0.265760 0.074237
v 0.142698 0.289819 0.125565
v 0.124051 0.270694 0.090040
v 0.200129 0.445184 0.030299
v 0.157996 0.490923 0.010950
v 0.166301 0.245651 0.018509
v 0.200087 0.245648 0.039879
v 0.105456 0.422163 0.135447
v 0.124978 0.286527 0.106579
v 0.158103 0.436881 0.152912
v 0.118670 0.313462 0.068629
v 0.141668 0.309148 0.029046
v 0.211473 0.287027 0.056342
v 0.203874 0.304682 0.118021
v 0.109615 0.338049 0.091578
v 0.192135 0.398763 0.143575
v 0.175628 0.247656 0.123058
v 0.145116 0.184681 0.037796
v 0.198609 0.204848 0.100868
v 0.036572 1.828446 -0.026603
v 0.261060 1.680891 0.054291
v 0.450427 1.384381 0.120737
v 0.531814 1.290724 0.076612
v 0.559998 1.260993 0.049594
v 0.572932 1.268836 0.021009
v 0.538427 1.294050 0.030786
v 0.138649 0.181237 0.074921
v 0.140237 0.180915 0.054511
v 0.170753 0.158386 0.016558
v 0.199699 1.705529 0.157672
v 0.139978 1.728648 0.148904
v 0.143077 1.753148 0.102140
v 0.040328 0.842368 0.105949
v 0.125995 0.903545 0.141229
v 0.132756 0.786931 0.133731
v 0.164212 0.887890 0.120783
v 0.148417 0.923162 0.136167
v 0.080300 0.830782 0.128057
v 0.032012 0.809785 0.076281
v 0.206468 0.509630 0.055465
v 0.194976 0.578716 0.077234
v 0.194383 0.578756 0.062759
v 0.188897 0.881516 0.096161
v 0.205281 0.681124 0.035267
v 0.154091 0.769387 0.131550
v 0.206245 0.173230 0.075482
v 0.034220 1.172316 -0.084024
v 0.028375 1.126592 -0.078385
v 0.014736 1.225264 -0.089591
v 0.019432 1.063339 -0.075394
v 0.352209 1.454867 0.057448
v 0.381541 1.460403 0.049667
v 0.379538 1.484337 0.044361
v 0.013081 1.608776 0.189274
v 0.043544 1.574418 0.195970
v 0.156341 1.487496 0.139023
v 0.376026 1.406216 0.079748
v 0.394061 1.470545 0.127169
v 0.167843 1.363248 -0.004434
v 0.002974 0.975932 0.070062
v 0.365783 1.449917 0.129475
v 0.354130 1.474433 0.127705
v 0.321288 1.461586 0.096624
v 0.453936 1.401296 0.122582
v 0.029914 1.905606 -0.080186
v 0.015348 1.943168 -0.084637
v 0.028610 1.933832 -0.077582
v 0.077177 2.012188 -0.026693
v 0.074914 1.886500 -0.002410
v 0.077405 1.973588 -0.033538
v 0.083955 1.973851 -0.014321
v 0.078697 1.931660 -0.049994
v 0.019511 1.906077 -0.083749
v 0.017443 1.915977 -0.087012
v 0.011796 1.914828 -0.106951
v 0.033647 1.890043 -0.077910
v 0.044979 0.905582 0.115040
v 0.010328 0.946643 0.075036
v 0.022832 0.951083 0.115637
v 0.005303 1.001860 0.138610
v 0.004086 0.979954 0.094374
v 0.181219 0.981846 0.099562
v 0.140516 0.981822 0.159742
v 0.124108 0.947744 0.156465
v 0.053576 1.010594 -0.045073
v 0.180838 1.013978 -0.018046
v 0.192339 1.009730 0.022282
v 0.117752 1.044278 -0.050801
v 0.083170 1.022178 -0.053419
v 0.037287 0.997074 -0.031761
v 0.014364 0.956608 0.105500
v 0.011185 0.975807 0.031090
v 0.006745 0.967887 0.069151
v 0.110098 1.171763 0.133996
v 0.002263 1.037596 0.138125
v 0.024540 1.853098 -0.079819
v 0.007663 1.828119 -0.083042
v 0.017499 1.821979 -0.061199
v 0.009590 1.835590 -0.087498
v 0.083556 1.916030 -0.017098
v 0.066758 1.888279 -0.028112
v 0.075846 1.908805 -0.040243
v 0.016184 1.871224 -0.090453
v 0.022862 1.874134 -0.085607
v 0.001134 1.898494 -0.098870
v 0.207838 1.643418 0.039265
v 0.210097 1.606297 0.144029
v 0.209533 1.616443 0.138186
v 0.232320 1.645371 0.033576
v 0.090868 1.775988 0.093294
v 0.090818 1.776399 0.106450
v 0.109966 1.751067 0.072211
v 0.219823 1.731156 0.044267
v 0.223335 1.706040 0.029929
v 0.225345 1.656452 0.029556
v 0.005895 1.242380 -0.086042
v 0.006532 1.257426 -0.087599
v 0.396073 1.445305 0.132650
v 0.358841 1.419619 0.093269
v 0.062624 1.087711 -0.061770
v 0.103066 1.091651 -0.050414
v 0.005301 1.922233 -0.083547
v 0.369974 1.474513 0.130496
v 0.158648 1.036425 0.116834
v 0.011571 0.950570 0.053435
v 0.168640 1.633215 0.184192
v 0.411262 1.436470 0.047233
v 0.033479 1.003289 -0.036739
v 0.012927 0.972470 0.132959
v 0.167508 1.062847 -0.028586
v 0.216384 1.720220 0.135101
v 0.185061 0.553980 0.112477
v 0.413935 1.476676 0.116102
v 0.210388 0.907804 0.032645
v 0.064501 1.977095 0.126558
v 0.000584 1.876386 -0.089874
v 0.159310 0.374085 0.146224
v 0.269199 1.635476 0.153784
v 0.143508 1.564675 0.187075
v 0.084396 0.717622 -0.024634
v 0.176088 1.433208 0.020251
v 0.067368 1.031478 -0.052712
v 0.023481 1.269656 0.134173
v 0.190181 0.573365 0.049365
v 0.019840 2.079169 0.102063
v 0.215689 1.616890 0.146511
v 0.087847 0.956962 0.174023
v 0.156417 1.750149 0.084999
v 0.133323 1.310736 0.100434
v 0.163937 1.404467 -0.014654
v 0.579077 1.276509 0.078833
v 0.135881 1.437200 -0.039143
v 0.027164 1.193565 0.134939
v 0.196991 1.686740 0.166836
v 0.041728 0.943814 0.130482
v 0.087828 0.542478 0.088192
v 0.093366 0.597791 0.103546
v 0.066157 0.904698 0.130295
v 0.064480 1.824299 0.050115
v 0.003704 1.269266 -0.088785
v 0.327399 1.591559 0.062289
v 0.394177 1.493973 0.124342
v 0.052619 1.511204 -0.081881
v 0.147553 1.243126 0.062030
v 0.095487 1.140258 -0.056762
v 0.030868 0.840224 0.092923
v 0.143701 1.290824 -0.038641
v 0.362609 1.524513 0.129224
v 0.560684 1.291695 0.020340
v 0.095326 0.403495 0.087965
v 0.188124 0.261080 0.121042
v 0.075253 0.561857 0.057129
v 0.205576 0.832437 -0.015896
v 0.195382 0.934906 0.082886
v 0.208423 1.620788 0.121832
v 0.101408 0.395843 0.121072
v 0.162380 1.709459 0.029012
v 0.087708 0.519966 0.069836
v 0.226825 1.603827 0.138512
v 0.203177 1.643039 0.060617
v 0.239275 1.728155 0.079213
v 0.073668 0.630313 0.091572
v 0.099818 1.767449 0.087083
v 0.133601 1.230712 0.101755
v 0.208757 1.623289 0.159360
v 0.566789 1.265302 0.072527
v 0.071176 1.323677 -0.075835
v 0.205726 1.636425 0.105436
v 0.170281 0.655267 -0.011913
v 0.124571 0.681574 -0.030604
v 0.593701 1.289286 0.069003
v 0.198604 0.909620 -0.017583
v 0.165772 1.596894 -0.033898
v 0.088808 1.745940 0.057340
v 0.136809 1.143817 -0.037686
v 0.271259 1.575714 0.151434
v 0.104389 0.819573 0.133483
v 0.051485 0.998270 0.182349
v 0.520057 1.294134 0.066475
v 0.055278 1.871203 -0.040779
v 0.438196 1.481999 0.071602
v 0.066292 0.694828 0.085857
v 0.059140 1.705032 0.175228
v 0.073784 1.211372 -0.074895
v 0.250734 1.556721 0.134934
v 0.175664 1.568624 -0.026911
v 0.489754 1.336640 0.036915
v 0.150316 1.748092 0.119300
v 0.169727 0.589139 -0.006311
v 0.040796 1.412479 -0.093875
v 0.094938 1.505970 -0.077405
v 0.218286 0.372335 0.114934
v 0.124107 0.338998 0.126447
v 0.136529 0.263371 0.114335
v 0.175081 0.443116 0.011136
v 0.199565 1.578841 0.153837
v 0.111667 0.545491 0.016934
v 0.161770 1.192351 0.024246
v 0.147526 1.238606 -0.009013
v 0.118935 0.999752 -0.061045
v 0.155953 0.149454 0.102321
v 0.285767 1.658567 0.101190
v 0.082152 1.469687 0.167637
v 0.006693 0.973607 0.112135
v 0.151402 1.694216 0.170959
v 0.172261 0.866782 -0.054781
v 0.046628 0.760979 0.066215
v 0.188849 1.020363 0.043076
v 0.070014 0.640709 0.025145
v 0.190434 0.987120 -0.006303
v 0.174096 0.754116 -0.040956
v 0.267639 1.648709 0.043536
v 0.192691 0.636967 0.085057
v 0.200133 1.645510 0.073604
v 0.127725 1.247133 -0.042612
v 0.074110 1.791293 0.098093
v 0.022377 0.864305 0.057740
v 0.236096 1.623148 0.157162
v 0.115120 1.086878 0.168060
v 0.143015 0.154579 0.047902
v 0.503853 1.356779 0.104441
v 0.076217 1.005068 0.188330
v 0.372303 1.415929 0.109196
v 0.122925 0.941805 -0.067117
v 0.087088 0.617406 0.010449
v 0.208320 0.242099 0.085934
v 0.384681 1.530470 0.106627
v 0.048205 1.851755 -0.052693
v 0.163899 1.005621 -0.039233
v 0.197103 0.747442 0.100746
v 0.312845 1.582536 0.139906
v 0.175598 0.695958 -0.024648
v 0.193131 1.747789 0.073614
v 0.201942 1.648852 0.017841
v 0.062692 1.314341 0.135020
v 0.099957 0.638329 -0.010926
v 0.157823 1.327284 0.053258
v 0.179384 1.492811 0.109288
v 0.089257 0.473248 0.084178
v 0.373196 1.535628 0.056512
v 0.048209 1.874624 -0.056564
v 0.090367 1.757063 0.143811
v 0.127120 0.864742 -0.064924
v 0.036370 1.999645 0.146517
v 0.084732 1.963275 0.089821
v 0.043960 0.951743 0.150484
v 0.024961 1.012915 0.168940
v 0.517103 1.318607 0.092422
v 0.099828 0.941001 0.156316
v 0.192313 0.796025 0.109012
v 0.191469 0.575297 0.090722
v 0.122402 0.752602 -0.051113
v 0.109906 1.383500 0.127362
v 0.106669 0.896174 0.141166
v 0.113351 1.546739 -0.066734
v 0.149092 0.490774 0.012809
v 0.206992 0.811768 0.076039
v 0.027350 1.829177 -0.067558
v 0.160170 1.542860 0.170152
v 0.339489 1.447655 0.072124
v 0.012985 1.817920 -0.022354
v 0.062982 1.843460 0.063410
v 0.090921 0.889420 -0.051061
v 0.092378 0.695527 0.111996
v 0.076536 2.056812 0.067492
v -0.002211 0.976743 0.064555
v 0.008701 0.965052 0.093824
v 0.532841 1.368431 0.077457
v 0.042971 1.583723 -0.068313
v 0.066433 1.550788 0.193403
v 0.050051 1.821330 0.015554
v 0.013097 1.803952 -0.005982
v 0.133542 0.600616 -0.021387
v 0.127390 0.533151 0.138506
v 0.313314 1.577236 0.042924
v 0.010572 1.002334 -0.052666
v 0.210939 0.135447 0.060536
v 0.135772 0.359730 0.140392
v 0.063303 0.631842 0.059688
v 0.162789 0.227420 0.119877
v 0.173109 0.938063 0.117545
v 0.166153 0.525795 0.013000
v 0.060557 1.247882 0.122790
v 0.220742 1.637129 0.158543
v 0.031520 1.058156 0.174166
v 0.151386 1.553913 -0.050388
v 0.540067 1.343813 0.086392
v 0.069340 1.081831 0.182045
v 0.574928 1.316126 0.064950
v 0.155620 1.130054 -0.020888
v 0.071579 1.895998 0.061967
v 0.028525 1.033044 -0.064105
v 0.409233 1.480572 0.055087
v 0.069144 1.780626 0.058772
v 0.293045 1.643732 0.066067
v 0.071323 1.380766 0.146619
v 0.168275 0.557355 0.122576
v 0.173592 0.357158 0.011731
v 0.033071 1.874348 -0.078959
v 0.095053 1.729902 0.030471
v 0.085085 1.419716 -0.080398
v 0.215119 0.433848 0.120525
v 0.138865 1.464944 0.138631
v 0.403133 1.396957 0.115953
v 0.342855 1.466374 0.116939
v 0.187564 1.064225 0.008906
v 0.185114 1.479462 0.062723
v 0.140340 0.886357 0.135530
v 0.147841 1.352697 -0.040168
v 0.077296 2.049073 0.017417
v 0.470284 1.448130 0.050462
v 0.213193 0.804905 0.032977
v 0.059382 0.835344 0.119306
v 0.062726 1.827801 0.032564
v 0.091213 0.463400 0.114650
v 0.434430 1.455914 0.047362
v 0.579474 1.282393 0.011379
v 0.166291 0.938383 -0.052677
v 0.028130 1.316829 -0.082171
v 0.123210 1.530007 0.177367
v 0.133817 0.447346 0.152306
v 0.101738 1.125656 0.160502
v 0.159125 1.276615 -0.008035
v 0.151097 0.303608 0.020923
v 0.163548 1.578317 0.183423
v 0.111216 1.609712 0.202932
v 0.604313 1.285367 0.025077
v 0.054484 1.779624 0.032812
v 0.074304 1.789461 0.078097
v 0.024888 0.906539 0.093158
v 0.070209 1.256115 -0.076445
v 0.025958 1.723330 0.000331
v 0.200180 1.568612 0.086178
v 0.015513 1.883152 -0.095127
v 0.068653 0.723344 0.101562
v 0.009184 1.904191 -0.091413
v 0.003527 1.909396 -0.096590
v 0.005558 1.910943 -0.090684
v 0.010019 1.909813 -0.094791
v 0.008755 1.907251 -0.088746
v 0.004954 1.925907 -0.084482
v 0.076720 1.922212 0.031431
v 0.075372 1.921358 0.019054
v 0.074340 1.918395 0.019343
v 0.072267 1.919970 0.024987
v 0.075246 1.923944 0.027467
v 0.073361 1.918385 0.028126
v 0.077633 1.923247 0.025257
v 0.075279 1.917225 0.026171
v 0.083404 1.914955 0.049641
v 0.100477 1.957698 0.036287
v 0.108655 1.947828 0.060374
v 0.082920 1.896377 0.023853
v 0.093609 1.955773 0.030258
v 0.100709 1.955368 0.059580
v 0.096948 1.936208 0.059923
v 0.102516 1.937725 0.067389
v 0.085927 1.905842 0.031872
v 0.083644 1.913903 0.021843
v 0.101804 1.910518 0.051242
v 0.097776 1.914424 0.057139
v 0.107022 1.937407 0.064728
v 0.097959 1.952584 0.035537
v 0.103947 1.956068 0.045599
v 0.104841 1.943899 0.058384
v 0.091217 1.917034 0.034412
v 0.103778 1.924098 0.056497
v 0.087115 1.928943 0.043483
v 0.090067 1.933566 0.032310
v 0.088473 1.922682 0.050868
v 0.078992 1.902071 0.020498
v 0.094562 1.953472 0.037165
v 0.102406 1.953262 0.055090
v 0.103420 1.945961 0.059890
v 0.090582 1.942340 0.032771
v 0.085903 1.936265 0.037731
v 0.101448 1.924101 0.048480
v 0.097620 1.915550 0.044031
v 0.092260 1.905164 0.027998
v 0.099305 1.915295 0.049297
v 0.086858 1.935380 0.047365
v 0.096078 1.933809 0.048442
v 0.093254 1.942914 0.029245
v 0.090750 1.940941 0.037681
v 0.100358 1.933556 0.050839
v 0.098803 1.945993 0.057509
v 0.101133 1.933680 0.059035
v 0.096629 1.948017 0.055216
v 0.094885 1.922555 0.057338
v 0.091862 1.912963 0.047483
v 0.082256 1.908480 0.035930
v 0.087506 1.926055 0.059840
v 0.078124 1.899306 0.026147
v 0.088736 1.937660 0.062522
v 0.078587 1.915298 0.063007
v 0.085843 1.925191 0.028433
v 0.086783 1.920178 0.029051
v 0.086848 1.914165 0.028518
v 0.085439 1.916116 0.027295
v 0.084842 1.924511 0.044704
v 0.082762 1.914467 0.036334
v 0.089515 1.922739 0.027417
v 0.095204 1.960359 0.040789
v 0.089067 1.917351 0.046607
v 0.082286 1.918580 0.041479
v 0.096096 1.918500 0.044575
v 0.088793 1.936656 0.023052
v 0.073396 1.892326 0.045303
v 0.092508 1.948362 0.043512
v 0.085541 1.924741 0.018484
v 0.087268 1.928127 0.029969
v 0.093579 1.955899 0.050199
v 0.095857 1.945718 0.048203
v 0.106564 1.959113 0.047525
v 0.100032 1.962933 0.048472
v 0.099694 1.956501 0.047249
v 0.094692 1.994862 0.034538
v 0.074614 1.896243 0.025272
v 0.091441 1.968949 0.019352
v 0.090607 1.947160 0.060522
v 0.086842 1.893717 0.029981
v 0.106497 1.954736 0.059954
v 0.087957 1.899896 0.036866
v 0.107249 1.942892 0.059491
v 0.093139 1.899632 0.030915
v 0.097754 1.927334 0.062207
v 0.101040 1.913070 0.056518
v 0.005308 1.912535 -0.096172
v 0.002969 1.916521 -0.092547
v 0.005016 1.907335 -0.090451
v 0.006256 1.913796 -0.095811
v 0.007716 1.912865 -0.091637
v 0.050678 1.962675 -0.057402
v 0.045773 1.965918 -0.057981
v 0.036345 1.957115 -0.057557
v 0.037604 1.966238 -0.058130
v 0.029228 1.960745 -0.061805
v 0.016231 1.958222 -0.076076
v 0.043150 1.970104 -0.075792
v 0.020937 1.952383 -0.072704
v 0.056137 1.965452 -0.070006
v 0.066811 1.956372 -0.056398
v 0.046958 1.932103 -0.068508
v 0.034742 1.982064 -0.082240
v 0.051931 1.966876 -0.071166
v 0.055629 1.949604 -0.064717
v 0.030478 1.950723 -0.072185
v 0.036672 1.969428 -0.074421
v 0.044831 1.945014 -0.068932
v 0.025505 1.967223 -0.075473
v 0.067867 1.932530 -0.058661
v 0.024026 1.957523 -0.069583
v 0.057269 1.958446 -0.063112
v 0.022531 1.958742 -0.069379
v 0.028481 1.960967 -0.068143
v 0.033836 1.965177 -0.072471
v 0.050618 1.965679 -0.061819
v 0.042443 1.968707 -0.066109
v 0.041834 1.965969 -0.074360
v 0.024225 1.957853 -0.068135
v 0.051038 1.953834 -0.070111
v 0.052918 1.961944 -0.069064
v 0.028832 1.957384 -0.068344
v 0.031791 1.967414 -0.065660
v 0.070951 1.956093 -0.052303
v 0.029489 1.954426 -0.063985
v 0.047777 1.954582 -0.059561
v 0.036329 1.953922 -0.074469
v 0.046424 1.954276 -0.070236
v 0.055788 1.959140 -0.063227
v 0.138135 0.030260 0.078364
v 0.153739 0.027758 -0.010236
v 0.202502 0.119299 0.028480
v 0.198717 0.067031 -0.038033
v 0.208564 0.070225 -0.015176
v 0.202867 0.101196 0.024962
v 0.174798 0.124271 0.105668
v 0.190157 0.126920 0.095360
v 0.172419 0.110062 0.006187
v 0.169516 0.107814 0.107641
v 0.197005 0.077912 0.100214
v 0.215833 0.120527 0.067141
v 0.209639 0.052739 -0.049350
v 0.142567 0.029864 0.049945
v 0.141645 0.087762 0.064323
v 0.215038 0.120590 0.048106
v 0.189705 0.051049 0.120845
v 0.214155 0.075736 0.026634
v 0.143848 0.140501 0.077640
v 0.252367 0.015415 -0.055842
v 0.160864 -0.000115 -0.132467
v 0.221646 0.023805 -0.139961
v 0.238858 0.018387 -0.124034
v 0.193933 0.007580 -0.159199
v 0.163925 -0.007788 -0.155288
v 0.168504 -0.001823 -0.181525
v 0.208394 0.010687 -0.134459
v 0.238164 0.012709 -0.109630
v 0.226094 0.021334 -0.120345
v 0.206121 -0.001415 -0.132170
v 0.190979 0.018894 -0.133615
v 0.146356 0.019540 -0.076647
v 0.248899 0.023602 -0.061292
v 0.159945 0.037439 -0.098996
v 0.241826 -0.006227 -0.063351
v 0.149253 0.031511 -0.078933
v 0.207195 0.022439 -0.130796
v 0.136371 0.108902 0.041130
v 0.140924 0.138567 0.036951
v 0.228223 -0.007983 -0.053776
v 0.169983 -0.008757 -0.089260
v 0.190526 0.102821 0.004612
v 0.192766 -0.005205 0.084264
v 0.174460 0.030899 -0.129051
v 0.184244 -0.005570 -0.180171
v 0.164378 -0.008938 -0.107472
v 0.177558 0.004777 -0.034423
v 0.198551 0.025132 -0.148674
v 0.242626 -0.007443 -0.088355
v 0.229937 0.026457 -0.091583
v 0.230692 -0.001340 -0.116165
v 0.248877 0.002775 -0.053216
v 0.215813 0.001264 -0.132476
v 0.213530 0.024019 -0.141943
v 0.207831 -0.008831 -0.118792
v 0.157050 0.001569 -0.152017
v 0.153653 0.085674 0.096846
v 0.217710 0.026818 -0.123593
v 0.164833 0.006801 -0.179466
v 0.172815 -0.011012 -0.163723
v 0.158735 0.160932 0.021153
v 0.196017 -0.008469 -0.125895
v 0.238763 0.016056 -0.108598
v 0.225270 0.006647 -0.142810
v 0.250673 0.018648 -0.104495
v 0.214102 0.001984 -0.142134
v 0.254544 0.009560 -0.099518
v 0.229010 0.016493 -0.134461
v 0.238753 0.011162 -0.119617
v 0.242246 0.001324 -0.145177
v 0.233317 -0.007224 -0.136787
v 0.195195 -0.000221 -0.170783
v 0.228863 0.003227 -0.157007
v 0.233919 0.012770 -0.142932
v 0.242462 0.012284 -0.133715
v 0.189679 0.012146 -0.186513
v 0.152437 0.087288 -0.019136
v 0.241709 0.019420 -0.103186
v 0.159747 -0.005834 -0.118351
v 0.162617 -0.003487 -0.148840
v 0.149847 0.001377 -0.108918
v 0.246843 -0.000580 -0.105112
v 0.192602 0.003712 -0.184273
v 0.174417 0.085499 0.115624
v 0.187055 0.005216 -0.139485
v 0.240233 -0.005424 -0.104466
v 0.168781 0.015607 -0.170024
v 0.225977 -0.003102 -0.158605
v 0.194154 0.011778 -0.159456
v 0.243846 0.025622 -0.072469
v 0.186038 0.023316 -0.128910
v 0.173400 -0.005096 -0.145481
v 0.201712 0.004181 0.106627
v 0.174963 0.025049 -0.140704
v 0.228011 0.044304 -0.032363
v 0.182949 -0.004271 0.102009
v 0.201944 -0.004096 0.055064
v 0.221883 0.034990 0.054024
v 0.156081 0.026021 0.010797
v 0.252789 0.005514 -0.100174
v 0.222244 0.022160 -0.119587
v 0.230330 0.014166 0.020448
v 0.220583 0.003127 -0.139350
v 0.211398 0.005202 -0.139743
v 0.195554 0.035867 -0.106378
v 0.156142 0.003928 -0.160633
v 0.238708 -0.006087 -0.146070
v 0.233136 0.003001 -0.121419
v 0.205167 0.086526 0.085137
v 0.177250 -0.004284 -0.134469
v 0.222936 -0.001359 -0.023308
v 0.147546 0.031565 0.032516
v 0.212265 -0.007221 -0.048419
v 0.220369 0.007736 0.052204
v 0.156571 0.005776 -0.133398
v 0.184959 -0.005433 -0.079395
v 0.212875 0.032572 -0.100079
v 0.203656 -0.005546 -0.129904
v 0.139746 0.119722 0.028493
v 0.228513 0.000783 -0.125167
v 0.218370 0.054610 0.060639
v 0.236890 0.019359 -0.133561
v 0.167345 -0.003714 -0.135102
v 0.169385 0.013027 0.028354
v 0.159089 0.032544 -0.118250
v 0.205971 0.007187 -0.136616
v 0.194672 0.005238 -0.138624
v 0.160214 0.014947 -0.034940
v 0.141804 0.048351 0.021118
v 0.157792 0.109639 0.007536
v 0.233302 0.024525 0.010069
v 0.186817 0.012244 -0.140574
v 0.224311 0.001893 -0.123369
v 0.191922 0.018804 0.122696
v 0.154825 0.004945 -0.065688
v 0.186405 -0.009714 -0.162565
v 0.179819 0.018248 0.124117
v 0.219180 0.101466 0.057698
v 0.155827 0.003295 0.110968
v 0.141024 0.059814 -0.018216
v 0.177932 -0.009530 -0.150412
v 0.183802 0.103431 0.104243
v 0.255832 0.003532 -0.082120
v 0.215709 0.028588 0.091142
v 0.233738 -0.002478 -0.152231
v 0.220841 0.003570 -0.127632
v 0.233227 0.019836 -0.132934
v 0.225445 0.004216 -0.128094
v 0.209927 0.010206 -0.152858
v 0.225463 0.012253 -0.129994
v 0.205157 0.023341 -0.150183
v 0.194223 0.021228 -0.148743
v 0.205809 -0.002635 0.083238
v 0.165334 0.056083 0.121924
v 0.141259 0.010322 0.083614
v 0.160740 0.011303 0.045565
v 0.148210 0.018345 0.112878
v 0.222529 -0.009503 -0.090702
v 0.140577 0.074972 0.016776
v 0.170912 -0.001927 -0.067562
v 0.250681 0.014786 -0.120269
v 0.208546 0.017223 -0.137503
v 0.185669 0.111608 0.010184
v 0.203076 0.001926 -0.149084
v 0.250988 -0.003174 -0.086598
v 0.201454 0.003272 -0.139715
v 0.238274 0.020706 -0.105381
v 0.209594 0.093239 0.037772
v 0.182406 -0.010999 -0.120646
v 0.150853 0.059873 -0.056007
v 0.231789 0.038465 0.002109
v 0.214903 0.102438 0.073291
v 0.192536 0.004329 0.030367
v 0.210282 0.001900 -0.132917
v 0.191715 -0.003040 -0.178000
v 0.144708 0.077182 -0.017526
v 0.202975 -0.007932 -0.072540
v 0.144853 0.042502 -0.031011
v 0.170081 0.072427 -0.049130
v 0.250929 0.008375 -0.052931
v 0.219630 0.017155 -0.155635
v 0.180575 0.019300 -0.157677
v 0.153874 0.003500 0.063489
v 0.207216 0.011890 -0.166911
v 0.234278 0.004153 -0.016535
v 0.145531 0.055766 0.099923
v 0.155767 0.041018 -0.084022
v 0.228916 -0.008093 -0.108468
v 0.166694 -0.004084 0.069582
v 0.172828 0.008374 -0.188310
v 0.139696 0.021351 0.096232
v 0.159085 0.011008 -0.163917
v 0.188232 0.004482 0.118576
v 0.230606 0.042921 -0.009946
v 0.200896 0.028814 -0.127689
v 0.147178 0.004432 -0.095494
v 0.256069 0.012821 -0.079883
v 0.140839 0.090997 0.034897
v 0.151052 0.107169 0.010672
v 0.254070 0.011407 -0.120123
v 0.243750 0.014345 -0.122857
v 0.223057 0.014069 -0.124936
v 0.162101 0.014073 0.119499
v 0.210830 0.078241 0.074131
v 0.183477 0.017782 -0.144145
v 0.211985 0.012643 -0.155592
v 0.220974 0.004589 0.029302
v 0.220973 -0.005459 -0.121209
v 0.218736 0.041106 -0.074050
v 0.140796 0.070166 0.066502
v 0.236255 0.001291 -0.110951
v 0.210140 0.026907 -0.122844
v 0.227810 -0.004338 -0.147844
v 0.171513 0.013994 0.005414
v 0.215509 0.002839 -0.166842
v 0.226063 0.015419 -0.151174
v 0.144116 0.098886 0.015817
v 0.196235 0.005496 -0.149177
v 0.156709 0.015021 -0.135884
v 0.175825 0.089776 -0.026840
v 0.161253 0.082980 -0.034773
v 0.152476 0.000011 0.086985
v 0.159408 0.108186 0.103616
v 0.212041 0.005133 0.087073
v 0.204366 0.021667 0.113681
v 0.213548 0.079780 0.051193
v 0.149475 0.027897 -0.036610
v 0.144363 0.044012 -0.049945
v 0.168032 0.052188 -0.082026
v 0.191728 0.047010 -0.085669
v 0.184537 0.061033 -0.060386
v 0.178592 0.051644 0.124008
v 0.206015 0.044643 0.108644
v 0.154401 0.097350 0.092697
v 0.135731 0.132501 0.060498
v 0.193329 -0.001030 -0.134006
v 0.161074 -0.004702 -0.166785
v 0.188588 -0.004920 -0.151082
v 0.181225 0.007019 -0.190622
v 0.175463 0.019352 -0.163665
v 0.145574 0.016054 -0.107021
v 0.151445 0.026032 -0.114573
v 0.190126 0.010541 -0.134294
v 0.189807 0.025200 -0.128644
v 0.156717 -0.004989 -0.088764
v 0.177372 0.036195 -0.105082
v 0.186501 0.006828 0.001204
v 0.212510 0.002656 0.021640
v 0.166511 0.023444 -0.143170
v 0.207353 -0.002105 -0.028948
v 0.162237 0.089714 0.114333
v 0.152741 0.055477 0.114335
v 0.226120 0.017449 -0.140684
v 0.241507 -0.002301 -0.137398
v 0.226207 -0.004401 -0.137903
v 0.225166 0.001059 -0.146099
v 0.216561 0.009396 -0.161373
v 0.239834 0.005698 -0.145722
v 0.236696 0.002236 -0.152648
v 0.232316 0.002180 -0.152201
v 0.210879 -0.000427 -0.157158
v 0.215735 -0.004663 -0.151503
v 0.219197 -0.004380 -0.162753
v 0.225554 -0.003058 -0.151788
v 0.225607 0.002450 -0.165269
v 0.215072 -0.003422 -0.162302
v 0.214212 0.002844 -0.165552
v 0.176778 0.017392 -0.166208
v 0.186822 0.014664 -0.165956
v 0.180992 0.016746 -0.185025
v 0.173075 0.015068 -0.181755
v 0.190588 0.014668 -0.180963
v 0.192958 0.012421 -0.179593
v 0.184960 0.017752 -0.184590
v 0.175768 0.016873 -0.185543
v 0.207205 -0.006521 -0.166761
v 0.199282 0.005567 -0.174867
v 0.197452 -0.004746 -0.164496
v 0.211931 -0.000559 -0.160682
v 0.203368 0.000743 -0.177869
v 0.211687 0.002830 -0.174805
v 0.197200 -0.002073 -0.172468
v 0.211325 -0.001928 -0.172634
v 0.199821 0.011211 -0.168907
v 0.209408 0.005899 -0.174527
v 0.202140 0.006213 -0.176521
v 0.206792 0.006465 -0.176657
v 0.249868 0.002869 -0.127574
v 0.252654 -0.001458 -0.124570
v 0.248445 -0.007284 -0.121277
v 0.236567 -0.003458 -0.117648
v 0.241013 -0.002584 -0.107699
v 0.241477 -0.007805 -0.121390
v 0.249145 0.000376 -0.130626
v 0.235320 0.002821 -0.122524
v 0.243698 0.000686 -0.132809
v 0.239852 0.000323 -0.131074
v 0.240305 -0.004354 -0.129452
v 0.247924 -0.005454 -0.128647
v 0.246935 0.001729 -0.132098
v 0.248400 0.009761 -0.126646
v 0.243253 0.005089 -0.128984
v 0.239506 0.000717 -0.150869
v 0.233742 0.007621 -0.146295
v 0.224269 0.009571 -0.159647
v 0.225237 0.004638 -0.164020
v 0.217100 0.004634 -0.166717
v 0.222450 0.005760 -0.166600
v 0.001796 0.997649 0.108589
v 0.006151 1.922598 -0.092318
v 0.007220 1.922377 -0.090093
v 0.003751 1.921450 -0.089845
v 0.003835 1.922375 -0.092391
v 0.632187 1.188334 0.072913
v 0.652297 1.212916 0.047772
v 0.675574 1.180271 0.031623
v 0.681025 1.172835 0.007463
v 0.592519 1.234854 0.074862
v 0.577913 1.236807 0.002588
v 0.614478 1.214865 -0.045198
v 0.635983 1.232300 0.056939
v 0.649849 1.220888 -0.000871
v 0.631356 1.184865 0.063845
v 0.662589 1.207793 0.019504
v 0.674629 1.192907 0.015079
v 0.636076 1.182705 -0.009306
v 0.617120 1.233415 -0.033343
v 0.653414 1.206673 -0.014014
v 0.611448 1.232227 -0.037558
v 0.572154 1.251365 0.052845
v 0.669027 1.187938 0.046411
v 0.582899 1.245919 -0.009730
v 0.597101 1.291340 0.058128
v 0.615967 1.265240 0.040591
v 0.618133 1.199847 -0.024855
v 0.661118 1.164397 -0.005273
v 0.658138 1.169190 0.056620
v 0.622013 1.227568 -0.025861
v 0.623320 1.196733 0.018160
v 0.618005 1.193442 0.061523
v 0.603528 1.210499 -0.038966
v 0.631950 1.202214 0.078904
v 0.612022 1.200127 -0.050038
v 0.582667 1.233987 0.035460
v 0.569593 1.257155 0.036595
v 0.613821 1.200521 0.001758
v 0.641360 1.173724 0.052183
v 0.677391 1.173929 0.019939
v 0.665414 1.184314 0.050324
v 0.652726 1.164968 0.038002
v 0.623198 1.204138 -0.022387
v 0.656057 1.171093 0.072153
v 0.683189 1.146397 0.073464
v 0.678177 1.154573 0.055645
v 0.701943 1.121971 0.066025
v 0.615930 1.185646 -0.047682
v 0.629377 1.193881 -0.054948
v 0.620707 1.176786 -0.048460
v 0.673889 1.162462 -0.006693
v 0.689439 1.149686 -0.029306
v 0.674245 1.144301 -0.025075
v 0.690675 1.146920 -0.020517
v 0.701843 1.128271 -0.027779
v 0.682920 1.140589 -0.033331
v 0.685849 1.124916 -0.030626
v 0.704027 1.117661 -0.025060
v 0.683454 1.144802 0.029531
v 0.685418 1.135581 0.033836
v 0.688354 1.146742 0.026916
v 0.679053 1.144423 0.038738
v 0.698256 1.119435 0.040150
v 0.724792 1.102412 0.035788
v 0.716923 1.099309 0.039241
v 0.686719 1.140341 0.017649
v 0.688031 1.127553 0.002574
v 0.710187 1.120643 -0.006158
v 0.684439 1.136293 0.013013
v 0.710438 1.122105 0.004334
v 0.697712 1.113614 0.002909
v 0.723541 1.096705 0.002419
v 0.722268 1.095713 -0.008204
v 0.718845 1.108966 0.001849
v 0.716430 1.104770 0.025602
v 0.636148 1.169586 -0.057645
v 0.586349 1.218137 0.011602
v 0.686677 1.152391 0.068251
v 0.680503 1.175179 0.036437
v 0.666937 1.182246 0.054948
v 0.656268 1.202540 0.062214
v 0.601627 1.205205 -0.029707
v 0.638999 1.206319 0.075994
v 0.624893 1.170132 -0.062734
v 0.670857 1.183057 0.001340
v 0.622035 1.203473 -0.050628
v 0.693822 1.114036 -0.039939
v 0.628853 1.225032 -0.018215
v 0.718350 1.098092 0.029713
v 0.585569 1.269664 0.005130
v 0.645026 1.233221 0.023992
v 0.689680 1.142109 -0.003337
v 0.656196 1.167517 -0.000454
v 0.621845 1.257695 0.014775
v 0.698350 1.119613 0.032237
v 0.707158 1.102563 0.034018
v 0.709558 1.116113 0.009590
v 0.575215 1.251441 0.062927
v 0.674223 1.190474 0.038505
v 0.632778 1.185596 0.049536
v 0.604648 1.202693 -0.012895
v 0.690902 1.124703 0.010954
v 0.673835 1.189878 -0.008782
v 0.647282 1.169011 -0.007700
v 0.592078 1.226833 -0.026350
v 0.689763 1.142245 -0.034821
v 0.592335 1.268929 0.001064
v 0.628832 1.197556 -0.020948
v 0.642011 1.181168 0.073374
v 0.664123 1.169451 0.048743
v 0.617816 1.188767 -0.035291
v 0.618802 1.198659 -0.053860
v 0.616818 1.210490 0.078062
v 0.655679 1.169368 0.052305
v 0.689829 1.123241 -0.023580
v 0.625520 1.185432 -0.039963
v 0.629923 1.177112 -0.044071
v 0.723271 1.099300 0.034718
v 0.640358 1.180584 -0.013742
v 0.588579 1.251909 -0.012082
v 0.676625 1.176208 -0.008713
v 0.576286 1.250292 0.028006
v 0.614612 1.199259 0.069423
v 0.696254 1.152219 0.032786
v 0.671015 1.154943 0.057801
v 0.664570 1.198501 0.006243
v 0.644531 1.172846 0.028331
v 0.679430 1.139525 0.066994
v 0.670047 1.193673 -0.014253
v 0.703899 1.107542 -0.042593
v 0.695737 1.130486 -0.020782
v 0.618790 1.197923 -0.014623
v 0.646869 1.171432 0.065873
v 0.692078 1.149520 -0.000516
v 0.580074 1.225233 0.002625
v 0.666321 1.162196 0.003326
v 0.619817 1.238591 0.072044
v 0.651169 1.167269 0.010178
v 0.712859 1.100468 -0.010471
v 0.650266 1.182404 0.073970
v 0.713127 1.106078 -0.010611
v 0.628535 1.192426 -0.039291
v 0.663933 1.193288 0.062755
v 0.685868 1.152569 0.057449
v 0.705712 1.113054 0.010577
v 0.578058 1.262513 0.014115
v 0.704075 1.103220 0.002674
v 0.695900 1.122457 0.062859
v 0.669154 1.155631 0.010367
v 0.597663 1.266089 0.072125
v 0.579289 1.234965 0.054099
v 0.665141 1.184527 -0.021874
v 0.704768 1.120626 0.044476
v 0.671922 1.179177 0.025043
v 0.663926 1.191931 0.050617
v 0.718402 1.110268 -0.002153
v 0.671320 1.181582 0.003310
v 0.647723 1.180732 -0.020413
v 0.701957 1.121149 0.027380
v 0.668739 1.168737 0.025669
v 0.588353 1.221720 0.049031
v 0.602352 1.226457 -0.036961
v 0.669960 1.176182 -0.001452
v 0.661401 1.205286 0.040111
v 0.608896 1.197147 -0.044733
v 0.678539 1.169292 0.064885
v 0.589512 1.280442 0.075204
v 0.663482 1.155385 -0.012619
v 0.640572 1.237292 0.036351
v 0.636943 1.184936 0.020853
v 0.709975 1.123266 0.027530
v 0.671877 1.172876 0.026739
v 0.691660 1.127572 -0.018688
v 0.702805 1.135980 0.027742
v 0.612056 1.260281 0.060959
v 0.676383 1.146584 0.016447
v 0.698548 1.114633 -0.024767
v 0.631012 1.194968 -0.050815
v 0.677345 1.164764 0.069796
v 0.703072 1.104896 -0.004347
v 0.686991 1.148321 0.045717
v 0.670766 1.164116 -0.026533
v 0.697578 1.146102 0.009640
v 0.683024 1.129341 -0.021985
v 0.618764 1.200061 -0.019172
v 0.587956 1.294213 0.014662
v 0.662074 1.173382 0.053721
v 0.683967 1.139767 0.059237
v 0.669462 1.165938 0.023400
v 0.664904 1.157278 0.065807
v 0.665472 1.198172 0.027619
v 0.585654 1.227204 -0.014685
v 0.597171 1.250337 0.073095
v 0.672212 1.147332 0.064298
v 0.628016 1.216336 -0.020806
v 0.664884 1.176114 0.048969
v 0.681962 1.167078 -0.016405
v 0.603986 1.231542 0.077580
v 0.585760 1.233043 0.068604
v 0.608485 1.252604 0.069693
v 0.607296 1.212983 0.028936
v 0.592156 1.223368 0.032934
v 0.605521 1.277496 0.012814
v 0.645765 1.173127 0.005369
v 0.617152 1.246950 -0.010194
v 0.666459 1.165007 0.027028
v 0.647564 1.190172 -0.020338
v 0.663862 1.167682 -0.002802
v 0.662069 1.164959 0.025449
v 0.585833 1.259265 0.071913
v 0.636244 1.230826 -0.007721
v 0.601342 1.269118 0.000299
v 0.608575 1.200545 -0.025092
v 0.671266 1.155439 0.031263
v 0.581929 1.253278 0.069666
v 0.619275 1.214681 -0.042823
v 0.635271 1.190398 -0.018735
v 0.622832 1.207293 -0.026331
v 0.621877 1.216189 -0.027514
v 0.693213 1.147907 0.014718
v 0.679945 1.165281 0.059475
v 0.666213 1.162480 0.072285
v 0.681525 1.140569 0.072144
v 0.692913 1.142568 0.065785
v 0.689104 1.126412 0.063093
v 0.695062 1.134152 0.058489
v 0.628182 1.199642 -0.041477
v 0.616973 1.190799 -0.053826
v 0.634224 1.180443 -0.044907
v 0.662550 1.156660 -0.020011
v 0.676727 1.142779 -0.014658
v 0.707055 1.121940 -0.036339
v 0.703651 1.135555 0.040131
v 0.710924 1.125920 0.032529
v 0.689129 1.129960 0.041793
v 0.708427 1.105490 0.028526
v 0.684017 1.139300 0.000529
v 0.701279 1.117783 -0.006929
v 0.699967 1.143318 0.001167
v 0.717458 1.107210 -0.007314
v 0.709982 1.100536 0.005801
v 0.629033 1.167591 -0.063274
v 0.629456 1.169695 -0.051560
v 0.637413 1.184033 -0.051555
v 0.704067 1.108618 0.039592
v 0.718254 1.115008 0.032969
v 0.723003 1.102918 0.027999
v 0.706438 1.111578 0.043376
v 0.710687 1.120072 0.042031
v 0.699332 1.126627 0.071377
v 0.703060 1.126242 0.062238
v 0.703053 1.125830 0.068473
v 0.700689 1.125154 0.059824
v 0.697255 1.125154 0.071741
v 0.696764 1.135559 0.061128
v 0.639789 1.174071 -0.060118
v 0.670556 1.179382 0.064187
v 0.664202 1.180423 0.069536
v 0.654594 1.167741 0.064945
v 0.676790 1.177342 0.042773
v 0.661973 1.165758 0.046179
v 0.662606 1.163437 0.037788
v 0.683353 1.144681 0.045233
v 0.691532 1.157898 0.040673
v 0.683595 1.168635 0.014120
v 0.668167 1.168342 0.000486
v 0.666330 1.161360 0.021201
v 0.677209 1.169851 -0.021699
v 0.657106 1.165194 -0.015301
v 0.657609 1.168730 -0.021640
v 0.718198 1.097989 0.005329
v 0.714639 1.095198 -0.006924
v 0.715136 1.093970 0.000061
v 0.721194 1.100190 -0.009708
v 0.725145 1.098301 0.000354
v 0.725623 1.099029 -0.006998
v 0.713434 1.108960 -0.034567
v 0.706678 1.105079 -0.031948
v 0.709443 1.105315 -0.040511
v 0.699675 1.106174 -0.035032
v 0.710602 1.108585 -0.030922
v 0.708478 1.118252 -0.031781
v 0.712648 1.110926 -0.041738
v 0.709071 1.111408 -0.044043
v 0.702093 1.117430 -0.044160
v 0.688161 1.125530 -0.035665
v 0.694109 1.111391 -0.030469
v 0.702324 1.128075 -0.037970
v 0.724641 1.099063 -0.005938
v 0.720628 1.102766 0.040374
v 0.718793 1.113054 0.036084
v 0.697892 1.135195 0.066237
v 0.692891 1.124005 0.069356
v 0.693076 1.129456 0.058335
v 0.629610 1.173084 -0.067519
v 0.636157 1.170605 -0.066148
v 0.634761 1.174410 -0.067772
v 0.630674 1.183909 -0.060020
v 0.626789 1.182005 -0.060925
v 0.621463 1.176950 -0.060559
v 0.637883 1.173485 -0.053288
v 0.620133 1.173286 -0.054770
v 0.637435 1.180444 -0.059258
v 0.638156 1.176209 -0.065053
v 0.186356 0.002948 -0.135393
v 0.182777 -0.002462 -0.143406
v 0.031000 1.881592 -0.042065
v 0.031095 1.885785 -0.043102
v 0.024799 1.880699 -0.050868
v 0.024832 1.884192 -0.051346
v 0.031089 1.884402 -0.051602
v 0.023816 1.876633 -0.045623
v 0.022734 1.881380 -0.047986
v 0.031265 1.876316 -0.045496
v 0.024627 1.886030 -0.043714
v 0.032291 1.885495 -0.045991
v 0.032384 1.872540 -0.045845
v -0.002346 1.865131 -0.081584
v 0.009759 1.862634 -0.077565
v 0.018423 1.876648 -0.083811
v 0.019306 1.862579 -0.070589
v 0.002626 1.871964 -0.000763
v 0.012302 1.877232 -0.001815
v 0.034405 1.874234 -0.038532
v 0.005162 1.896201 -0.088391
v 0.019208 1.895511 -0.079764
v 0.008066 1.871455 -0.007296
v -0.000600 1.865398 -0.060067
v 0.005882 1.865922 -0.056674
v 0.016905 1.870529 -0.027844
v 0.025860 1.876045 -0.076215
v 0.018801 1.866504 -0.076066
v 0.032343 1.872796 -0.057644
v 0.008282 1.877161 -0.090056
v 0.036780 1.897196 -0.044938
v 0.004560 1.861961 -0.078995
v -0.000010 1.875652 -0.082379
v 0.005554 1.871839 -0.080385
v 0.005315 1.873752 -0.074780
v 0.000643 1.872527 -0.074598
v -0.000557 1.871449 -0.081650
v 0.002830 1.875629 -0.078401
v 0.003865 1.878152 -0.084684
v 0.000462 1.882013 -0.082316
v -0.003102 1.863926 -0.079147
v 0.001824 1.868206 -0.081273
v 0.010154 1.866232 -0.065274
v 0.012275 1.875947 -0.077585
v 0.006049 1.875275 -0.080944
v 0.012761 1.881110 -0.078936
v 0.005605 1.875653 -0.079840
v 0.010306 1.876059 -0.082017
v 0.007760 1.875287 -0.075344
v 0.006590 1.881206 -0.082076
v 0.009251 1.881978 -0.081058
v 0.009325 1.869198 -0.079283
v 0.011344 1.873726 -0.071593
v 0.010743 1.871487 -0.077629
v 0.016136 1.876930 -0.071681
v 0.011570 1.876570 -0.076423
v 0.017669 1.876270 -0.072656
v 0.016713 1.881242 -0.073176
v 0.012375 1.881191 -0.077928
v 0.015674 1.869689 -0.074548
v 0.017027 1.878731 -0.077531
v 0.014678 1.883516 -0.075634
v 0.025877 1.881609 -0.041332
v 0.026200 1.882531 -0.032219
v 0.032663 1.882158 -0.032761
v 0.033183 1.886070 -0.041926
v 0.030804 1.884183 -0.031824
v 0.026227 1.885751 -0.042257
v 0.027264 1.887974 -0.032676
v 0.025332 1.878149 -0.035798
v 0.023703 1.883847 -0.039455
v 0.034613 1.883755 -0.035049
v 0.033231 1.886735 -0.039440
v 0.032795 1.887781 -0.033806
v 0.032087 1.878788 -0.038286
v 0.021902 1.874164 -0.026794
v 0.029209 1.879174 -0.051554
v 0.023586 1.884497 -0.052090
v 0.022012 1.883346 -0.058648
v 0.028043 1.875253 -0.055175
v 0.021204 1.875255 -0.052486
v 0.028367 1.882426 -0.058211
v 0.018653 1.871729 -0.052316
v 0.029733 1.874549 -0.050318
v 0.027042 1.879350 -0.027970
v 0.027633 1.864010 -0.057212
v 0.018577 1.877722 -0.064926
v 0.025396 1.878050 -0.059941
v 0.021740 1.882996 -0.059090
v 0.019007 1.882001 -0.065843
v 0.021692 1.878997 -0.058310
v 0.018259 1.874493 -0.061403
v 0.022566 1.874840 -0.065512
v 0.018318 1.880796 -0.060776
v 0.026189 1.878975 -0.064676
v 0.025016 1.883770 -0.065386
v 0.025367 1.882274 -0.060356
v 0.023421 1.870844 -0.064989
v 0.024957 1.874323 -0.061437
v 0.019775 1.880872 -0.066377
v 0.021305 1.877578 -0.066566
v 0.017958 1.881136 -0.073718
v 0.021673 1.881932 -0.068124
v 0.015603 1.873427 -0.066701
v 0.020322 1.871601 -0.069810
v 0.016416 1.881207 -0.067282
v 0.022108 1.879067 -0.071652
v 0.016508 1.880060 -0.071558
v 0.019626 1.874099 -0.014427
v 0.027319 1.891570 -0.043576
v 0.026277 1.885668 -0.043592
v 0.030857 1.884393 -0.052820
v 0.031628 1.886620 -0.043200
v 0.025880 1.894633 -0.048636
v 0.024368 1.889437 -0.048973
v 0.035381 1.889757 -0.049481
v 0.032689 1.885828 -0.046139
v 0.026551 1.885268 -0.047654
v 0.035488 1.894704 -0.051458
v 0.023595 1.891919 -0.058511
v -0.000276 1.899340 -0.071237
v 0.000175 1.902314 -0.045771
v 0.005753 1.902559 -0.057648
v 0.032634 1.890989 -0.044194
v 0.027658 1.893841 -0.034553
v 0.032609 1.892923 -0.033563
v 0.031727 1.886704 -0.043034
v 0.030913 1.888186 -0.032967
v 0.035183 1.895663 -0.039366
v 0.026765 1.896503 -0.039693
v 0.035218 1.891557 -0.038024
v 0.025577 1.886528 -0.040887
v 0.033303 1.886809 -0.034178
v 0.033495 1.887533 -0.038771
v 0.033685 1.893146 -0.043629
v 0.020529 1.899216 -0.032889
v 0.026017 1.889459 -0.052659
v 0.031520 1.888454 -0.053848
v 0.030386 1.883703 -0.053239
v 0.028355 1.886442 -0.061971
v 0.032794 1.889066 -0.055326
v 0.022929 1.888385 -0.057064
v 0.032122 1.886559 -0.058110
v 0.024859 1.883834 -0.052981
v 0.023607 1.882825 -0.058611
v 0.027835 1.882365 -0.060721
v 0.031455 1.888483 -0.061927
v 0.033353 1.894354 -0.057485
v 0.028116 1.896078 -0.031355
v 0.030509 1.894312 -0.065570
v 0.024586 1.886846 -0.068869
v 0.020354 1.886178 -0.066703
v 0.023462 1.887823 -0.060169
v 0.020131 1.882319 -0.064765
v 0.027200 1.882853 -0.060733
v 0.028537 1.887567 -0.064201
v 0.021359 1.891017 -0.063938
v 0.028393 1.885085 -0.066339
v 0.022048 1.883186 -0.063016
v 0.024148 1.881461 -0.067973
v 0.027812 1.889637 -0.068736
v 0.012777 1.894144 -0.072979
v 0.025259 1.894770 -0.074098
v 0.013727 1.899497 -0.061116
v 0.019990 1.882788 -0.066760
v 0.018225 1.885284 -0.074414
v 0.019023 1.880853 -0.074446
v 0.017670 1.890184 -0.072552
v 0.023603 1.888530 -0.074448
v 0.000213 1.893018 -0.087921
v -0.000282 1.888500 -0.083008
v 0.008973 1.876458 -0.082989
v -0.000164 1.876050 -0.084184
v 0.008788 1.882085 -0.084614
v 0.000074 1.882362 -0.086325
v -0.000521 1.884887 -0.088339
v 0.002486 1.885018 -0.083938
v 0.005511 1.884889 -0.086902
v 0.006355 1.879100 -0.087288
v 0.004384 1.876047 -0.084152
v 0.004384 1.890722 -0.089384
v 0.009573 1.892322 -0.075966
v 0.001681 1.890735 -0.078547
v 0.008813 1.893562 -0.086221
v 0.013861 1.884980 -0.079726
v 0.008039 1.883339 -0.083324
v 0.015360 1.878509 -0.079245
v 0.010042 1.884859 -0.085742
v 0.007676 1.888958 -0.081203
v 0.013153 1.881595 -0.084402
v 0.008701 1.877371 -0.083019
v 0.013836 1.895045 -0.082867
v 0.012950 1.887200 -0.085590
v 0.019780 1.887073 -0.076816
v 0.015570 1.883672 -0.081076
v 0.016001 1.886253 -0.081436
v 0.020227 1.882543 -0.078630
v 0.014898 1.881470 -0.075700
v 0.017776 1.878096 -0.076925
v 0.015155 1.890768 -0.075455
v 0.012167 1.890622 -0.078704
v 0.019824 1.891368 -0.079652
v 0.032442 1.879508 -0.029999
v 0.035648 1.886856 -0.032336
v 0.018257 1.884065 -0.014048
v 0.025203 1.896685 -0.024994
v 0.008672 1.872543 -0.059693
v 0.000079 1.876367 -0.073915
v -0.000183 1.891453 -0.039249
v 0.011372 1.892605 -0.043419
v 0.002677 1.891304 -0.027024
v 0.009157 1.887150 -0.065109
v 0.000061 1.887520 -0.054796
v 0.020422 1.887575 -0.024834
v 0.020565 1.877674 -0.046481
v 0.022647 1.876058 -0.024846
v 0.012551 1.875711 -0.066085
v 0.017484 1.889812 -0.049389
v 0.020963 1.888274 -0.035501
v -0.006954 1.885421 -0.070178
v 0.010945 1.884212 -0.070934
v 0.003058 1.875568 -0.068408
v 0.005261 1.882442 -0.076560
v 0.001073 1.887718 -0.017733
v 0.023763 1.883061 -0.026906
v 0.021021 1.881667 -0.018895
v 0.013679 1.879968 -0.069471
v 0.008032 1.877822 -0.075830
v 0.009212 1.884948 -0.005882
v -0.000299 1.893512 -0.016185
v 0.011118 1.888062 -0.002139
v 0.007306 1.889148 -0.012371
v 0.004153 1.885078 -0.009559
v 0.000034 1.888288 0.000230
v 0.023965 1.886847 -0.035531
v 0.017513 1.882100 -0.071162
v 0.028431 1.884251 -0.052635
v 0.019527 1.880352 -0.074121
v 0.031343 1.866532 -0.047114
v 0.022686 1.883075 -0.059691
v 0.033390 1.898275 -0.031016
v 0.035294 1.896819 -0.055707
v 0.025964 1.868703 -0.058457
v 0.015337 1.878847 -0.079364
v 0.006422 1.881778 -0.082159
v 0.013009 1.883809 -0.005380
v 0.026554 1.887477 -0.034630
v 0.022535 1.882258 -0.067749
v 0.012312 1.876929 -0.081642
v 0.027607 1.887532 -0.038236
v 0.019939 1.883698 -0.071219
v 0.026923 1.884725 -0.051844
v 0.029432 1.885955 -0.036606
v 0.026040 1.882927 -0.060509
v 0.028599 1.884261 -0.056910
v 0.020477 1.883864 -0.050568
v 0.001502 1.883157 0.002854
v 0.035344 1.900932 -0.036303
v 0.023870 1.880791 -0.068136
v 0.003806 1.882458 -0.004677
v 0.000800 1.877437 -0.078779
v 0.022355 1.879736 -0.072677
v -0.023834 1.879538 -0.050211
v -0.031135 1.881431 -0.042142
v -0.024516 1.883940 -0.051348
v -0.032231 1.885773 -0.044106
v -0.023905 1.876735 -0.045297
v -0.031022 1.876134 -0.046528
v -0.030889 1.884450 -0.051519
v -0.025067 1.886237 -0.042758
v -0.032300 1.873200 -0.046743
v -0.010149 1.862440 -0.077525
v -0.022229 1.862464 -0.067158
v -0.006243 1.877093 -0.090757
v -0.019758 1.875605 -0.083572
v -0.025996 1.875672 -0.076933
v -0.026787 1.875084 -0.073716
v -0.015411 1.875548 -0.006707
v -0.034485 1.874221 -0.038601
v -0.005725 1.897140 -0.024004
v -0.032028 1.894086 -0.063488
v -0.007862 1.866990 -0.052795
v -0.017165 1.870290 -0.079580
v -0.031968 1.870799 -0.055870
v -0.007111 1.888508 -0.011480
v -0.006035 1.875897 -0.080532
v 0.000116 1.874864 -0.080093
v -0.000301 1.882061 -0.082344
v -0.002905 1.875274 -0.077855
v -0.004354 1.878564 -0.084540
v -0.004081 1.869324 -0.081337
v -0.005359 1.874564 -0.077629
v -0.011626 1.876546 -0.076393
v -0.012751 1.881159 -0.078963
v -0.006611 1.881072 -0.082047
v -0.005878 1.871921 -0.080190
v -0.010397 1.871505 -0.078152
v -0.008023 1.875091 -0.074956
v -0.009529 1.882208 -0.080810
v -0.011411 1.873673 -0.071264
v -0.012271 1.875853 -0.077638
v -0.016777 1.878063 -0.077414
v -0.014597 1.883462 -0.075422
v -0.012389 1.881311 -0.077848
v -0.015369 1.870028 -0.074840
v -0.032266 1.887695 -0.033363
v -0.025265 1.877978 -0.036652
v -0.025731 1.881507 -0.041327
v -0.023804 1.884534 -0.035005
v -0.024124 1.886071 -0.040696
v -0.033161 1.886619 -0.041352
v -0.034190 1.886881 -0.035537
v -0.029250 1.885996 -0.036498
v -0.028850 1.884117 -0.031564
v -0.032333 1.878808 -0.037453
v -0.022278 1.874642 -0.026316
v -0.026343 1.881892 -0.031623
v -0.031327 1.866385 -0.047698
v -0.025333 1.877830 -0.060121
v -0.022113 1.879339 -0.058722
v -0.026558 1.882916 -0.060396
v -0.023666 1.884523 -0.051883
v -0.026232 1.880626 -0.051067
v -0.022100 1.883260 -0.058883
v -0.028997 1.884142 -0.053159
v -0.020929 1.875199 -0.053335
v -0.028567 1.875429 -0.052976
v -0.018364 1.871307 -0.051656
v -0.021824 1.874858 -0.018302
v -0.032330 1.879620 -0.029951
v -0.026026 1.867753 -0.058327
v -0.021829 1.877247 -0.066895
v -0.018993 1.882115 -0.065634
v -0.022126 1.882196 -0.067890
v -0.018555 1.874329 -0.059998
v -0.024169 1.872866 -0.063044
v -0.021401 1.882892 -0.059241
v -0.026335 1.882394 -0.061000
v -0.027877 1.873407 -0.056352
v -0.012461 1.867151 -0.061535
v -0.008952 1.867220 -0.066947
v -0.018521 1.877680 -0.064851
v -0.015430 1.876020 -0.071339
v -0.021058 1.881508 -0.067412
v -0.020300 1.871671 -0.069986
v -0.022105 1.879038 -0.071655
v -0.018777 1.881244 -0.066053
v -0.016429 1.880018 -0.071681
v -0.018077 1.872692 -0.071449
v -0.023219 1.870539 -0.065293
v -0.012649 1.871918 -0.006949
v -0.027055 1.891676 -0.043579
v -0.031621 1.886526 -0.043264
v -0.032512 1.891052 -0.043936
v -0.027754 1.884626 -0.052756
v -0.026045 1.894191 -0.049574
v -0.034360 1.892368 -0.048565
v -0.024512 1.889779 -0.049167
v -0.035452 1.889038 -0.049984
v -0.025250 1.884596 -0.049572
v -0.032045 1.884740 -0.049643
v -0.027476 1.885748 -0.047443
v -0.035653 1.897881 -0.047010
v -0.033376 1.898394 -0.033218
v -0.008960 1.901849 -0.059229
v -0.027795 1.893754 -0.034443
v -0.032359 1.892648 -0.033594
v -0.031483 1.886976 -0.043303
v -0.032777 1.887573 -0.033343
v -0.034851 1.895414 -0.038614
v -0.035288 1.891533 -0.038016
v -0.025693 1.887339 -0.035908
v -0.033673 1.887557 -0.038158
v -0.029546 1.888088 -0.032868
v -0.033426 1.886102 -0.041753
v -0.033724 1.893305 -0.043001
v -0.019232 1.899435 -0.033559
v -0.025706 1.889889 -0.052943
v -0.031140 1.888154 -0.053725
v -0.025524 1.883837 -0.052621
v -0.030317 1.883749 -0.053209
v -0.031715 1.888421 -0.061355
v -0.022939 1.888901 -0.057156
v -0.031437 1.888421 -0.059020
v -0.032225 1.886700 -0.056691
v -0.023562 1.882895 -0.058858
v -0.027751 1.882336 -0.060655
v -0.025244 1.883690 -0.055671
v -0.029204 1.883505 -0.056952
v -0.018425 1.898960 -0.049565
v -0.033329 1.889558 -0.055371
v -0.023516 1.887766 -0.060143
v -0.026322 1.896865 -0.031032
v -0.023510 1.885827 -0.068377
v -0.028343 1.886426 -0.062075
v -0.020106 1.882403 -0.065028
v -0.027007 1.883076 -0.060442
v -0.026225 1.888043 -0.068259
v -0.020829 1.887715 -0.062558
v -0.027987 1.885412 -0.067326
v -0.022593 1.882975 -0.059894
v -0.026068 1.880524 -0.063945
v -0.024133 1.883412 -0.063447
v -0.024203 1.881512 -0.067960
v -0.023432 1.891768 -0.058696
v -0.012170 1.896878 -0.069741
v -0.020308 1.886253 -0.066725
v -0.018828 1.885219 -0.074678
v -0.018784 1.881362 -0.074145
v -0.023752 1.880824 -0.068132
v -0.017499 1.886153 -0.074237
v -0.019943 1.882768 -0.066763
v -0.017626 1.882182 -0.070914
v -0.023891 1.888662 -0.074208
v -0.025002 1.894738 -0.074373
v -0.024791 1.888062 -0.070635
v -0.008187 1.882909 -0.083486
v -0.001385 1.883312 -0.084549
v 0.000264 1.876033 -0.084171
v -0.003255 1.888937 -0.080781
v -0.009003 1.876549 -0.082919
v -0.008724 1.877386 -0.083052
v -0.008777 1.882149 -0.084799
v -0.015258 1.878490 -0.079115
v -0.008170 1.889236 -0.080759
v -0.013136 1.881417 -0.084389
v -0.012079 1.892927 -0.074849
v -0.019840 1.886306 -0.076226
v -0.013946 1.884697 -0.079797
v -0.015726 1.883709 -0.081153
v -0.019671 1.881898 -0.079027
v -0.014850 1.890851 -0.075681
v -0.015296 1.880558 -0.075543
v -0.015303 1.879019 -0.079405
v -0.017842 1.878059 -0.077075
v -0.011945 1.890702 -0.078738
v -0.020782 1.894205 -0.078736
v -0.035557 1.885565 -0.032417
v -0.035488 1.901010 -0.036515
v -0.024009 1.896555 -0.024225
v -0.029052 1.878793 -0.025771
v -0.006850 1.871389 -0.060099
v -0.016842 1.870589 -0.028051
v -0.013387 1.874956 -0.011570
v -0.022290 1.875914 -0.025942
v -0.011687 1.884555 -0.069884
v -0.019566 1.889818 -0.041310
v -0.019381 1.888070 -0.025247
v -0.012425 1.875592 -0.066072
v -0.005435 1.881611 -0.077179
v -0.007411 1.876774 -0.074524
v -0.020400 1.883456 -0.050685
v -0.023660 1.884146 -0.026627
v -0.013791 1.879627 -0.069194
v -0.020326 1.877981 -0.047822
v -0.019998 1.881735 -0.017961
v -0.015574 1.883759 -0.011960
v -0.011173 1.880581 0.000420
v -0.011543 1.885372 -0.005708
v -0.003093 1.885252 -0.010193
v -0.025666 1.887822 -0.033755
v -0.010016 1.876233 -0.082237
v -0.017643 1.876610 -0.072663
v -0.006015 1.896092 -0.088036
v -0.019663 1.890439 -0.068285
v -0.018968 1.890998 -0.081075
v -0.008688 1.879290 -0.075823
v -0.017095 1.881108 -0.073106
v -0.004690 1.875899 -0.084209
v 0.000186 1.882709 -0.087138
v -0.025682 1.886568 -0.040766
v -0.000302 1.863594 -0.065764
v -0.004531 1.879787 -0.088067
v -0.014494 1.890756 -0.082937
v -0.012334 1.876930 -0.081595
v -0.029076 1.879277 -0.051507
v -0.005001 1.890389 -0.089169
v -0.009312 1.893581 -0.086031
v -0.029652 1.882563 -0.056223
v -0.030862 1.885295 -0.043124
v -0.027325 1.887431 -0.038450
v -0.019688 1.880440 -0.074171
v -0.016783 1.887884 -0.080568
v -0.013388 1.892460 -0.044642
v -0.026857 1.896590 -0.038844
v -0.010772 1.888233 -0.001818
v -0.022910 1.881623 -0.073775
v -0.010252 1.884947 -0.085695
v -0.032449 1.882716 -0.032274
v -0.003905 1.881732 -0.005685
v -0.000045 1.874594 -0.006565
v -0.033393 1.897956 -0.030870
v -0.010735 1.868913 -0.078593
v -0.027036 1.895809 -0.042078
v -0.035856 1.897391 -0.055135
v -0.033293 1.893830 -0.058307
v -0.029003 1.889233 -0.066997
v -0.012862 1.886985 -0.085553
v -0.006343 1.881742 -0.082127
v -0.018251 1.880632 -0.061129
v -0.025572 1.883437 -0.066023
v -0.018766 1.882996 -0.073167
v -0.015472 1.873409 -0.066795
v -0.026058 1.885635 -0.043681
v -0.021602 1.879602 -0.071847
v 0.041049 1.969219 -0.069802
v 0.048228 1.964858 -0.069427
v 0.043523 1.952948 -0.069471
v 0.032069 1.957637 -0.069405
v 0.034584 1.967653 -0.069406
v 0.040315 1.960960 -0.073358
v 0.034662 1.955636 -0.068080
v 0.038753 1.953297 -0.068080
v 0.047773 1.958245 -0.068080
v 0.044902 1.954522 -0.068080
v 0.032323 1.959727 -0.068080
v 0.032922 1.964399 -0.068080
v 0.048372 1.962917 -0.068080
v 0.046033 1.967008 -0.068080
v 0.041942 1.969347 -0.068080
v 0.035793 1.968122 -0.068080
v 0.025669 1.961202 -0.044101
v 0.035992 1.970218 -0.039844
v 0.047800 1.950342 -0.042782
v 0.030139 1.975977 -0.052141
v 0.023065 1.966648 -0.051904
v 0.053585 1.964313 -0.067090
v 0.047503 1.971281 -0.068522
v 0.043937 1.943728 -0.050858
v 0.047880 1.962196 -0.038507
v 0.054614 1.958435 -0.043690
v 0.025628 1.952098 -0.049641
v 0.032096 1.949093 -0.044215
v 0.039246 1.952527 -0.039201
v 0.047344 1.959569 -0.072255
v 0.058071 1.956498 -0.051553
v 0.031965 1.959759 -0.039283
v 0.052988 1.948447 -0.051188
v 0.039428 1.974570 -0.067397
v 0.044900 1.977903 -0.049792
v 0.052322 1.973435 -0.050177
v 0.046839 1.972287 -0.042477
v 0.054384 1.971895 -0.059796
v 0.039756 1.964959 -0.037524
v 0.033247 1.953938 -0.070570
v 0.033351 1.974897 -0.044690
v 0.033587 1.968649 -0.070502
v 0.035700 1.943934 -0.052539
v 0.039806 1.960199 -0.075177
v 0.042336 1.943792 -0.063433
v 0.025681 1.969603 -0.062517
v 0.057894 1.959010 -0.060604
v 0.055402 1.967221 -0.046444
v 0.053491 1.949853 -0.061525
v 0.041501 1.979368 -0.057389
v 0.045037 1.949296 -0.068461
v 0.041948 1.965230 -0.073988
v 0.028062 1.954615 -0.067127
v 0.029072 1.964143 -0.069241
v 0.031445 1.975130 -0.062995
v 0.030710 1.946868 -0.061760
v 0.022996 1.957020 -0.060043
v 0.033548 1.956768 -0.069095
v 0.038753 1.953297 -0.069095
v 0.044902 1.954522 -0.069095
v 0.048372 1.959727 -0.069095
v 0.041257 1.959149 -0.068760
v 0.034662 1.967019 -0.069095
v 0.032322 1.962912 -0.069095
v 0.039438 1.963497 -0.068760
v 0.038761 1.969348 -0.069095
v 0.044902 1.968122 -0.069095
v 0.047773 1.964399 -0.069095
v 0.039010 1.959444 -0.068735
v 0.041685 1.963201 -0.068735
v 0.042753 1.961323 -0.068657
v 0.037942 1.961323 -0.068657
v -0.045554 1.954197 -0.069430
v -0.036605 1.953965 -0.069417
v -0.034629 1.967627 -0.069421
v -0.040862 1.969268 -0.069725
v -0.040334 1.960985 -0.073359
v -0.031854 1.959716 -0.069408
v -0.047934 1.965351 -0.069414
v -0.035793 1.954522 -0.068080
v -0.048372 1.959727 -0.068080
v -0.046033 1.955636 -0.068080
v -0.041942 1.953297 -0.068080
v -0.032323 1.959727 -0.068080
v -0.033548 1.965877 -0.068080
v -0.047773 1.964399 -0.068080
v -0.044902 1.968122 -0.068080
v -0.038753 1.969347 -0.068080
v -0.053089 1.953488 -0.044194
v -0.026668 1.967571 -0.045011
v -0.030477 1.975994 -0.050444
v -0.023366 1.967967 -0.056836
v -0.052085 1.960523 -0.069062
v -0.042640 1.943235 -0.051576
v -0.046048 1.961426 -0.037702
v -0.045347 1.972409 -0.041769
v -0.026596 1.951063 -0.049468
v -0.027933 1.955492 -0.042893
v -0.022516 1.961355 -0.051509
v -0.048564 1.977206 -0.055122
v -0.055750 1.962665 -0.044969
v -0.039640 1.953125 -0.039025
v -0.033140 1.961373 -0.038460
v -0.046768 1.976220 -0.047187
v -0.039666 1.964530 -0.074385
v -0.048126 1.968067 -0.070194
v -0.057236 1.966780 -0.059627
v -0.046341 1.947191 -0.045671
v -0.026385 1.949806 -0.057593
v -0.037137 1.977633 -0.048246
v -0.055667 1.969075 -0.049195
v -0.033578 1.944367 -0.056553
v -0.057997 1.956086 -0.052676
v -0.055567 1.953607 -0.062145
v -0.034888 1.969160 -0.039456
v -0.035097 1.961243 -0.073404
v -0.034399 1.971622 -0.068881
v -0.040736 1.943980 -0.063352
v -0.030157 1.949576 -0.065034
v -0.041995 1.959802 -0.074903
v -0.028079 1.963850 -0.068621
v -0.036152 1.947766 -0.043847
v -0.045496 1.947753 -0.067305
v -0.033052 1.953316 -0.070150
v -0.028376 1.973070 -0.063188
v -0.039646 1.974620 -0.067713
v -0.047553 1.975992 -0.062176
v -0.038238 1.978757 -0.057888
v -0.024041 1.957538 -0.062113
v -0.050552 1.945633 -0.056862
v -0.033548 1.956768 -0.069095
v -0.041607 1.959404 -0.068751
v -0.038753 1.953297 -0.069095
v -0.044902 1.954522 -0.069095
v -0.047773 1.958245 -0.069095
v -0.034662 1.967019 -0.069095
v -0.032323 1.962912 -0.069095
v -0.042710 1.961319 -0.068744
v -0.038761 1.969348 -0.069095
v -0.044902 1.968122 -0.069095
v -0.048372 1.962917 -0.069095
v -0.038022 1.961785 -0.068590
v -0.038442 1.960053 -0.068764
v -0.039884 1.958993 -0.068581
v -0.039056 1.963215 -0.068761
v -0.041260 1.963505 -0.068742
vn -0.0748 -0.0055 0.9972
vn 0.0005 0.9481 0.3180
vn -0.0132 0.1492 -0.9887
vn -0.1161 -0.9625 -0.2451
vn -0.0022 0.9679 -0.2513
vn 0.3211 0.1310 -0.9379
vn -0.1278 -0.4218 0.8977
vn 0.1015 0.9250 -0.3662
vn 0.0567 0.9023 -0.4274
vn -0.0082 -0.4220 -0.9066
vn -0.0395 -0.2805 -0.9590
vn 0.0495 -0.9982 0.0337
vn 0.0025 -0.3180 0.9481
vn -0.0315 0.5050 -0.8625
vn 0.0536 -0.0777 -0.9955
vn 0.0137 0.1973 -0.9802
vn -0.3082 0.0550 0.9497
vn -0.0056 0.4252 0.9051
vn -0.0364 0.2277 0.9731
vn -0.0043 -0.1523 0.9883
vn 0.0151 0.3853 -0.9227
vn -0.0290 0.3999 0.9161
vn -0.0151 -0.1062 -0.9942
vn 0.0295 -0.1319 0.9908
vn -0.0046 0.0620 0.9981
vn -0.0682 0.9942 -0.0836
vn 0.0009 -0.1368 0.9906
vn 0.0020 -0.2133 0.9770
vn 0.0043 0.2579 -0.9662
vn -0.0498 -0.4720 -0.8802
vn 0.0055 0.3509 -0.9364
vn -0.0156 0.3868 -0.9220
vn -0.2041 -0.8997 -0.3858
vn 0.0022 -0.0738 -0.9973
vn -0.0274 -0.1315 0.9909
vn -0.2328 -0.9112 0.3400
vn -0.1018 -0.5513 0.8281
vn -0.0182 0.3493 -0.9368
vn -0.0709 0.9883 0.1351
vn 0.0790 0.2380 0.9680
vn -0.0286 0.0082 0.9996
vn 0.0012 0.0049 -1.0000
vn -0.1066 0.8554 0.5069
vn 0.0146 -0.2424 0.9701
vn 0.0144 0.1139 0.9934
vn -0.0166 -0.9900 -0.1401
vn -0.0165 -0.8985 -0.4387
vn -0.1701 -0.7628 -0.6238
vn -0.0586 -0.3545 -0.9332
vn 0.1679 -0.3973 0.9022
vn -0.5970 0.3754 0.7090
vn -0.7539 0.5587 0.3455
vn -0.0942 0.4150 -0.9049
vn -0.2758 0.0575 0.9595
vn 0.2245 -0.0952 -0.9698
vn -0.6715 0.5678 0.4761
vn -0.7752 0.6164 0.1381
vn 0.5449 -0.5377 -0.6434
vn 0.5605 -0.8100 0.1724
vn -0.1219 0.3912 -0.9122
vn -0.2821 0.3837 -0.8793
vn -0.5870 0.6255 -0.5140
vn -0.7810 0.5369 0.3190
vn -0.1398 -0.2556 0.9566
vn 0.5000 -0.4248 -0.7547
vn 0.6362 -0.6993 -0.3260
vn 0.6210 -0.7624 0.1820
vn -0.3505 0.6092 -0.7114
vn 0.1195 0.1037 -0.9874
vn 0.6685 -0.6895 -0.2788
vn 0.3236 -0.3444 0.8813
vn 0.3816 -0.2746 0.8826
vn -0.5270 0.2730 0.8048
vn 0.3967 -0.6931 0.6019
vn -0.3591 -0.0411 0.9324
vn 0.3044 -0.4803 0.8225
vn -0.4773 0.2926 0.8286
vn -0.3974 0.2662 0.8782
vn -0.0287 0.1980 -0.9798
vn -0.7195 0.6076 -0.3363
vn -0.3940 0.4373 -0.8084
vn 0.4489 -0.3876 -0.8051
vn 0.5652 -0.6259 -0.5374
vn -0.9488 -0.3129 0.0433
vn -0.9412 -0.3086 0.1375
vn -0.8369 0.3001 -0.4578
vn -0.7801 0.0720 0.6215
vn -0.8526 -0.1712 0.4938
vn -0.5226 0.7768 0.3515
vn -0.7156 0.4101 -0.5655
vn -0.7555 0.6329 0.1694
vn -0.6620 0.1347 -0.7373
vn -0.4040 0.7147 0.5709
vn -0.9064 -0.4023 -0.1288
vn -0.7925 0.5495 -0.2644
vn -0.7767 0.1857 0.6019
vn -0.6087 0.6413 -0.4672
vn -0.5614 0.1447 0.8148
vn -0.3601 0.1131 0.9260
vn -0.6471 -0.1298 0.7513
vn -0.2161 -0.2361 0.9474
vn -0.6189 0.6937 0.3685
vn -0.3673 0.8416 0.3959
vn -0.3104 0.9204 -0.2377
vn -0.1314 0.0911 0.9871
vn -0.9255 0.0638 -0.3733
vn -0.6892 -0.7189 -0.0899
vn -0.2749 0.3858 -0.8807
vn -0.3540 -0.0319 -0.9347
vn -0.4599 0.3248 -0.8264
vn -0.4118 -0.8577 -0.3078
vn -0.2396 0.1767 -0.9546
vn -0.8582 0.3554 0.3704
vn -0.9451 0.1242 0.3023
vn -0.5877 0.5640 0.5800
vn -0.2505 0.7016 0.6670
vn -0.5785 0.7720 -0.2634
vn -0.4804 -0.1440 -0.8651
vn -0.1382 -0.1031 -0.9850
vn -0.2600 -0.6765 -0.6890
vn -0.1865 -0.3551 -0.9160
vn -0.7278 -0.3516 -0.5888
vn -0.0886 0.0152 -0.9959
vn -0.6987 0.5194 0.4920
vn -0.4620 0.2228 0.8584
vn -0.9960 0.0645 0.0619
vn -0.9282 -0.3114 -0.2036
vn -0.7457 -0.0243 0.6659
vn -0.9087 -0.0730 0.4109
vn -0.0657 0.9922 0.1063
vn -0.5324 0.2474 -0.8095
vn -0.7546 -0.2416 0.6101
vn -0.4992 -0.3408 0.7966
vn -0.1854 -0.2159 0.9587
vn -0.5004 -0.3621 0.7864
vn -0.2348 -0.4114 0.8807
vn -0.9878 -0.1557 -0.0069
vn -0.7646 0.0522 -0.6424
vn -0.6851 0.4427 -0.5785
vn -0.7275 -0.5542 -0.4044
vn -0.6461 0.0504 -0.7616
vn -0.5913 -0.4214 -0.6876
vn -0.3897 -0.8366 -0.3850
vn -0.9156 -0.2925 -0.2758
vn -0.4294 0.5474 -0.7183
vn -0.6452 -0.1199 -0.7545
vn -0.4193 -0.0794 -0.9044
vn 0.8113 -0.1335 -0.5691
vn 0.5337 -0.2454 -0.8093
vn 0.5189 -0.1371 -0.8438
vn -0.9465 -0.0705 -0.3150
vn -0.9983 -0.0330 0.0470
vn -0.9285 0.1165 0.3525
vn -0.5867 -0.0045 0.8098
vn -0.6539 0.1019 0.7497
vn -0.3471 0.0720 0.9351
vn -0.2835 0.0726 0.9562
vn 0.2851 -0.2637 0.9215
vn 0.2106 -0.0306 0.9771
vn 0.5239 0.1693 0.8348
vn 0.9837 -0.0105 0.1795
vn -0.2559 0.0176 -0.9666
vn -0.1838 -0.1921 -0.9640
vn 0.0540 -0.0704 -0.9961
vn 0.8501 0.0605 0.5231
vn -0.0841 0.0440 0.9955
vn 0.0923 0.1378 0.9861
vn 0.9406 -0.1833 -0.2859
vn 0.7882 -0.2374 -0.5678
vn 0.3915 -0.2161 -0.8944
vn -0.9773 -0.1604 -0.1385
vn -0.9650 -0.0710 0.2525
vn -0.6487 -0.1399 0.7481
vn -0.4855 -0.1163 0.8665
vn 0.0734 -0.0286 0.9969
vn 0.0526 -0.0383 0.9979
vn 0.6862 -0.1045 0.7199
vn 0.6227 -0.0760 0.7788
vn 0.9443 -0.1269 0.3036
vn -0.9739 -0.1357 -0.1817
vn 0.3360 -0.0540 0.9403
vn 0.3320 -0.0856 0.9394
vn -0.1559 -0.1230 0.9801
vn 0.7715 -0.0483 -0.6343
vn 0.3751 -0.0511 -0.9256
vn -0.7507 -0.0159 -0.6604
vn -0.9833 0.0233 0.1803
vn -0.9492 -0.0042 0.3146
vn -0.8926 0.0749 0.4445
vn -0.6085 0.0457 0.7923
vn 0.9420 -0.1299 0.3093
vn 0.9590 -0.2210 -0.1775
vn -0.9817 0.0062 -0.1904
vn 0.7243 -0.1349 0.6761
vn -0.0592 -0.0373 0.9975
vn 0.7331 -0.1884 -0.6535
vn -0.7739 0.1339 -0.6190
vn -0.9701 0.1543 -0.1872
vn -0.2422 -0.2232 0.9442
vn 0.9546 -0.2257 -0.1943
vn 0.5356 -0.3390 -0.7735
vn -0.9027 -0.0513 -0.4273
vn -0.6806 0.1777 0.7107
vn -0.3551 0.2515 0.9004
vn 0.1718 0.2210 0.9600
vn 0.5312 0.1280 0.8375
vn 0.6170 -0.0613 -0.7846
vn 0.5091 -0.1301 -0.8508
vn -0.1806 -0.2415 -0.9535
vn 0.9715 -0.1647 -0.1705
vn 0.8038 -0.1619 -0.5725
vn 0.3972 -0.1848 -0.8989
vn -0.7496 -0.1982 -0.6315
vn -0.9940 -0.1060 0.0256
vn -0.6094 -0.1205 0.7837
vn -0.3471 -0.1947 0.9174
vn 0.0927 -0.1360 0.9864
vn 0.9227 -0.2465 0.2965
vn 0.2870 -0.2937 -0.9118
vn -0.6094 0.3011 0.7335
vn -0.2103 0.3374 0.9176
vn 0.9786 -0.0374 0.2024
vn -0.9736 0.1478 0.1739
vn -0.7376 -0.0104 0.6752
vn -0.1955 0.6568 -0.7282
vn -0.6272 0.0350 -0.7781
vn -0.7825 -0.1366 -0.6074
vn -0.3869 0.6835 -0.6190
vn -0.4286 -0.0272 -0.9031
vn -0.5307 -0.1111 0.8402
vn -0.4807 -0.1443 0.8650
vn -0.5014 -0.0094 0.8652
vn -0.1799 0.6768 -0.7139
vn -0.8161 0.0381 -0.5766
vn 0.0050 0.3935 0.9193
vn -0.6674 -0.0663 0.7418
vn -0.5929 -0.2367 -0.7697
vn -0.0194 0.0187 -0.9996
vn -0.7292 0.0640 -0.6813
vn -0.5831 -0.0372 -0.8115
vn -0.6857 -0.3771 -0.6226
vn -0.0776 0.2006 -0.9766
vn -0.3560 0.3105 -0.8814
vn -0.4686 0.1531 -0.8700
vn -0.8229 0.5663 -0.0456
vn -0.7810 0.5864 0.2146
vn 0.8246 -0.5238 -0.2135
vn 0.6006 -0.7334 -0.3183
vn 0.5453 -0.8285 -0.1279
vn -0.7016 0.5647 -0.4347
vn -0.6690 0.5756 -0.4702
vn 0.5604 -0.3933 -0.7289
vn -0.1704 0.0740 -0.9826
vn -0.1691 0.1320 -0.9767
vn -0.6069 0.4580 0.6496
vn -0.6704 0.4376 0.5993
vn 0.3695 -0.3462 0.8623
vn -0.4578 0.3823 -0.8027
vn -0.4590 0.3729 -0.8064
vn 0.1263 -0.1678 -0.9777
vn 0.3564 -0.3204 -0.8777
vn 0.0865 -0.1942 -0.9771
vn -0.7673 0.5789 0.2758
vn -0.7360 0.6608 0.1469
vn 0.8308 -0.5073 0.2290
vn 0.7588 -0.6494 0.0490
vn 0.6393 -0.6993 0.3199
vn 0.5798 -0.4881 -0.6524
vn 0.7427 -0.4931 -0.4531
vn 0.7095 -0.6457 -0.2824
vn 0.7159 -0.5904 -0.3728
vn 0.8443 -0.5242 -0.1113
vn -0.6206 0.3562 -0.6986
vn -0.1891 0.5770 0.7945
vn 0.1384 0.2688 0.9532
vn -0.4763 0.2238 -0.8503
vn 0.0260 0.1722 0.9847
vn -0.4424 -0.1530 0.8837
vn -0.1076 -0.2384 0.9652
vn -0.9943 -0.0826 0.0668
vn -0.7561 0.2183 0.6169
vn -0.8418 0.1699 0.5124
vn -0.9719 0.1731 0.1597
vn 0.6270 -0.0225 0.7787
vn -0.9369 0.1776 -0.3012
vn -0.3119 0.1577 0.9369
vn -0.0544 0.1000 -0.9935
vn -0.1567 -0.0281 0.9872
vn 0.0995 0.2824 0.9541
vn 0.0333 0.4136 0.9099
vn 0.0595 0.0097 -0.9982
vn -0.3104 0.1956 -0.9303
vn -0.1836 0.3338 0.9246
vn -0.2028 -0.1842 0.9617
vn -0.3164 0.9146 0.2517
vn -0.2479 0.8940 -0.3732
vn 0.0696 0.3503 0.9341
vn 0.2416 -0.5356 -0.8092
vn -0.0259 0.1642 -0.9861
vn -0.3567 0.8316 0.4256
vn 0.7204 -0.5322 -0.4447
vn -0.5868 0.4549 0.6699
vn 0.8847 -0.4552 -0.1007
vn 0.4799 -0.4661 0.7432
vn -0.4998 0.3095 -0.8089
vn 0.4377 -0.4511 -0.7778
vn 0.7864 -0.5992 0.1498
vn -0.6331 0.6912 0.3485
vn -0.4484 -0.2224 0.8657
vn -0.7082 0.6487 -0.2787
vn -0.3909 0.4797 0.7855
vn -0.3508 -0.1077 -0.9302
vn -0.0323 -0.0099 -0.9994
vn 0.4753 -0.6997 -0.5334
vn -0.8064 0.1323 -0.5764
vn 0.3539 -0.4549 -0.8172
vn -0.3711 0.1392 -0.9181
vn 0.2484 0.0510 -0.9673
vn -0.9613 0.1335 0.2410
vn -0.8652 0.1724 -0.4708
vn -0.1830 -0.1044 -0.9776
vn -0.2179 -0.2954 -0.9302
vn 0.9375 -0.3393 0.0767
vn -0.0501 -0.2317 0.9715
vn -0.9794 -0.0782 -0.1861
vn -0.7378 0.0045 -0.6750
vn -0.6730 -0.0662 -0.7367
vn -0.9162 -0.0925 -0.3900
vn -0.1544 0.6530 -0.7414
vn -0.6046 0.0126 -0.7965
vn -0.2776 0.5682 -0.7747
vn -0.8385 -0.2733 0.4714
vn -0.3297 -0.2427 -0.9123
vn -0.1504 0.3380 -0.9291
vn -0.1597 0.0024 0.9872
vn -0.2501 0.0247 0.9679
vn -0.2345 0.0601 0.9703
vn -0.6035 0.2724 -0.7494
vn -0.9792 -0.0953 -0.1788
vn -0.8775 -0.0719 -0.4742
vn -0.0592 0.5589 -0.8271
vn -0.6017 -0.7673 -0.2217
vn 0.1229 -0.5000 0.8573
vn -0.2670 0.0154 0.9636
vn -0.7658 0.6379 0.0815
vn -0.1302 0.8369 -0.5317
vn -0.6529 0.4893 -0.5782
vn -0.1636 0.6273 -0.7614
vn 0.0259 0.7517 -0.6590
vn -0.7401 0.0259 -0.6720
vn 0.1155 0.2808 -0.9528
vn 0.1359 0.1211 -0.9833
vn -0.5748 -0.1767 -0.7990
vn -0.7525 0.6295 0.1935
vn -0.4140 0.5305 0.7397
vn -0.2846 0.0911 -0.9543
vn -0.4325 -0.5681 -0.7002
vn -0.3479 -0.1976 -0.9165
vn -0.9601 0.0340 -0.2774
vn -0.9875 -0.1524 0.0394
vn -0.4325 0.1694 0.8856
vn -0.9309 0.0774 0.3569
vn 0.2619 -0.0755 0.9621
vn -0.9942 -0.0632 -0.0870
vn -0.8468 -0.0789 -0.5259
vn -0.6645 0.2516 0.7036
vn -0.3332 -0.1258 -0.9344
vn -0.9770 -0.1843 0.1073
vn -0.0533 0.3522 0.9344
vn 0.2242 0.2386 0.9449
vn -0.6937 0.0489 -0.7186
vn -0.8189 0.1632 0.5503
vn -0.8962 0.1915 0.4001
vn -0.3542 -0.0708 0.9325
vn 0.6551 -0.3560 0.6664
vn -0.4822 -0.0782 -0.8726
vn -0.3791 0.1032 -0.9196
vn -0.5093 -0.0075 -0.8606
vn -0.5389 0.1012 -0.8363
vn -0.0701 0.4100 0.9094
vn -0.3304 -0.1115 -0.9372
vn -0.0476 0.1370 -0.9894
vn -0.3021 0.0673 -0.9509
vn -0.1988 -0.8841 -0.4229
vn -0.2188 -0.0705 -0.9732
vn -0.2667 -0.1163 -0.9567
vn 0.4681 -0.8648 -0.1817
vn 0.2931 0.0771 0.9530
vn -0.0964 0.1702 0.9807
vn 0.2483 0.2828 0.9265
vn 0.3041 -0.6312 0.7135
vn -0.9081 -0.0393 0.4169
vn -0.8929 0.1517 0.4239
vn -0.9294 0.1104 0.3523
vn -0.9162 0.0827 -0.3921
vn 0.3324 -0.9404 -0.0715
vn -0.2620 -0.9611 0.0869
vn -0.9289 -0.3051 0.2098
vn -0.7710 0.6325 -0.0738
vn -0.9178 0.3950 -0.0396
vn -0.9772 0.2055 0.0534
vn -0.3122 0.9484 -0.0546
vn -0.5646 0.8205 -0.0892
vn -0.1153 -0.1749 -0.9778
vn -0.8884 -0.4591 0.0005
vn -0.4906 -0.0108 -0.8713
vn 0.4217 0.0913 -0.9021
vn 0.1841 -0.0928 -0.9785
vn -0.5136 -0.0526 -0.8564
vn -0.1823 0.0343 -0.9826
vn -0.8455 -0.0948 0.5254
vn -0.2214 -0.0970 0.9703
vn -0.0024 -0.1370 0.9906
vn -0.0042 0.3432 -0.9392
vn -0.2441 0.1941 -0.9501
vn -0.9298 -0.2976 0.2165
vn -0.7262 -0.3871 0.5681
vn -0.9925 -0.0844 -0.0884
vn -0.8189 -0.1755 -0.5464
vn -0.8995 -0.0525 -0.4338
vn -0.3742 0.1692 -0.9118
vn -0.2921 0.0578 -0.9546
vn -0.5300 0.0665 -0.8454
vn -0.6028 -0.2350 -0.7625
vn -0.3709 0.1561 -0.9155
vn -0.1669 -0.2987 0.9397
vn 0.0503 -0.2538 0.9660
vn -0.2808 0.7891 -0.5464
vn -0.0973 0.4892 -0.8667
vn -0.2466 0.4025 -0.8816
vn -0.9842 -0.1753 0.0246
vn -0.9557 -0.0551 -0.2892
vn -0.8500 -0.3625 0.3822
vn -0.6334 -0.3358 -0.6972
vn -0.8621 -0.1502 -0.4840
vn -0.2136 -0.0900 -0.9728
vn 0.0150 0.0529 -0.9985
vn -0.5383 0.5284 -0.6566
vn 0.1596 -0.1208 -0.9798
vn -0.7531 0.6512 0.0930
vn -0.1869 0.4430 -0.8768
vn 0.2795 -0.1310 -0.9512
vn -0.7113 0.6888 0.1399
vn -0.2334 0.7849 0.5741
vn -0.5848 0.5818 0.5653
vn -0.2803 0.1743 0.9439
vn -0.3980 -0.3250 0.8579
vn -0.4312 -0.8974 -0.0936
vn -0.4837 -0.3122 -0.8176
vn -0.3864 0.3028 -0.8712
vn -0.4285 -0.0200 -0.9033
vn 0.0201 0.4393 0.8981
vn 0.0777 0.3525 0.9326
vn -0.6180 -0.2720 0.7376
vn -0.9882 -0.1521 -0.0172
vn -0.9953 0.0438 0.0870
vn -0.3257 -0.1417 -0.9348
vn -0.4538 -0.0240 -0.8908
vn -0.0822 0.3609 -0.9290
vn -0.0727 0.5525 -0.8303
vn -0.8613 0.1561 -0.4835
vn -0.4045 0.7756 0.4847
vn 0.0905 0.4260 -0.9002
vn 0.0267 0.4773 -0.8783
vn -0.2334 0.8573 -0.4589
vn -0.6626 -0.5843 -0.4685
vn -0.9417 -0.2269 0.2485
vn -0.0596 0.5197 0.8523
vn -0.1260 0.6438 0.7547
vn -0.6514 0.5119 0.5601
vn -0.4633 -0.0476 -0.8849
vn -0.4193 0.1764 -0.8905
vn -0.5055 0.1424 -0.8510
vn -0.7029 -0.1899 0.6855
vn -0.9447 -0.1077 0.3097
vn 0.8201 -0.5706 0.0425
vn -0.2854 -0.2379 -0.9284
vn -0.9450 -0.1001 -0.3114
vn -0.2495 -0.2140 -0.9444
vn -0.8110 -0.2182 -0.5428
vn -0.9330 -0.0659 -0.3539
vn 0.6676 -0.2052 -0.7157
vn -0.7485 -0.2008 -0.6320
vn -0.2263 0.7004 -0.6769
vn -0.4799 0.4642 -0.7444
vn -0.9279 -0.0008 -0.3728
vn -0.7843 -0.0081 -0.6203
vn -0.4097 0.1143 -0.9050
vn 0.8481 -0.1473 0.5090
vn 0.5182 -0.1141 0.8476
vn -0.4939 -0.1498 0.8565
vn 0.5220 -0.0533 -0.8513
vn -0.4840 -0.0517 -0.8736
vn -0.9437 -0.0246 -0.3298
vn -0.9986 -0.0497 -0.0174
vn 0.3041 -0.1238 0.9446
vn 0.9175 -0.2424 0.3152
vn -0.0264 -0.0426 -0.9987
vn -0.7801 -0.0264 -0.6251
vn 0.6158 -0.2135 0.7584
vn 0.0065 -0.1551 0.9879
vn 0.7329 -0.1214 -0.6694
vn -0.6224 0.0656 -0.7800
vn -0.8745 0.1009 -0.4744
vn -0.9934 0.0831 -0.0793
vn -0.9551 -0.0120 0.2960
vn -0.7522 -0.0364 0.6579
vn 0.3209 -0.0266 0.9467
vn 0.9632 -0.1035 -0.2479
vn 0.8742 -0.1032 -0.4746
vn 0.7806 -0.0618 -0.6220
vn -0.5152 -0.0311 -0.8565
vn -0.9961 -0.0874 0.0111
vn 0.4188 -0.1922 0.8875
vn 0.9832 -0.1701 0.0665
vn 0.1676 0.0020 -0.9859
vn -0.0527 -0.0132 -0.9985
vn -0.7965 -0.0680 -0.6008
vn 0.8545 -0.1333 0.5021
vn -0.0442 -0.0274 0.9986
vn 0.7456 -0.0697 -0.6628
vn -0.9645 -0.0996 0.2447
vn -0.7041 -0.1506 0.6939
vn 0.3330 -0.2213 0.9166
vn 0.8943 -0.2338 0.3814
vn 0.9723 -0.2337 -0.0076
vn 0.1253 -0.0531 -0.9907
vn -0.2813 -0.0675 0.9573
vn -0.1496 -0.1581 0.9760
vn 0.9791 0.1033 -0.1749
vn -0.8505 -0.1032 0.5157
vn -0.5364 -0.8115 -0.2317
vn -0.7174 0.4074 -0.5651
vn -0.1125 0.0708 0.9911
vn 0.1497 -0.4631 0.8736
vn 0.1328 -0.5163 0.8461
vn 0.5547 -0.8092 0.1936
vn 0.6368 -0.7673 0.0752
vn 0.6236 -0.7476 -0.2284
vn 0.7491 -0.4555 -0.4811
vn 0.5472 -0.2536 -0.7977
vn 0.1639 0.1042 -0.9810
vn -0.1983 0.5190 0.8314
vn -0.1795 0.6906 0.7006
vn -0.2729 0.9532 0.1297
vn -0.8304 0.0861 -0.5505
vn 0.2753 -0.1157 0.9544
vn 0.1342 -0.1093 0.9849
vn 0.9386 -0.1060 -0.3282
vn -0.5676 0.0034 0.8233
vn -0.5258 -0.1541 0.8365
vn 0.3706 -0.1566 0.9155
vn 0.9548 -0.2364 0.1799
vn -0.9052 0.1612 -0.3933
vn -0.9617 0.1839 0.2031
vn -0.9616 0.0849 -0.2610
vn -0.7774 -0.0043 0.6289
vn -0.3241 -0.0442 0.9450
vn -0.9969 -0.0146 -0.0774
vn -0.0769 -0.0996 -0.9921
vn -0.3166 -0.1863 -0.9301
vn -0.9588 -0.0573 0.2782
vn -0.9782 -0.1945 -0.0728
vn 0.0791 -0.2473 -0.9657
vn -0.3065 0.0766 -0.9488
vn 0.1060 -0.1042 0.9889
vn 0.1680 -0.1045 0.9802
vn -0.5373 -0.3619 0.7618
vn -0.2685 -0.3573 0.8946
vn 0.3273 -0.0001 -0.9449
vn -0.9754 -0.0185 -0.2195
vn 0.6775 -0.6313 0.3774
vn 0.5890 -0.6132 0.5263
vn 0.1975 -0.3740 0.9062
vn -0.1976 -0.0953 0.9756
vn -0.3176 -0.0795 0.9449
vn -0.4023 0.0140 -0.9154
vn -0.6153 0.3006 -0.7287
vn -0.9525 0.2074 -0.2228
vn -0.9167 0.1681 -0.3626
vn -0.9597 -0.2769 -0.0477
vn -0.8628 -0.4228 -0.2771
vn -0.8705 -0.2875 -0.3994
vn -0.9835 -0.0096 -0.1808
vn -0.6555 -0.0482 -0.7537
vn -0.6086 0.1574 -0.7777
vn 0.6689 -0.5637 0.4846
vn 0.6506 -0.2014 0.7322
vn 0.9291 -0.3626 0.0734
vn 0.5877 -0.6513 0.4800
vn 0.6309 -0.5065 0.5878
vn 0.9177 -0.2204 0.3306
vn 0.9301 -0.3043 0.2056
vn -0.8999 0.1574 0.4067
vn -0.9637 0.1680 0.2074
vn -0.3586 -0.3411 0.8690
vn 0.2826 -0.6629 0.6934
vn 0.1618 -0.3679 -0.9157
vn -0.9922 0.1141 0.0507
vn -0.1480 0.1315 -0.9802
vn 0.0635 -0.0171 -0.9978
vn 0.8892 -0.3031 -0.3428
vn 0.7136 -0.5745 -0.4008
vn 0.9254 -0.3084 -0.2200
vn 0.9430 -0.3266 -0.0643
vn -0.3490 0.3357 0.8749
vn 0.8745 -0.1320 0.4667
vn -0.7123 -0.3206 -0.6245
vn -0.2218 -0.7547 -0.6175
vn -0.8455 -0.3115 -0.4336
vn -0.4922 -0.3001 -0.8171
vn -0.9810 -0.1845 -0.0599
vn -0.8684 -0.1866 0.4594
vn -0.8257 -0.5251 -0.2060
vn -0.8647 -0.3488 -0.3613
vn -0.9585 -0.2311 -0.1669
vn -0.3950 0.1045 -0.9127
vn -0.3361 -0.3933 -0.8558
vn 0.2061 -0.3830 -0.9005
vn -0.6278 -0.1078 -0.7709
vn -0.4528 -0.5723 -0.6837
vn -0.9866 -0.1301 0.0979
vn -0.4260 -0.9016 0.0753
vn -0.0688 -0.8519 -0.5191
vn -0.1516 -0.1606 -0.9753
vn -0.7424 0.5806 -0.3343
vn -0.9139 0.3706 -0.1655
vn -0.4986 0.6653 -0.5556
vn -0.2033 -0.4302 -0.8796
vn -0.3598 0.6392 -0.6796
vn -0.4490 0.2697 -0.8518
vn -0.4116 0.0090 -0.9113
vn 0.0556 -0.4728 -0.8794
vn 0.5655 0.0935 -0.8194
vn 0.7020 -0.6913 0.1714
vn -0.3254 -0.1393 -0.9353
vn -0.3165 0.0098 -0.9486
vn -0.0084 0.3580 -0.9337
vn -0.0078 -0.7735 -0.6337
vn -0.0000 -0.2856 0.9583
vn 0.3708 0.2850 0.8839
vn -0.0120 -0.5348 0.8449
vn -0.1260 -0.0591 0.9903
vn -0.1295 -0.7377 -0.6626
vn -0.3660 0.0692 0.9281
vn 0.8337 -0.4293 0.3473
vn -0.7743 0.6269 -0.0865
vn -0.0542 -0.1486 0.9874
vn -0.6546 0.1636 -0.7381
vn -0.9659 -0.2476 0.0754
vn -0.5330 0.3946 0.7485
vn 0.9836 -0.1750 0.0426
vn -0.3942 -0.0617 -0.9169
vn 0.6279 -0.2366 -0.7414
vn -0.9816 -0.1032 -0.1604
vn -0.1292 0.1003 -0.9865
vn 0.5509 0.0934 -0.8293
vn 0.1123 -0.0073 0.9936
vn 0.3869 -0.3323 -0.8602
vn -0.9897 -0.0960 -0.1059
vn -0.4951 -0.0150 -0.8687
vn -0.1817 0.4222 0.8881
vn 0.9912 -0.1309 0.0178
vn -0.7495 -0.1584 -0.6428
vn 0.0137 0.4582 -0.8888
vn 0.1663 -0.8158 0.5538
vn -0.4508 0.2724 0.8501
vn -0.0525 -0.4758 0.8780
vn -0.7911 -0.0330 0.6108
vn -0.9509 -0.0408 -0.3068
vn -0.2108 -0.0125 0.9775
vn -0.7653 0.3261 0.5549
vn -0.6692 0.3411 0.6602
vn -0.8925 -0.2462 -0.3780
vn 0.0201 -0.0397 0.9990
vn 0.7982 -0.0987 -0.5942
vn 0.4674 -0.1930 0.8627
vn -0.9147 0.1568 -0.3725
vn -0.4957 0.2740 0.8241
vn -0.0688 -0.2289 0.9710
vn -0.2809 -0.0287 0.9593
vn -0.7188 -0.3278 0.6131
vn -0.2252 0.7680 -0.5995
vn 0.8280 -0.2240 0.5140
vn 0.5809 -0.0871 -0.8093
vn 0.8393 -0.2802 -0.4658
vn -0.9829 0.0794 0.1663
vn -0.4129 -0.1400 0.9000
vn -0.7584 -0.6350 -0.1469
vn -0.6106 0.5939 -0.5239
vn -0.8836 0.0611 0.4642
vn -0.1932 -0.8467 -0.4958
vn -0.2698 -0.2582 0.9277
vn -0.4717 -0.4742 -0.7434
vn 0.9918 -0.1242 -0.0298
vn -0.7768 0.6220 0.0987
vn -0.2305 0.1543 -0.9608
vn -0.2703 0.9425 -0.1967
vn 0.6687 -0.5536 0.4963
vn 0.3630 -0.0542 -0.9302
vn 0.9915 -0.1239 -0.0387
vn -0.7437 0.1386 0.6539
vn -0.7602 -0.2858 0.5834
vn -0.4358 -0.3740 0.8187
vn -0.8352 0.1012 0.5405
vn -0.9156 -0.1113 -0.3865
vn -0.4390 0.8880 0.1369
vn -0.6833 -0.1741 -0.7091
vn 0.1255 -0.2235 -0.9666
vn -0.7460 0.4998 0.4400
vn -0.5550 0.8243 0.1118
vn -0.5616 -0.2395 0.7920
vn -0.1795 -0.0264 -0.9834
vn -0.7952 0.5996 0.0904
vn 0.1492 -0.2230 0.9633
vn 0.4464 -0.1812 0.8763
vn -0.6122 0.7271 -0.3107
vn 0.8679 0.0066 0.4966
vn -0.0282 -0.2030 0.9788
vn 0.8928 0.0701 0.4449
vn -0.3070 0.8485 -0.4311
vn -0.7240 0.2520 -0.6421
vn 0.7975 -0.1182 0.5916
vn -0.6292 -0.0184 0.7771
vn 0.6002 -0.5039 0.6212
vn -0.9413 -0.1164 -0.3170
vn 0.4505 -0.6587 0.6026
vn -0.2230 0.8880 0.4021
vn -0.8624 0.1101 -0.4941
vn 0.0901 -0.2078 0.9740
vn -0.0245 -0.9524 -0.3040
vn -0.4310 -0.0139 -0.9023
vn -0.0066 -0.0134 -0.9999
vn 0.9367 -0.1597 -0.3116
vn -0.5003 -0.5479 -0.6705
vn -0.8816 -0.1200 0.4565
vn 0.7139 -0.2188 0.6652
vn 0.9293 -0.1728 0.3263
vn -0.3069 0.0402 -0.9509
vn -0.7929 -0.2687 0.5469
vn -0.9695 0.2093 -0.1275
vn 0.2079 -0.6571 -0.7246
vn -0.3933 0.4331 0.8110
vn -0.9324 -0.0709 -0.3544
vn -0.0298 0.1040 -0.9941
vn 0.5041 -0.6648 0.5512
vn -0.6516 0.1005 -0.7519
vn -0.1739 0.5144 0.8398
vn -0.5483 0.0089 -0.8362
vn 0.9614 -0.2731 0.0341
vn -0.9926 0.1187 0.0258
vn 0.8972 -0.1934 -0.3971
vn 0.5896 -0.7776 -0.2183
vn -0.5160 -0.0912 0.8517
vn -0.0315 -0.1742 0.9842
vn -0.5245 -0.1462 -0.8388
vn -0.7234 0.6688 -0.1718
vn -0.7263 -0.0676 -0.6841
vn -0.5754 0.2343 0.7836
vn -0.5927 0.2155 -0.7760
vn 0.0204 0.0989 0.9949
vn -0.5811 -0.4411 0.6840
vn -0.1081 0.5571 0.8234
vn -0.5072 -0.0781 0.8583
vn -0.5599 0.8284 -0.0167
vn -0.6969 0.5769 0.4261
vn -0.6350 0.1382 -0.7601
vn -0.8626 -0.0977 0.4963
vn -0.5255 0.2509 0.8130
vn -0.1372 0.1699 0.9759
vn -0.9574 -0.2579 0.1299
vn -0.9029 0.0259 -0.4290
vn -0.7111 0.0372 0.7021
vn -0.4293 0.2076 0.8790
vn 0.1701 -0.2285 -0.9586
vn -0.5365 -0.2744 -0.7980
vn -0.0914 0.9821 -0.1645
vn -0.8041 -0.2500 -0.5394
vn 0.3403 -0.8650 -0.3688
vn -0.5599 0.0053 -0.8286
vn -0.1361 0.2015 0.9700
vn -0.1712 -0.1618 0.9719
vn 0.6866 -0.0247 0.7266
vn -0.9109 0.0915 0.4023
vn -0.6351 0.0759 -0.7687
vn -0.5291 0.1474 -0.8357
vn -0.3431 0.2143 0.9145
vn -0.1540 -0.5383 -0.8286
vn -0.4139 0.2431 0.8772
vn -0.0865 -0.3218 -0.9429
vn 0.4876 -0.6184 0.6163
vn -0.4452 -0.0853 0.8914
vn 0.0841 -0.0577 -0.9948
vn -0.8457 0.5225 -0.1089
vn -0.1000 -0.1781 -0.9789
vn -0.3881 0.5734 -0.7215
vn -0.7313 -0.0435 -0.6806
vn -0.5681 -0.0918 -0.8178
vn -0.1423 0.3150 0.9384
vn -0.9822 0.1722 -0.0750
vn 0.7965 -0.1082 0.5949
vn 0.7501 -0.2478 -0.6131
vn -0.5563 0.2324 0.7978
vn -0.0606 0.6032 -0.7953
vn -0.0240 0.1567 -0.9874
vn -0.8195 0.0070 0.5730
vn 0.1082 -0.2026 -0.9733
vn -0.7787 0.6225 -0.0780
vn 0.0755 -0.2048 0.9759
vn 0.3665 -0.6067 -0.7054
vn -0.6088 -0.1050 -0.7863
vn 0.3638 -0.4120 -0.8354
vn -0.5952 -0.6883 -0.4147
vn 0.4710 -0.6233 0.6242
vn -0.4201 0.7187 0.5540
vn -0.7116 -0.2131 -0.6695
vn -0.3021 0.9523 -0.0437
vn -0.1641 -0.1210 -0.9790
vn 0.8915 -0.1875 -0.4125
vn -0.9812 0.1668 -0.0968
vn 0.9719 -0.1336 -0.1936
vn 0.9087 -0.1173 -0.4005
vn -0.9375 -0.2733 0.2155
vn -0.7331 0.5398 0.4137
vn 0.2491 -0.3750 -0.8929
vn 0.1808 0.3159 0.9314
vn -0.8904 0.2314 -0.3921
vn -0.9731 0.2305 -0.0006
vn -0.2811 0.5021 -0.8178
vn -0.7852 -0.4108 0.4633
vn -0.6173 0.0257 -0.7863
vn 0.9661 -0.1698 0.1945
vn -0.7650 -0.0413 0.6426
vn 0.7787 -0.1990 0.5950
vn -0.8662 -0.2967 -0.4020
vn -0.3894 -0.0424 -0.9201
vn -0.8394 0.2526 0.4813
vn -0.7311 0.5303 0.4293
vn 0.5085 -0.7282 0.4596
vn -0.1558 -0.2056 0.9661
vn -0.2101 -0.5210 -0.8273
vn 0.5413 0.0539 0.8391
vn -0.1210 0.5261 0.8418
vn -0.6198 0.3247 0.7144
vn -0.2858 -0.3243 0.9017
vn -0.1438 0.3500 -0.9256
vn -0.8248 -0.0103 0.5654
vn -0.3982 -0.1458 0.9056
vn -0.8696 0.0338 0.4925
vn 0.8783 -0.0987 0.4678
vn -0.8692 -0.3515 0.3479
vn -0.6647 0.2081 -0.7176
vn -0.3871 0.3416 -0.8564
vn -0.6785 0.4956 0.5422
vn 0.9894 -0.1416 -0.0315
vn -0.7463 0.5184 -0.4175
vn -0.4217 0.3359 0.8422
vn -0.9330 0.1058 -0.3440
vn -0.9861 -0.0651 -0.1527
vn -0.2481 0.5099 -0.8237
vn -0.5419 -0.0101 -0.8404
vn 0.8426 -0.4040 0.3561
vn 0.9541 -0.1368 0.2665
vn -0.4600 0.0549 -0.8862
vn -0.8277 0.1725 -0.5339
vn -0.8056 -0.1663 -0.5686
vn 0.6980 -0.3059 -0.6474
vn -0.0190 0.6811 -0.7320
vn 0.5171 -0.4849 -0.7053
vn 0.6405 -0.5246 -0.5609
vn 0.4986 -0.5039 0.7053
vn -0.9845 0.1265 -0.1211
vn -0.2584 -0.9223 -0.2873
vn -0.4430 -0.0202 0.8963
vn -0.7749 -0.0183 -0.6319
vn -0.5605 0.6975 -0.4465
vn 0.4310 -0.6061 0.6685
vn -0.9998 -0.0209 -0.0008
vn 0.5066 -0.1287 0.8525
vn 0.1259 -0.1759 0.9763
vn -0.9545 -0.1364 -0.2650
vn -0.1577 -0.0894 0.9834
vn -0.2314 0.6023 0.7640
vn -0.1452 0.1903 -0.9709
vn -0.7401 0.3098 -0.5968
vn 0.9881 -0.1386 -0.0661
vn -0.3712 0.3745 0.8497
vn -0.9474 -0.1814 -0.2636
vn -0.3486 -0.7378 -0.5780
vn 0.5047 -0.0479 -0.8620
vn -0.0430 -0.0639 0.9970
vn -0.2129 0.1153 -0.9703
vn 0.8154 0.0854 -0.5726
vn -0.7916 -0.3279 -0.5156
vn 0.0388 -0.2036 0.9783
vn 0.9070 -0.2358 -0.3490
vn 0.9902 -0.1381 -0.0208
vn 0.8881 -0.1492 -0.4348
vn -0.3781 -0.1437 0.9145
vn -0.9456 0.2285 0.2315
vn 0.5951 -0.0345 0.8029
vn -0.2559 -0.0760 0.9637
vn -0.4640 0.0182 -0.8857
vn -0.1651 -0.1832 0.9691
vn -0.3049 0.2740 0.9121
vn -0.0462 0.8596 -0.5088
vn -0.8769 0.1139 -0.4669
vn -0.1014 0.5182 -0.8493
vn -0.9709 -0.1013 0.2172
vn -0.1441 0.0285 -0.9891
vn 0.0141 -0.1566 0.9876
vn -0.1617 0.1436 0.9763
vn -0.7774 0.1645 -0.6072
vn -0.9421 -0.0699 -0.3279
vn 0.8403 -0.0918 -0.5344
vn 0.5835 -0.1511 0.7979
vn 0.6078 -0.4393 0.6615
vn -0.8847 0.3844 0.2639
vn -0.7569 0.4540 -0.4700
vn -0.8863 0.2802 -0.3688
vn -0.5029 -0.1524 -0.8508
vn 0.2430 -0.8050 -0.5412
vn -0.6877 -0.5941 -0.4173
vn -0.3791 0.9216 0.0835
vn -0.3051 0.5370 0.7865
vn 0.1909 -0.3395 0.9211
vn 0.1027 -0.7985 0.5932
vn -0.7172 0.3684 -0.5916
vn -0.7505 -0.6437 -0.1498
vn -0.8618 0.3899 -0.3245
vn 0.0315 0.8820 0.4702
vn -0.9788 -0.0375 0.2015
vn -0.4913 -0.7455 0.4503
vn -0.9558 0.2631 -0.1316
vn -0.9714 -0.2373 0.0097
vn -0.2425 -0.9699 0.0225
vn 0.2194 -0.9167 -0.3339
vn -0.8447 0.1286 -0.5196
vn 0.3064 0.4260 0.8513
vn 0.5959 -0.4958 0.6317
vn 0.2259 -0.7866 0.5746
vn -0.0754 0.4254 -0.9019
vn -0.9012 -0.0622 -0.4288
vn 0.4282 -0.4514 0.7829
vn 0.4931 -0.5381 0.6836
vn -0.9125 -0.3546 0.2040
vn -0.1122 -0.1063 0.9880
vn -0.8355 -0.1875 -0.5166
vn -0.8433 -0.4644 -0.2705
vn 0.1285 -0.5767 -0.8068
vn -0.9086 -0.4037 0.1074
vn -0.2492 0.8796 -0.4052
vn -0.2713 0.1298 -0.9537
vn -0.8919 0.0568 -0.4486
vn -0.6744 -0.5690 0.4705
vn -0.8625 -0.1420 0.4858
vn -0.8124 0.0341 -0.5821
vn -0.3464 -0.4262 -0.8357
vn -0.5717 -0.3165 -0.7570
vn -0.8588 -0.5111 -0.0340
vn -0.8926 -0.3625 -0.2682
vn -0.2261 -0.4179 -0.8799
vn -0.8283 -0.4187 -0.3722
vn -0.8855 0.1072 -0.4520
vn -0.5519 0.3831 -0.7407
vn 0.3063 0.5604 0.7695
vn 0.3343 0.2454 0.9099
vn 0.3563 -0.1848 0.9159
vn -0.8776 0.2531 0.4071
vn 0.0065 -0.5362 0.8441
vn -0.7094 -0.4713 0.5241
vn 0.4856 -0.4977 0.7187
vn -0.9313 -0.1132 0.3463
vn -0.8600 -0.3539 0.3678
vn -0.2428 0.9169 -0.3167
vn -0.4972 -0.4204 0.7590
vn -0.9556 -0.2334 0.1801
vn -0.5677 0.7913 -0.2269
vn -0.9837 -0.1671 0.0663
vn -0.5979 -0.7999 0.0520
vn -0.4148 -0.9090 0.0410
vn -0.9996 0.0200 0.0213
vn -0.9849 0.1682 -0.0423
vn -0.5266 0.4770 -0.7037
vn -0.5387 0.5876 -0.6038
vn -0.8951 -0.4246 0.1362
vn -0.9045 -0.1527 -0.3981
vn -0.9861 -0.1658 -0.0082
vn -0.9008 -0.3180 -0.2958
vn -0.8437 -0.2148 0.4919
vn -0.9044 -0.1197 -0.4096
vn 0.1691 0.9586 0.2292
vn -0.9921 -0.1201 0.0358
vn 0.1280 -0.1510 -0.9802
vn 0.1443 -0.9833 0.1109
vn -0.9641 -0.1468 -0.2214
vn -0.9143 -0.4049 0.0115
vn -0.9918 0.0136 -0.1269
vn -0.4577 -0.2492 0.8535
vn -0.8136 0.0327 -0.5805
vn -0.4604 0.2870 0.8401
vn -0.3143 -0.5119 0.7995
vn -0.8673 -0.2309 -0.4410
vn -0.5839 0.5551 0.5924
vn -0.8695 -0.2513 -0.4252
vn -0.1080 -0.8453 -0.5233
vn -0.9461 -0.2737 -0.1733
vn -0.3671 -0.6664 0.6489
vn -0.6073 -0.5311 -0.5909
vn -0.6037 0.6204 -0.5008
vn -0.6718 0.2487 0.6977
vn -0.2009 0.9776 0.0621
vn 0.2949 -0.5954 0.7473
vn -0.9851 0.1140 -0.1291
vn -0.9079 -0.1865 0.3754
vn 0.0966 0.0765 -0.9924
vn 0.8341 -0.3074 -0.4579
vn -0.2077 -0.1924 -0.9591
vn 0.2957 -0.9485 -0.1139
vn 0.3246 0.6738 -0.6638
vn -0.6834 0.6787 -0.2689
vn -0.0149 -0.5994 -0.8003
vn -0.0741 0.8833 -0.4629
vn -0.3012 -0.0226 -0.9533
vn -0.8293 -0.1511 -0.5380
vn -0.6849 -0.0966 -0.7222
vn -0.7970 0.1183 -0.5922
vn -0.3775 -0.5155 -0.7692
vn -0.4550 0.1106 -0.8836
vn -0.8301 0.0918 -0.5499
vn -0.4292 0.0864 -0.8990
vn -0.4732 0.2481 -0.8453
vn -0.2612 -0.2682 -0.9273
vn -0.7867 -0.0593 -0.6145
vn -0.1271 -0.2625 -0.9565
vn 0.0456 -0.8382 -0.5434
vn -0.5341 -0.0527 -0.8438
vn -0.4208 -0.1541 -0.8940
vn -0.1192 -0.8398 -0.5296
vn -0.1625 -0.5837 -0.7955
vn -0.1202 0.3666 -0.9226
vn -0.6090 -0.1678 -0.7752
vn -0.2740 -0.5601 -0.7818
vn -0.8486 -0.3896 -0.3579
vn 0.6588 -0.4344 -0.6142
vn -0.5693 -0.8178 -0.0839
vn 0.1035 -0.7710 -0.6283
vn 0.2011 0.7136 -0.6710
vn -0.7240 0.2444 -0.6450
vn -0.0026 0.4355 -0.9002
vn -0.3328 -0.3332 -0.8822
vn -0.1689 0.2125 -0.9625
vn -0.3336 -0.0012 -0.9427
vn -0.7159 0.6483 -0.2594
vn -0.3448 -0.5532 -0.7583
vn -0.5904 0.3130 -0.7439
vn -0.2998 0.9034 -0.3066
vn -0.5629 -0.7341 -0.3798
vn -0.3650 0.5800 -0.7283
vn 0.0420 -0.7267 -0.6857
vn -0.9659 -0.1526 0.2090
vn -0.9658 0.0615 0.2520
vn 0.9937 -0.1106 0.0156
vn 0.7167 0.2873 -0.6355
vn 0.3330 0.0071 0.9429
vn -0.7828 0.2074 -0.5867
vn -0.8606 0.3538 -0.3664
vn -0.2895 -0.0058 0.9572
vn -0.5504 0.1418 0.8228
vn 0.3345 0.7795 -0.5295
vn -0.9055 0.4088 0.1136
vn -0.8743 0.1846 0.4488
vn -0.6538 -0.7112 0.2584
vn 0.6220 0.6193 -0.4792
vn -0.5033 0.7919 -0.3458
vn -0.3271 0.8318 -0.4485
vn 0.2032 -0.9451 0.2557
vn 0.0840 -0.9850 0.1507
vn 0.8355 -0.4906 -0.2475
vn 0.6671 -0.7302 -0.1477
vn -0.9586 0.1937 -0.2089
vn -0.4734 0.2441 0.8463
vn 0.6857 0.3008 0.6629
vn 0.9588 -0.0392 0.2813
vn -0.8970 0.4248 0.1220
vn -0.7566 0.6495 -0.0755
vn 0.4277 0.8402 -0.3334
vn -0.6749 -0.3917 -0.6254
vn 0.4677 -0.7608 -0.4499
vn -0.0282 -0.6147 -0.7882
vn -0.7243 -0.5527 -0.4121
vn -0.9229 -0.3642 0.1253
vn -0.5502 -0.7127 0.4352
vn 0.5314 -0.8296 0.1715
vn -0.4470 -0.4393 -0.7792
vn -0.4717 -0.7919 0.3877
vn 0.0277 0.9569 -0.2892
vn 0.1650 0.8580 -0.4865
vn -0.2844 0.9396 -0.1903
vn -0.7641 0.2307 -0.6025
vn 0.6514 0.4917 -0.5778
vn -0.9396 0.3372 0.0589
vn -0.6528 0.7515 -0.0960
vn -0.4351 0.8567 -0.2769
vn 0.9593 0.2215 -0.1752
vn 0.9479 0.1775 -0.2644
vn 0.9927 -0.0404 -0.1133
vn 0.1940 -0.9648 0.1778
vn -0.0344 -0.9994 -0.0061
vn -0.2234 -0.9641 0.1433
vn -0.6503 0.4076 -0.6411
vn 0.0632 -0.9790 0.1936
vn -0.1023 -0.9920 0.0740
vn -0.3925 -0.9188 0.0421
vn 0.1402 0.9136 -0.3816
vn -0.2502 0.9207 -0.2995
vn -0.1808 -0.7606 -0.6236
vn -0.2335 0.9163 -0.3253
vn -0.4150 0.8731 -0.2560
vn -0.3542 -0.6644 -0.6581
vn -0.3683 0.8818 -0.2945
vn -0.4282 -0.7463 -0.5095
vn 0.4151 0.8410 -0.3470
vn -0.1316 -0.9799 -0.1498
vn 0.1407 0.8298 -0.5401
vn 0.1540 -0.9738 0.1671
vn 0.9296 0.1457 0.3385
vn -0.8841 0.1837 0.4296
vn -0.9506 -0.1810 0.2524
vn -0.6944 0.7142 -0.0878
vn 0.6991 -0.6016 -0.3866
vn 0.1734 -0.9738 -0.1469
vn 0.9165 0.1995 -0.3467
vn -0.2366 -0.8926 -0.3838
vn 0.8623 -0.4952 -0.1058
vn -0.3426 0.8728 -0.3477
vn -0.3359 0.8885 -0.3125
vn -0.8483 0.5100 -0.1423
vn 0.8871 -0.2803 -0.3668
vn -0.7499 0.6147 -0.2447
vn -0.7387 0.2608 -0.6215
vn -0.9055 -0.1889 -0.3801
vn -0.6855 0.1212 -0.7179
vn -0.1310 -0.9320 0.3380
vn -0.3224 0.6698 -0.6688
vn -0.4216 0.6019 -0.6782
vn 0.9058 0.0942 -0.4131
vn 0.2169 -0.9606 0.1737
vn -0.8990 -0.3195 0.2994
vn -0.3961 -0.9182 -0.0053
vn 0.8575 -0.5009 -0.1174
vn -0.1520 0.1178 -0.9813
vn -0.9982 0.0510 -0.0331
vn 0.4602 0.4353 -0.7738
vn -0.7092 -0.2501 -0.6592
vn -0.0588 0.1052 0.9927
vn -0.1379 -0.7316 -0.6676
vn -0.4784 -0.6341 -0.6075
vn 0.2970 0.9372 -0.1828
vn -0.2288 0.8033 -0.5499
vn -0.2148 0.7748 -0.5946
vn 0.2440 -0.9128 -0.3274
vn -0.9917 0.0400 0.1219
vn -0.9255 -0.3699 0.0820
vn 0.9785 -0.2062 0.0026
vn -0.5955 -0.7857 0.1675
vn 0.9728 -0.0560 -0.2248
vn -0.6183 0.7577 -0.2086
vn 0.5020 0.0775 -0.8614
vn -0.7291 -0.4254 0.5361
vn 0.0134 0.1051 -0.9944
vn -0.2617 0.9199 -0.2920
vn -0.2086 0.9104 -0.3573
vn -0.1995 -0.9120 -0.3585
vn -0.0365 0.9517 -0.3048
vn -0.8075 0.5898 -0.0036
vn -0.2953 -0.7147 0.6340
vn -0.1259 -0.8756 0.4664
vn 0.9734 0.1392 0.1822
vn -0.1857 0.8924 -0.4112
vn -0.8476 -0.5296 -0.0334
vn 0.6007 -0.7760 -0.1924
vn -0.7170 0.6789 -0.1584
vn -0.2595 0.8266 -0.4994
vn 0.8678 0.1874 -0.4602
vn -0.6700 0.5269 -0.5230
vn 0.9978 0.0596 -0.0296
vn -0.4208 -0.8112 -0.4060
vn 0.4907 -0.8380 0.2387
vn -0.8209 0.0925 0.5636
vn -0.7367 0.6012 -0.3098
vn -0.5549 0.7298 -0.3993
vn 0.2359 0.2648 0.9350
vn 0.5926 -0.7716 0.2313
vn 0.9959 -0.0713 -0.0550
vn -0.9868 0.1030 0.1251
vn 0.7373 -0.6756 -0.0045
vn 0.8939 -0.3937 -0.2144
vn -0.9778 0.0183 0.2088
vn 0.0324 -0.9945 0.0996
vn -0.7687 0.2646 0.5823
vn -0.9021 -0.3153 0.2945
vn -0.5088 -0.8054 0.3041
vn -0.3412 -0.9398 -0.0204
vn -0.9585 -0.0345 0.2829
vn 0.5182 -0.8413 0.1538
vn -0.9411 -0.2076 0.2668
vn 0.6125 -0.7658 0.1961
vn -0.8364 -0.3145 -0.4488
vn 0.9269 0.1445 -0.3463
vn 0.3092 0.5228 -0.7944
vn -0.3370 -0.1511 0.9293
vn 0.9784 0.1155 0.1713
vn 0.7262 0.6436 -0.2416
vn -0.9967 -0.0567 0.0577
vn -0.2409 -0.9335 -0.2656
vn 0.6252 -0.6899 0.3649
vn 0.9919 0.0898 -0.0895
vn 0.9285 -0.3713 0.0039
vn -0.0416 -0.9127 0.4065
vn 0.3696 -0.9101 0.1873
vn -0.9524 -0.2945 -0.0791
vn -0.7617 0.6433 0.0772
vn -0.9105 -0.2450 0.3331
vn 0.0488 -0.4428 -0.8953
vn -0.8832 -0.3010 -0.3597
vn 0.3403 0.8197 -0.4607
vn -0.9294 -0.2921 0.2255
vn 0.6617 -0.7388 0.1275
vn -0.7222 -0.6530 0.2282
vn 0.6899 0.6515 -0.3156
vn 0.7073 -0.1548 0.6898
vn -0.4104 -0.1071 -0.9056
vn -0.6861 -0.7166 -0.1259
vn -0.9493 0.1720 -0.2632
vn -0.9566 0.2295 0.1795
vn 0.0579 -0.9930 0.1029
vn -0.1426 0.9366 -0.3201
vn -0.3193 0.9277 -0.1935
vn 0.0081 -0.9838 -0.1790
vn -0.9994 0.0065 -0.0351
vn -0.5005 -0.7791 -0.3775
vn 0.4478 0.7805 -0.4362
vn -0.1117 0.5427 -0.8325
vn 0.1419 -0.9879 0.0632
vn -0.9736 0.2236 0.0450
vn 0.2834 -0.9336 -0.2192
vn 0.9256 -0.3365 0.1736
vn 0.6999 0.0750 0.7103
vn 0.7255 -0.6287 -0.2801
vn 0.5434 -0.5143 -0.6634
vn -0.3076 0.6883 -0.6570
vn 0.0367 -0.5671 0.8228
vn -0.0505 -0.9897 0.1338
vn 0.7045 0.6292 -0.3282
vn -0.8732 0.4784 -0.0927
vn -0.3652 -0.9024 -0.2289
vn -0.4679 -0.8276 0.3102
vn -0.6474 -0.7432 0.1687
vn 0.9409 -0.3381 0.0205
vn 0.5935 -0.1672 -0.7873
vn 0.1803 -0.9652 -0.1895
vn 0.4713 0.1731 -0.8648
vn -0.0471 0.9179 -0.3940
vn -0.9656 -0.2131 0.1493
vn -0.0037 -0.9948 -0.1013
vn 0.5855 0.0428 -0.8095
vn 0.3537 0.7772 -0.5205
vn 0.6452 -0.7491 0.1503
vn 0.6319 0.6107 -0.4772
vn -0.6427 0.3614 -0.6755
vn 0.3125 -0.6381 0.7037
vn -0.6897 0.7191 -0.0856
vn 0.0923 -0.4829 -0.8708
vn -0.4590 0.8352 -0.3029
vn 0.9801 -0.0390 0.1948
vn -0.2919 -0.9562 -0.0243
vn 0.8526 -0.4354 -0.2891
vn -0.8499 0.4514 -0.2719
vn 0.4294 -0.9029 0.0208
vn 0.2410 0.9069 -0.3455
vn -0.0632 0.7492 -0.6594
vn 0.9491 0.2140 -0.2310
vn -0.9701 0.1345 0.2019
vn -0.1613 0.8098 -0.5641
vn 0.3334 0.7859 -0.5208
vn -0.5152 0.7161 -0.4710
vn -0.0386 0.2034 0.9783
vn 0.5200 -0.8536 0.0312
vn -0.4621 -0.8480 0.2596
vn 0.9670 -0.2382 -0.0905
vn -0.9801 0.1888 0.0610
vn 0.9254 -0.3666 0.0962
vn 0.8642 -0.4781 0.1567
vn 0.9903 -0.1373 -0.0219
vn 0.7193 0.6089 -0.3344
vn 0.5950 -0.7824 0.1839
vn 0.5976 -0.6995 -0.3919
vn -0.9914 -0.0327 -0.1270
vn -0.7382 0.1242 0.6630
vn 0.9299 0.0795 0.3592
vn 0.9102 0.3118 -0.2726
vn -0.3806 -0.9245 -0.0223
vn 0.6301 -0.7612 -0.1532
vn 0.0405 -0.7112 -0.7019
vn 0.0157 -0.3012 -0.9534
vn -0.7395 0.6679 -0.0839
vn 0.9828 0.0906 -0.1609
vn 0.8216 0.4955 -0.2820
vn -0.5704 0.7756 -0.2703
vn -0.2355 -0.9530 0.1908
vn 0.4258 -0.8793 -0.2133
vn -0.1472 -0.9635 -0.2234
vn 0.2818 0.8939 -0.3486
vn 0.2462 -0.9526 -0.1785
vn 0.7102 0.1312 0.6917
vn -0.9298 0.1816 0.3200
vn -0.7795 -0.5981 0.1863
vn -0.5810 0.7900 -0.1961
vn -0.8881 0.3615 -0.2838
vn 0.6857 0.5050 -0.5242
vn 0.2602 0.4420 -0.8584
vn -0.7727 -0.6049 0.1923
vn 0.8033 0.3960 -0.4448
vn 0.1816 0.6997 -0.6910
vn -0.1913 -0.2164 -0.9574
vn 0.8274 -0.4022 -0.3919
vn 0.2263 0.6866 -0.6909
vn -0.9595 0.1392 -0.2450
vn -0.2385 -0.0568 -0.9695
vn 0.8324 0.3641 -0.4177
vn 0.2331 -0.8009 -0.5516
vn -0.6429 -0.5410 -0.5422
vn -0.2926 0.9129 -0.2846
vn -0.6103 0.7898 -0.0619
vn -0.0213 -0.1188 -0.9927
vn -0.0744 0.9610 -0.2664
vn -0.3821 0.4129 -0.8267
vn 0.2667 0.3227 -0.9082
vn -0.0967 -0.9894 0.1084
vn -0.7616 -0.5859 0.2770
vn -0.7713 -0.5547 0.3121
vn 0.1618 -0.8840 -0.4387
vn -0.6071 0.4903 -0.6254
vn -0.9619 0.2548 -0.0986
vn 0.6838 -0.6976 0.2138
vn 0.4885 -0.1420 -0.8609
vn -0.7813 -0.4084 -0.4720
vn -0.1208 0.8267 -0.5496
vn -0.1306 0.5541 -0.8221
vn 0.3321 0.2777 -0.9014
vn -0.6947 0.3415 -0.6331
vn -0.9343 -0.2969 -0.1974
vn 0.0928 -0.9906 0.1003
vn 0.8815 -0.4667 0.0719
vn 0.1261 0.5992 -0.7906
vn -0.5616 -0.8183 0.1227
vn 0.8285 0.2038 -0.5216
vn -0.4591 0.4652 -0.7568
vn 0.6099 -0.7102 -0.3516
vn -0.6924 -0.0338 -0.7207
vn -0.3808 -0.7622 -0.5236
vn 0.2930 -0.4759 -0.8293
vn -0.2945 0.2844 -0.9124
vn -0.2530 0.3412 -0.9053
vn -0.2478 -0.6250 -0.7402
vn -0.5285 0.6727 -0.5178
vn -0.2356 -0.1154 -0.9650
vn -0.7933 -0.4330 0.4280
vn 0.9641 -0.0177 -0.2648
vn 0.4713 -0.7649 0.4390
vn -0.4404 0.6130 -0.6560
vn 0.2976 -0.2451 0.9227
vn -0.7506 0.5615 0.3484
vn -0.6157 0.3667 -0.6974
vn 0.8364 -0.4957 0.2340
vn 0.9583 -0.2852 -0.0158
vn -0.2519 -0.6626 0.7053
vn -0.8667 0.2966 0.4011
vn -0.3503 0.5052 -0.7887
vn 0.6258 -0.7650 0.1522
vn 0.7488 -0.6628 -0.0073
vn -0.9968 -0.0052 0.0793
vn 0.5754 -0.6375 0.5124
vn -0.1332 0.0062 0.9911
vn 0.6858 -0.7224 0.0886
vn 0.7612 -0.6169 0.2001
vn -0.5169 0.1782 0.8373
vn 0.2677 0.2402 -0.9331
vn 0.9489 0.0598 -0.3099
vn 0.1278 0.5774 -0.8064
vn -0.7795 0.5978 0.1874
vn 0.7324 -0.6722 0.1085
vn -0.4338 -0.8459 0.3102
vn 0.3242 -0.7840 0.5294
vn -0.9024 0.1238 -0.4128
vn 0.6399 -0.7671 0.0465
vn 0.9518 -0.2720 -0.1416
vn 0.3250 0.3518 -0.8778
vn 0.8829 -0.4694 -0.0101
vn 0.8017 -0.5673 -0.1884
vn -0.8136 0.5234 -0.2531
vn -0.3639 0.4254 -0.8286
vn -0.3804 -0.5765 -0.7231
vn 0.5516 -0.8324 -0.0537
vn -0.9998 0.0043 0.0212
vn -0.6256 -0.0378 -0.7792
vn -0.5098 0.0596 -0.8583
vn -0.8021 0.5510 0.2301
vn -0.7668 0.4343 0.4726
vn 0.3741 -0.3871 -0.8428
vn -0.7584 0.5333 0.3748
vn -0.7433 0.3474 -0.5717
vn 0.7734 -0.6338 -0.0128
vn 0.8938 -0.4483 -0.0147
vn -0.9113 0.1723 0.3739
vn 0.1001 -0.4923 0.8647
vn -0.7934 0.4784 -0.3764
vn 0.1372 -0.4368 0.8890
vn 0.8629 -0.4539 -0.2221
vn -0.8155 0.5338 -0.2236
vn -0.5933 0.3645 0.7177
vn 0.3272 -0.3387 0.8822
vn 0.4178 -0.3557 -0.8360
vn 0.3904 -0.3407 0.8553
vn 0.8318 -0.5481 -0.0878
vn 0.5311 -0.3053 -0.7904
vn -0.8659 0.4889 -0.1064
vn -0.4662 0.4164 -0.7806
vn -0.8667 0.4978 -0.0324
vn -0.3222 -0.0520 0.9452
vn 0.8146 -0.5658 -0.1277
vn 0.6185 -0.4081 -0.6715
vn -0.6645 -0.4985 0.5567
vn -0.3598 0.6694 -0.6499
vn -0.2637 0.2599 0.9289
vn -0.3929 -0.1973 0.8982
vn -0.1166 -0.7653 0.6330
vn 0.5154 -0.8473 -0.1283
vn 0.7600 -0.6390 -0.1186
vn -0.9988 0.0480 0.0041
vn -0.1986 0.1519 -0.9682
vn -0.7030 0.2786 0.6543
vn -0.1641 -0.1173 -0.9795
vn -0.5429 0.6159 -0.5709
vn 0.1490 -0.8175 -0.5564
vn -0.0857 -0.9876 0.1314
vn -0.7927 0.6083 -0.0398
vn -0.6065 0.4184 0.6761
vn 0.2952 -0.2534 0.9212
vn 0.3823 -0.9229 -0.0460
vn 0.5751 -0.4926 0.6531
vn -0.7996 0.5298 0.2827
vn 0.1554 -0.9843 -0.0836
vn -0.8274 0.5465 -0.1291
vn 0.7598 -0.6180 -0.2021
vn 0.6962 -0.7147 -0.0671
vn -0.6168 0.6253 -0.4780
vn 0.7183 -0.6853 -0.1205
vn 0.6540 -0.5659 0.5020
vn -0.7334 0.5654 0.3776
vn 0.5880 -0.8086 0.0211
vn 0.4650 -0.6030 0.6481
vn 0.8288 -0.0475 -0.5576
vn 0.2198 -0.4816 0.8484
vn -0.7486 0.6325 -0.1988
vn 0.1403 -0.3433 0.9287
vn 0.6349 -0.5563 -0.5362
vn 0.2250 -0.6896 0.6884
vn -0.2942 -0.4582 0.8388
vn 0.2551 -0.8075 0.5319
vn 0.2846 0.2711 -0.9195
vn -0.8271 0.5404 0.1544
vn 0.5353 -0.6555 0.5327
vn 0.6399 -0.3213 -0.6981
vn 0.5455 -0.4319 0.7183
vn -0.3107 0.2241 -0.9237
vn -0.8511 0.5104 -0.1228
vn -0.7394 -0.5965 0.3122
vn -0.9931 0.1096 0.0408
vn -0.9049 0.3311 0.2673
vn -0.6032 -0.0895 0.7925
vn -0.7255 0.3801 -0.5738
vn -0.8680 0.3531 0.3490
vn 0.4916 -0.4216 0.7619
vn -0.3460 0.2108 0.9142
vn 0.5095 -0.1838 -0.8406
vn 0.7030 -0.7076 -0.0713
vn -0.5547 0.0466 -0.8307
vn -0.2710 -0.1980 0.9420
vn -0.0616 0.0404 0.9973
vn 0.4735 -0.7502 0.4616
vn 0.4854 -0.8669 -0.1137
vn -0.7861 0.5245 -0.3270
vn -0.0671 0.5724 -0.8172
vn 0.1260 -0.0045 -0.9920
vn 0.5831 -0.1041 -0.8057
vn 0.6589 -0.6293 0.4121
vn 0.7081 -0.7023 -0.0738
vn -0.7691 -0.1483 -0.6217
vn -0.1666 0.5037 -0.8477
vn 0.3298 -0.4335 0.8386
vn 0.2675 -0.9610 0.0697
vn -0.7511 0.4983 -0.4330
vn -0.6796 0.5113 -0.5260
vn 0.8035 -0.5146 -0.2992
vn -0.2754 -0.4566 -0.8460
vn 0.9028 -0.3056 -0.3027
vn -0.1669 0.0666 -0.9837
vn -0.2563 0.0661 0.9643
vn -0.5433 0.2216 -0.8098
vn -0.7854 0.3318 0.5225
vn -0.7057 0.2801 0.6508
vn 0.3287 -0.8071 0.4904
vn -0.8220 0.4044 -0.4009
vn 0.3142 -0.9215 0.2281
vn 0.5083 -0.8545 0.1075
vn 0.2620 -0.9646 -0.0310
vn -0.7253 0.0519 0.6865
vn 0.6229 0.3029 -0.7213
vn 0.3838 -0.1608 -0.9093
vn -0.6700 -0.6896 -0.2748
vn -0.0202 0.1168 -0.9930
vn 0.7294 -0.6833 -0.0343
vn -0.8029 0.3753 0.4632
vn 0.5163 0.2885 -0.8064
vn -0.8835 0.0495 0.4658
vn -0.8001 0.5879 0.1189
vn -0.4053 0.0377 0.9134
vn -0.5036 0.3270 0.7997
vn 0.6846 -0.6476 0.3346
vn 0.3554 0.3009 -0.8850
vn -0.8486 0.5178 0.1086
vn 0.6604 -0.3697 0.6536
vn -0.3639 0.0523 0.9300
vn -0.7573 0.4526 -0.4707
vn -0.7537 0.4902 0.4377
vn 0.4963 -0.7856 0.3695
vn -0.3211 0.3302 0.8876
vn -0.8520 0.5232 -0.0170
vn 0.0620 -0.4980 0.8650
vn 0.6747 -0.7381 0.0013
vn 0.8480 -0.4624 -0.2591
vn -0.1838 0.0661 0.9807
vn -0.0684 0.3266 -0.9427
vn 0.6873 -0.6234 0.3728
vn 0.2350 -0.9410 -0.2434
vn -0.5645 -0.2033 0.8000
vn -0.7924 0.5971 -0.1244
vn -0.3983 -0.8262 -0.3985
vn 0.4413 -0.3873 -0.8095
vn 0.7394 -0.6303 -0.2368
vn 0.6549 0.4002 -0.6411
vn -0.8183 0.4836 0.3106
vn 0.2080 -0.3689 0.9059
vn 0.8511 -0.4939 -0.1781
vn 0.2867 -0.0621 0.9560
vn -0.9237 0.3462 -0.1643
vn -0.8788 0.4087 -0.2462
vn -0.7550 0.6362 -0.1591
vn 0.4544 -0.8882 0.0676
vn 0.5941 -0.6140 -0.5197
vn -0.6432 0.6254 -0.4417
vn -0.8233 0.5674 -0.0148
vn -0.8714 0.4798 0.1026
vn -0.8564 0.5049 -0.1078
vn -0.6323 0.6072 -0.4813
vn 0.8081 -0.1213 -0.5765
vn -0.3675 0.4539 -0.8118
vn -0.2401 -0.7933 0.5595
vn -0.0453 -0.0656 0.9968
vn -0.3796 0.5905 -0.7122
vn -0.9666 0.1561 -0.2030
vn -0.5974 0.5767 -0.5573
vn 0.3118 -0.8159 -0.4869
vn 0.9160 -0.0482 -0.3984
vn 0.5278 -0.8441 0.0951
vn 0.6847 -0.5169 -0.5138
vn 0.6384 -0.7690 0.0322
vn 0.6468 -0.6837 -0.3381
vn -0.9456 -0.1395 0.2938
vn 0.3929 -0.3110 -0.8654
vn -0.1606 0.2245 -0.9611
vn -0.8768 0.4671 -0.1144
vn 0.7650 -0.6289 0.1387
vn -0.1910 0.0012 -0.9816
vn 0.3439 -0.2598 0.9023
vn 0.6663 -0.6662 -0.3348
vn -0.5458 -0.8312 -0.1062
vn -0.5819 -0.2861 0.7613
vn 0.1757 -0.7381 0.6515
vn -0.6587 0.5910 -0.4656
vn -0.6077 -0.2557 0.7519
vn 0.7550 -0.0355 -0.6547
vn -0.5398 0.5996 -0.5908
vn -0.8929 0.4375 -0.1059
vn 0.7407 -0.5703 0.3552
vn 0.7976 -0.5002 -0.3371
vn -0.8596 0.3115 0.4050
vn 0.7128 -0.6373 0.2928
vn -0.7477 0.2795 0.6023
vn -0.7561 0.2474 0.6059
vn -0.8456 -0.3412 0.4105
vn 0.2280 0.0652 -0.9715
vn 0.7186 -0.6014 0.3492
vn -0.4247 0.2162 0.8791
vn 0.6079 -0.5092 0.6092
vn -0.2215 0.3225 -0.9203
vn 0.7033 -0.3163 -0.6367
vn 0.8310 -0.5521 0.0681
vn -0.7557 0.4555 0.4705
vn 0.2449 -0.9140 0.3235
vn -0.7467 -0.6552 -0.1150
vn -0.0434 -0.9195 -0.3906
vn -0.2851 0.0066 -0.9585
vn -0.2469 -0.4783 0.8428
vn 0.6133 -0.2329 -0.7548
vn 0.8613 -0.2603 -0.4363
vn 0.0494 -0.8751 0.4814
vn -0.8106 0.5095 -0.2886
vn -0.7632 0.4620 0.4517
vn 0.5604 -0.4292 -0.7083
vn -0.2398 -0.9573 -0.1613
vn 0.0032 -0.7118 -0.7024
vn -0.4834 -0.7621 0.4308
vn 0.0054 -0.2590 -0.9659
vn -0.6762 -0.5401 0.5010
vn -0.7442 0.4351 -0.5069
vn 0.4191 -0.6526 0.6312
vn -0.6075 0.4365 0.6637
vn 0.4585 -0.8739 -0.1617
vn 0.8454 -0.5190 -0.1266
vn 0.7511 -0.5518 0.3625
vn 0.0301 -0.4172 -0.9083
vn 0.5493 -0.7786 -0.3035
vn -0.4265 0.4432 -0.7884
vn 0.0343 -0.7722 0.6345
vn 0.3333 -0.0535 -0.9413
vn 0.6258 -0.7666 0.1439
vn 0.5899 -0.0936 -0.8020
vn -0.9152 0.2432 0.3215
vn -0.8735 -0.0509 0.4842
vn -0.4743 -0.8378 -0.2706
vn 0.4475 -0.8419 -0.3015
vn -0.0943 -0.3415 -0.9351
vn -0.1487 -0.5211 0.8405
vn -0.8625 0.0731 -0.5008
vn -0.8567 -0.5141 0.0417
vn -0.8495 0.4851 0.2075
vn -0.8035 0.5802 -0.1328
vn -0.7153 -0.0055 -0.6988
vn -0.6279 -0.3769 0.6809
vn -0.5651 -0.7868 -0.2483
vn 0.1697 -0.9815 0.0885
vn 0.1194 -0.6738 -0.7292
vn -0.7894 0.5218 -0.3233
vn -0.8753 0.3778 0.3019
vn -0.8147 -0.5755 -0.0713
vn 0.7159 -0.6889 -0.1138
vn -0.8495 0.5259 0.0429
vn -0.3720 0.4578 -0.8075
vn 0.7235 -0.1776 -0.6671
vn 0.5523 -0.6972 0.4570
vn -0.4477 0.5309 -0.7195
vn -0.2906 0.0106 -0.9568
vn -0.4899 -0.0330 -0.8712
vn -0.8524 0.4206 0.3107
vn -0.8630 -0.0247 0.5045
vn -0.9972 -0.0704 -0.0269
vn -0.8769 0.4778 -0.0519
vn -0.8604 -0.0368 -0.5083
vn -0.7794 0.4659 -0.4189
vn -0.8018 0.5507 0.2322
vn -0.9223 -0.0779 0.3786
vn 0.6437 -0.5530 0.5290
vn -0.8301 0.5093 0.2270
vn -0.6966 0.2358 -0.6776
vn -0.0181 0.5235 -0.8518
vn 0.2823 -0.0535 -0.9578
vn 0.5704 -0.8155 -0.0985
vn 0.2485 -0.9646 -0.0886
vn 0.0927 -0.9350 0.3424
vn -0.2738 -0.4770 0.8352
vn 0.5481 0.3529 0.7583
vn 0.7574 0.6515 -0.0438
vn -0.5635 -0.7455 0.3560
vn 0.1425 0.4402 -0.8865
vn 0.2082 0.0339 0.9775
vn -0.5803 -0.5742 -0.5775
vn -0.5273 -0.5246 -0.6684
vn 0.3174 0.3877 -0.8654
vn 0.6677 0.5571 0.4937
vn -0.6870 -0.6193 0.3802
vn -0.6331 -0.7675 -0.1003
vn -0.4873 -0.7783 0.3959
vn -0.7170 -0.6517 -0.2474
vn 0.0394 0.3521 -0.9351
vn -0.1129 -0.4668 0.8772
vn -0.0164 0.1467 -0.9890
vn 0.5776 0.6215 -0.5292
vn 0.7429 0.5677 0.3548
vn 0.7828 0.5531 0.2850
vn 0.7146 0.6052 -0.3508
vn -0.5599 -0.7394 0.3740
vn 0.3721 0.6037 -0.7051
vn 0.0397 0.1338 -0.9902
vn -0.5475 -0.4183 0.7247
vn -0.2678 -0.5832 0.7669
vn 0.2395 -0.1290 0.9623
vn 0.3622 -0.0307 0.9316
vn -0.1421 -0.3039 0.9421
vn 0.4883 0.3068 0.8170
vn 0.3825 0.2771 0.8814
vn 0.5548 0.2355 0.7980
vn 0.0019 0.1700 -0.9854
vn 0.3905 0.4440 -0.8065
vn -0.5581 -0.6055 -0.5674
vn -0.6101 -0.7527 -0.2475
vn -0.2546 -0.1393 -0.9569
vn 0.9237 -0.3137 0.2200
vn 0.9421 -0.3001 0.1499
vn 0.7723 0.1674 0.6129
vn 0.8476 -0.0499 0.5283
vn 0.9290 0.2729 0.2500
vn 0.6259 0.6176 -0.4762
vn 0.6269 0.3827 0.6786
vn 0.3655 0.7168 0.5938
vn 0.9338 -0.3506 -0.0713
vn 0.9243 0.3370 -0.1792
vn 0.9618 0.1478 -0.2304
vn 0.6330 0.1751 0.7541
vn 0.6801 -0.3493 -0.6446
vn 0.2849 0.7758 -0.5630
vn 0.4171 0.4401 0.7952
vn 0.1844 0.4782 0.8587
vn 0.6046 0.1262 0.7864
vn 0.1951 -0.0108 0.9807
vn 0.5123 -0.1728 0.8413
vn 0.2285 -0.2226 0.9477
vn 0.5590 0.7995 0.2198
vn 0.3098 0.9231 0.2277
vn 0.1546 0.0619 -0.9860
vn 0.2376 0.2024 0.9500
vn 0.8134 0.0463 -0.5798
vn 0.9428 0.0378 -0.3312
vn 0.8502 -0.4761 -0.2247
vn 0.3064 0.3816 -0.8720
vn 0.8432 -0.2634 0.4686
vn 0.4149 0.4469 -0.7926
vn 0.2993 -0.8447 -0.4437
vn 0.1560 -0.0125 -0.9877
vn -0.6358 0.6579 0.4036
vn -0.1491 -0.9424 -0.2995
vn 0.8568 0.2955 0.4226
vn 0.9586 -0.0082 0.2848
vn 0.6634 0.5711 0.4835
vn 0.4239 0.7106 0.5615
vn 0.1297 0.7053 0.6969
vn 0.6860 0.6631 -0.2997
vn 0.3837 0.8759 -0.2925
vn 0.2263 -0.4229 -0.8775
vn 0.2729 -0.7042 -0.6555
vn 0.2195 0.1417 -0.9653
vn 0.3142 0.3096 -0.8974
vn 0.2150 -0.8923 -0.3969
vn 0.7553 -0.3731 -0.5389
vn 0.5449 -0.0727 -0.8354
vn 0.7112 -0.2195 -0.6678
vn 0.1336 -0.1284 -0.9827
vn 0.6185 0.4594 0.6375
vn 0.9058 0.2159 0.3646
vn 0.9715 0.2209 -0.0865
vn 0.5930 -0.1933 -0.7817
vn 0.9444 -0.3181 -0.0835
vn 0.5611 0.0037 0.8278
vn 0.1535 -0.1033 0.9827
vn 0.7258 -0.2538 0.6393
vn 0.5097 -0.2853 0.8117
vn 0.1751 -0.3666 0.9138
vn 0.7401 -0.3131 0.5951
vn 0.5074 -0.3576 0.7840
vn 0.2176 -0.4121 0.8848
vn 0.6548 0.5072 -0.5604
vn 0.4731 0.5273 -0.7058
vn 0.5809 0.0290 -0.8135
vn 0.6490 -0.7537 -0.1036
vn 0.8007 -0.5430 -0.2531
vn 0.8371 -0.3800 -0.3935
vn 0.6742 -0.1216 -0.7285
vn 0.7047 -0.4893 -0.5138
vn 0.5643 -0.1671 -0.8085
vn -0.7975 -0.1914 -0.5722
vn -0.7475 -0.2392 -0.6197
vn -0.6385 -0.1841 -0.7473
vn -0.5080 -0.1425 -0.8495
vn 0.5827 0.0772 -0.8090
vn 0.9553 -0.1382 -0.2612
vn 0.9874 -0.0931 0.1277
vn 0.9759 0.1312 0.1741
vn 0.5818 0.0281 0.8128
vn 0.6409 0.1158 0.7588
vn 0.3298 0.0446 0.9430
vn 0.2800 0.0846 0.9563
vn -0.3000 -0.2433 0.9224
vn -0.2377 -0.0268 0.9710
vn -0.5086 0.1591 0.8462
vn -0.9956 -0.0513 0.0788
vn -0.9123 -0.1277 -0.3891
vn -0.9285 -0.2236 -0.2965
vn 0.2590 0.0071 -0.9659
vn 0.1826 -0.1902 -0.9646
vn -0.7663 0.0435 0.6410
vn 0.0845 0.0398 0.9956
vn -0.1068 0.1213 0.9869
vn -0.9521 -0.1573 -0.2622
vn -0.7842 -0.2397 -0.5724
vn -0.3929 -0.2207 -0.8927
vn 0.9694 -0.1011 0.2239
vn 0.6313 -0.1482 0.7613
vn 0.4591 -0.1080 0.8818
vn 0.3148 -0.0389 0.9484
vn -0.0602 -0.0183 0.9980
vn -0.1050 -0.0535 0.9930
vn -0.6422 -0.1239 0.7564
vn -0.5572 -0.0885 0.8256
vn -0.9850 -0.1360 0.1063
vn -0.9428 -0.1284 0.3078
vn 0.9129 -0.1767 -0.3679
vn -0.8186 -0.1230 -0.5610
vn -0.8907 -0.1482 -0.4298
vn -0.6636 -0.0971 -0.7418
vn -0.3742 -0.0601 -0.9254
vn 0.7673 0.0231 -0.6408
vn 0.9877 0.0151 0.1557
vn 0.5078 0.0025 0.8615
vn -0.9676 -0.1362 0.2125
vn -0.9522 -0.2050 -0.2265
vn 0.9812 0.0233 -0.1914
vn 0.1012 -0.0432 0.9939
vn -0.7930 -0.2046 -0.5738
vn -0.2978 -0.0005 -0.9546
vn 0.7947 0.1507 -0.5880
vn 0.9657 0.1425 0.2169
vn 0.9719 0.1590 -0.1734
vn -0.3466 -0.3743 -0.8601
vn 0.8970 -0.0585 -0.4381
vn 0.6395 0.1622 0.7515
vn 0.3379 0.1976 0.9202
vn -0.1854 0.2296 0.9555
vn -0.8352 0.0394 0.5485
vn -0.9520 -0.2498 0.1770
vn -0.5508 0.1010 0.8285
vn -0.6948 -0.0741 -0.7153
vn -0.6484 -0.1673 -0.7427
vn -0.9159 -0.1415 -0.3757
vn 0.0281 -0.2678 -0.9631
vn 0.1329 0.2812 0.9504
vn -0.9644 -0.1814 -0.1925
vn -0.8183 -0.1640 -0.5509
vn -0.3826 -0.1853 -0.9052
vn 0.7713 -0.1188 -0.6253
vn 0.9917 -0.1154 0.0567
vn 0.5924 -0.1005 0.7993
vn 0.4003 -0.1905 0.8964
vn 0.1587 -0.1696 0.9727
vn -0.0873 -0.1398 0.9863
vn -0.8551 -0.2541 0.4520
vn -0.8326 -0.2794 -0.4783
vn -0.4255 -0.2979 -0.8545
vn 0.7449 0.0681 -0.6637
vn 0.9803 0.1773 -0.0871
vn 0.9327 0.2432 0.2663
vn 0.7689 0.2697 0.5797
vn 0.4387 0.2781 0.8545
vn 0.8008 0.0801 0.5935
vn 0.5876 0.0547 -0.8073
vn 0.2948 0.7651 -0.5724
vn 0.3657 -0.2446 0.8980
vn 0.5281 -0.0491 0.8478
vn 0.1984 0.6365 -0.7453
vn 0.8624 -0.0054 -0.5062
vn -0.0349 0.3762 0.9259
vn -0.0250 0.4807 -0.8765
vn 0.1766 0.3358 -0.9252
vn 0.5711 -0.2158 -0.7920
vn 0.7002 0.0692 -0.7106
vn 0.6798 -0.3483 -0.6454
vn 0.6882 -0.3511 -0.6349
vn 0.1609 -0.0270 -0.9866
vn 0.0987 0.2034 -0.9741
vn 0.9417 -0.2674 0.2043
vn 0.7561 0.6461 -0.1040
vn -0.7407 -0.5050 -0.4432
vn -0.0526 -0.1388 -0.9889
vn -0.4850 -0.4088 0.7730
vn -0.4556 -0.4186 -0.7856
vn -0.8657 -0.4587 -0.2002
vn 0.7726 0.6143 -0.1601
vn 0.6913 0.6690 -0.2729
vn -0.3476 -0.3558 -0.8675
vn -0.4900 -0.3772 -0.7859
vn -0.6970 -0.4853 -0.5279
vn 0.1780 0.0761 -0.9811
vn 0.1208 0.1115 -0.9864
vn 0.6052 0.4587 0.6506
vn 0.6946 0.4648 0.5491
vn -0.3818 -0.3080 0.8714
vn -0.2526 -0.3957 0.8830
vn 0.4499 0.3441 -0.8241
vn -0.2028 -0.1663 -0.9650
vn -0.0886 -0.1872 -0.9783
vn 0.7755 0.6009 0.1939
vn -0.8466 -0.5321 0.0144
vn -0.7625 -0.6444 0.0567
vn -0.4359 -0.5969 0.6736
vn -0.7076 -0.5121 -0.4869
vn -0.6045 -0.4838 -0.6328
vn -0.7185 -0.5706 -0.3977
vn -0.8098 -0.4755 -0.3436
vn 0.0560 0.5108 0.8579
vn 0.1335 0.5225 0.8421
vn -0.0173 0.4205 0.9071
vn -0.1323 0.2640 0.9554
vn 0.0964 -0.1974 0.9756
vn 0.0011 0.1486 0.9889
vn 0.0558 -0.2056 0.9770
vn 0.1177 -0.2583 0.9589
vn 0.3578 -0.3914 0.8478
vn 0.9926 -0.1216 -0.0008
vn 0.7636 0.2162 0.6084
vn 0.9713 0.1724 0.1636
vn -0.6820 -0.0235 0.7310
vn 0.9090 0.1616 -0.3843
vn 0.3211 0.0804 0.9436
vn -0.0059 0.1560 -0.9877
vn -0.1375 0.2946 0.9457
vn 0.1520 0.3884 0.9089
vn 0.3220 0.9141 0.2464
vn 0.3969 0.9147 -0.0758
vn -0.1269 0.3878 0.9130
vn -0.0587 0.3637 0.9297
vn -0.4289 -0.0780 -0.9000
vn -0.0591 0.1602 -0.9853
vn 0.2743 0.6319 0.7248
vn -0.5987 -0.6815 -0.4208
vn 0.5668 0.4386 0.6974
vn -0.7566 -0.6250 -0.1921
vn 0.5413 0.4167 -0.7303
vn -0.2663 -0.5541 -0.7887
vn -0.7668 -0.6199 0.1665
vn 0.6425 0.7250 0.2480
vn 0.4793 -0.2310 0.8467
vn 0.6517 0.7159 -0.2504
vn 0.1206 0.8825 -0.4546
vn 0.3755 -0.0888 -0.9226
vn 0.0546 -0.1131 -0.9921
vn -0.3363 -0.0443 -0.9407
vn 0.3567 0.1477 -0.9225
vn -0.1525 0.1127 -0.9818
vn 0.9797 0.1374 0.1460
vn 0.8667 0.1771 -0.4664
vn -0.6523 -0.6532 -0.3845
vn 0.2271 -0.5048 -0.8328
vn -0.5012 -0.6257 -0.5977
vn 0.2693 -0.2076 -0.9404
vn 0.5156 -0.0182 -0.8566
vn -0.9258 -0.3719 0.0681
vn 0.0649 -0.2472 0.9668
vn -0.0094 -0.1072 0.9942
vn 0.9816 -0.0565 -0.1824
vn 0.7584 -0.0080 -0.6517
vn 0.6920 -0.1197 -0.7119
vn 0.9313 -0.1050 -0.3487
vn 0.2610 0.4738 -0.8411
vn 0.1516 0.6584 -0.7372
vn 0.1378 -0.0036 0.9904
vn 0.3673 0.0740 0.9271
vn 0.7742 0.0860 -0.6270
vn 0.3124 0.5305 -0.7880
vn 0.8239 -0.2898 0.4870
vn 0.3260 -0.1659 -0.9307
vn 0.2532 0.0214 0.9672
vn 0.2382 0.0534 0.9697
vn 0.5917 0.2879 -0.7530
vn 0.9791 -0.1139 -0.1685
vn 0.8825 -0.0735 -0.4645
vn 0.1517 0.4482 -0.8810
vn 0.6010 -0.7541 -0.2648
vn 0.9912 -0.1298 -0.0264
vn -0.2697 -0.5308 0.8034
vn 0.3047 0.1316 0.9433
vn 0.8258 0.5414 -0.1578
vn 0.1589 0.6541 -0.7395
vn 0.6622 0.4961 -0.5616
vn 0.5478 -0.2965 -0.7823
vn 0.2763 0.0748 -0.9582
vn -0.0631 0.6515 -0.7560
vn 0.0136 0.6452 -0.7639
vn -0.8859 -0.4360 -0.1582
vn 0.5590 0.4793 -0.6766
vn 0.1541 0.5377 -0.8290
vn -0.1161 0.1732 -0.9780
vn 0.5235 0.2616 -0.8109
vn 0.3163 0.5279 -0.7882
vn 0.5493 0.6518 0.5230
vn 0.8060 0.5585 0.1961
vn 0.3266 0.4836 0.8120
vn 0.1539 0.4035 0.9019
vn 0.2558 0.1912 -0.9476
vn 0.5335 -0.6383 -0.5549
vn 0.3592 -0.1878 -0.9142
vn 0.6028 0.0093 -0.7978
vn 0.9435 -0.0334 -0.3297
vn 0.0806 -0.1728 -0.9817
vn 0.9874 -0.1432 0.0669
vn 0.3670 0.1562 0.9170
vn 0.9192 0.0944 0.3824
vn -0.3582 0.0457 0.9325
vn 0.7301 0.6526 -0.2025
vn 0.8397 -0.0368 -0.5418
vn 0.6350 0.2633 0.7263
vn 0.9992 0.0189 0.0357
vn 0.1963 0.3173 0.9278
vn -0.2252 0.3513 0.9088
vn 0.6625 0.0832 0.7444
vn 0.3576 -0.1516 0.9215
vn -0.6575 -0.3729 0.6548
vn 0.5000 -0.0569 -0.8641
vn 0.2670 0.1132 -0.9570
vn 0.4745 0.0882 -0.8758
vn 0.2768 -0.1621 0.9472
vn 0.0574 0.4155 0.9078
vn 0.3459 -0.1105 -0.9317
vn 0.0687 0.1452 -0.9870
vn 0.1419 0.1007 -0.9847
vn 0.2159 -0.0067 -0.9764
vn -0.2261 -0.9526 -0.2036
vn 0.1974 -0.9358 -0.2921
vn -0.2967 -0.7262 0.6201
vn -0.2828 0.0613 0.9572
vn 0.1457 0.1804 0.9727
vn -0.3512 0.2247 0.9089
vn -0.3559 -0.4291 0.8302
vn 0.1495 0.0170 0.9886
vn 0.9354 -0.0494 0.3502
vn 0.9093 0.2014 0.3643
vn 0.9255 0.1083 0.3629
vn 0.8765 0.1443 0.4593
vn 0.8523 0.0606 0.5195
vn 0.6026 -0.2308 0.7639
vn -0.2789 -0.6270 0.7274
vn 0.8273 0.1972 -0.5260
vn -0.1529 -0.8746 -0.4601
vn 0.0032 -0.9907 0.1358
vn 0.6814 0.7268 -0.0860
vn 0.9327 0.3600 0.0205
vn 0.9944 0.0941 0.0485
vn 0.2051 0.9773 -0.0534
vn 0.4544 0.8868 -0.0841
vn 0.0164 0.1069 -0.9941
vn 0.8787 -0.4769 0.0203
vn 0.5446 0.0374 -0.8379
vn 0.8559 -0.1668 -0.4895
vn 0.4750 -0.0229 -0.8797
vn 0.1685 0.0339 -0.9851
vn 0.8565 -0.0929 0.5077
vn 0.1735 -0.1176 0.9778
vn -0.0212 -0.1533 0.9880
vn 0.4715 -0.0832 0.8779
vn 0.6432 -0.4548 -0.6160
vn 0.9861 -0.1405 -0.0887
vn 0.9559 -0.2779 0.0954
vn 0.7657 -0.3280 0.5533
vn 0.8550 -0.2356 -0.4620
vn 0.6829 -0.1139 -0.7216
vn 0.3783 0.1596 -0.9118
vn 0.2528 0.1580 -0.9545
vn 0.5644 -0.2123 -0.7977
vn 0.3746 0.1882 -0.9079
vn 0.4900 -0.1219 -0.8631
vn -0.0368 -0.2692 0.9624
vn 0.8855 -0.0318 -0.4635
vn 0.2994 0.4663 -0.8324
vn 0.3885 0.2898 -0.8747
vn 0.2625 0.0133 0.9648
vn 0.9565 -0.0633 -0.2849
vn 0.9074 -0.2838 0.3099
vn 0.3683 0.2998 -0.8800
vn 0.9843 -0.0475 -0.1703
vn 0.7298 -0.6793 -0.0773
vn 0.6101 -0.2995 -0.7335
vn 0.7070 -0.3473 -0.6160
vn 0.0797 -0.0209 -0.9966
vn 0.7395 0.6552 0.1545
vn 0.5169 0.5187 -0.6811
vn -0.3515 -0.3095 -0.8836
vn 0.7351 0.6718 0.0916
vn 0.2343 0.5344 -0.8121
vn -0.3076 -0.1348 -0.9419
vn 0.2422 0.7885 0.5653
vn 0.6303 0.6285 0.4557
vn 0.7140 0.5878 0.3805
vn 0.7404 0.5500 0.3864
vn 0.4124 -0.3226 0.8519
vn 0.9768 -0.1891 -0.1006
vn 0.4695 -0.8797 -0.0750
vn 0.4852 -0.1962 -0.8521
vn 0.4281 -0.3427 -0.8362
vn 0.9828 -0.1365 0.1240
vn 0.5159 0.1509 -0.8433
vn -0.0150 -0.7272 -0.6862
vn 0.4286 -0.0153 -0.9034
vn 0.0040 -0.5862 -0.8102
vn -0.6095 -0.7656 -0.2057
vn -0.0955 0.2473 0.9642
vn -0.1232 0.0066 0.9924
vn 0.6080 -0.2810 0.7425
vn 0.5458 -0.0998 0.8319
vn 0.2257 0.2413 0.9438
vn 0.9857 -0.1682 0.0020
vn 0.9926 -0.0006 -0.1210
vn 0.9480 -0.2745 0.1612
vn 0.1661 -0.2571 0.9520
vn 0.7165 -0.4173 0.5590
vn 0.6245 -0.2731 -0.7317
vn 0.3214 -0.4311 -0.8431
vn 0.5643 0.0183 -0.8254
vn 0.3898 -0.1029 -0.9151
vn 0.3248 0.0552 -0.9442
vn 0.0656 0.4033 -0.9127
vn 0.1953 0.6276 -0.7536
vn 0.2506 -0.7348 -0.6303
vn 0.0794 0.8178 -0.5701
vn 0.4357 0.2092 -0.8755
vn 0.5760 0.1009 -0.8112
vn 0.7554 0.1334 -0.6415
vn 0.3590 0.8374 0.4121
vn 0.1552 0.7721 -0.6163
vn 0.0243 0.3691 -0.9291
vn 0.0026 0.4748 -0.8801
vn 0.0553 0.5971 -0.8002
vn 0.3070 0.8999 -0.3096
vn 0.4630 -0.7862 -0.4092
vn 0.8856 -0.3108 -0.3451
vn 0.7524 -0.5588 -0.3487
vn 0.8082 -0.0652 0.5853
vn 0.7835 0.6213 0.0119
vn 0.0508 0.4893 0.8706
vn 0.0865 0.5562 0.8265
vn 0.6450 0.5142 0.5653
vn 0.4224 0.1674 -0.8908
vn 0.4082 0.0865 -0.9088
vn 0.5850 0.1267 -0.8011
vn 0.6962 -0.2010 0.6891
vn 0.9830 -0.0850 0.1629
vn 0.7660 -0.2325 -0.5993
vn 0.9371 -0.1014 -0.3342
vn 0.9501 -0.1074 -0.2927
vn -0.5346 -0.2413 -0.8099
vn 0.2465 -0.2124 -0.9456
vn 0.8386 -0.2069 -0.5040
vn 0.2631 -0.2413 -0.9341
vn 0.7764 0.3698 -0.5104
vn 0.5294 0.4594 -0.7132
vn 0.8624 -0.0037 -0.5062
vn 0.6407 0.1388 -0.7551
vn 0.8674 0.2301 -0.4411
vn -0.8796 -0.1175 0.4609
vn 0.8119 -0.0231 0.5833
vn -0.3491 -0.1029 0.9314
vn 0.5640 -0.1397 0.8139
vn 0.9701 0.0956 -0.2229
vn -0.8673 -0.1140 -0.4845
vn -0.6471 -0.0518 -0.7606
vn 0.5078 -0.0431 -0.8604
vn 0.9409 -0.0266 -0.3377
vn 0.9976 -0.0528 -0.0439
vn -0.9559 -0.2144 0.2006
vn -0.3196 -0.0546 -0.9460
vn 0.7804 -0.0289 -0.6246
vn -0.5936 -0.2086 0.7772
vn -0.1962 -0.1478 0.9694
vn -0.8180 -0.1023 -0.5661
vn -0.7760 -0.0653 -0.6273
vn 0.5653 0.0481 -0.8235
vn 0.8864 0.0951 -0.4531
vn 0.9861 0.0790 -0.1462
vn 0.9837 -0.0051 0.1798
vn 0.7429 -0.0505 0.6675
vn -0.4352 -0.0637 0.8981
vn -0.9065 -0.1160 -0.4060
vn -0.7982 -0.0684 -0.5985
vn 0.5380 -0.0478 -0.8416
vn 0.9613 -0.0578 -0.2694
vn 0.9963 -0.0859 -0.0051
vn -0.4147 -0.2003 0.8876
vn -0.9798 -0.1789 0.0889
vn 0.7424 0.1055 -0.6616
vn -0.0251 -0.0329 -0.9991
vn 0.0377 -0.0228 -0.9990
vn 0.8172 -0.0613 -0.5731
vn -0.7642 -0.1060 0.6363
vn -0.8883 -0.2158 0.4055
vn 0.0757 -0.0316 0.9966
vn -0.9597 -0.1647 -0.2276
vn -0.7357 -0.0464 -0.6757
vn 0.9537 -0.0799 -0.2900
vn 0.6913 -0.1468 0.7075
vn -0.9739 -0.2159 -0.0697
vn 0.4031 -0.0762 0.9120
vn 0.1719 -0.1599 0.9720
vn -0.8995 -0.0827 -0.4291
vn 0.8487 -0.0990 0.5196
vn 0.5575 -0.8161 -0.1519
vn 0.6736 0.3817 -0.6329
vn 0.0044 -0.3096 0.9509
vn -0.3981 -0.6893 0.6053
vn -0.6281 -0.7726 -0.0930
vn -0.7305 -0.3112 -0.6079
vn -0.5308 -0.4942 -0.6885
vn -0.9872 -0.1481 0.0599
vn -0.9796 -0.0827 -0.1832
vn 0.0572 0.1412 -0.9883
vn 0.3064 0.5173 0.7991
vn 0.2024 0.6756 0.7089
vn 0.2673 0.9578 0.1056
vn -0.7238 -0.1135 0.6807
vn 0.2110 -0.1691 0.9627
vn -0.0710 -0.1205 0.9902
vn 0.6240 0.0052 0.7814
vn 0.5339 -0.1742 0.8274
vn -0.3419 -0.1257 0.9313
vn -0.9555 -0.2487 0.1584
vn 0.8981 0.1593 -0.4100
vn 0.9867 0.1089 0.1204
vn 0.9823 0.0611 -0.1771
vn 0.7853 0.0502 0.6171
vn 0.9759 -0.1637 -0.1445
vn 0.1666 -0.1298 0.9774
vn 0.9994 0.0053 0.0329
vn 0.1671 -0.1270 -0.9777
vn 0.1962 -0.0973 -0.9757
vn -0.0078 0.0006 -1.0000
vn 0.2709 -0.1768 -0.9463
vn -0.3765 -0.4207 -0.8254
vn -0.1063 -0.2045 -0.9731
vn 0.1781 -0.0465 -0.9829
vn -0.1589 0.0053 0.9873
vn -0.1317 -0.0989 0.9863
vn 0.5911 -0.4458 0.6722
vn -0.6647 -0.6680 -0.3346
vn 0.2827 0.1850 0.9412
vn 0.9800 -0.0476 -0.1931
vn -0.6739 -0.7377 0.0404
vn -0.3331 -0.1802 0.9255
vn -0.2970 -0.3389 0.8927
vn -0.6395 -0.6861 0.3469
vn 0.2669 0.0167 0.9636
vn 0.3750 -0.0073 -0.9270
vn 0.6675 0.3094 -0.6773
vn 0.5298 0.2576 -0.8081
vn 0.8954 0.2134 -0.3908
vn 0.9408 -0.2312 -0.2479
vn 0.9083 0.1400 -0.3942
vn 0.9610 0.0812 -0.2645
vn 0.8449 -0.0568 -0.5318
vn 0.6558 -0.1073 -0.7473
vn 0.8091 0.0534 -0.5852
vn 0.8532 0.1704 -0.4930
vn 0.5217 0.0116 -0.8531
vn -0.6569 -0.1998 0.7271
vn -0.9805 -0.1873 0.0595
vn -0.4091 -0.9072 -0.0983
vn -0.9105 -0.1735 0.3754
vn -0.9525 -0.2594 0.1595
vn 0.9031 0.1890 0.3855
vn 0.6522 -0.1106 0.7500
vn 0.3113 -0.3861 0.8683
vn -0.2088 -0.3222 -0.9234
vn 0.8352 0.1148 -0.5378
vn 0.9933 0.1156 -0.0087
vn 0.1467 0.1448 -0.9785
vn -0.1387 0.0703 -0.9878
vn -0.4906 -0.4996 -0.7139
vn -0.8512 -0.4028 0.3364
vn -0.8690 -0.3925 -0.3013
vn -0.9495 -0.3073 -0.0635
vn 0.3622 0.3189 0.8758
vn -0.8768 -0.1334 0.4620
vn 0.4953 -0.1617 -0.8535
vn 0.2662 -0.6811 -0.6820
vn 0.3162 -0.9352 -0.1592
vn 0.3231 -0.2971 -0.8985
vn 0.9554 -0.2634 -0.1333
vn 0.8662 -0.4140 -0.2797
vn 0.8757 -0.3720 -0.3079
vn 0.5378 -0.1656 -0.8266
vn 0.5104 0.3871 -0.7679
vn 0.2277 -0.6806 -0.6963
vn -0.4712 -0.8518 -0.2290
vn 0.9857 -0.1293 0.1084
vn 0.5789 -0.8017 0.1489
vn 0.1306 -0.2503 -0.9593
vn 0.6683 0.7252 -0.1655
vn 0.5120 0.8448 0.1551
vn 0.2513 0.8124 -0.5263
vn 0.3646 0.7307 -0.5771
vn 0.4229 0.2628 -0.8672
vn 0.3666 -0.1591 -0.9167
vn -0.4018 0.1618 -0.9013
vn -0.2367 -0.2359 -0.9425
vn 0.0692 0.0396 0.9968
vn -0.7018 -0.6901 0.1770
vn 0.3219 -0.1417 -0.9361
vn 0.2717 -0.0300 -0.9619
vn -0.0292 0.4233 -0.9055
vn -0.0001 -0.0547 0.9985
vn 0.8586 0.1820 0.4793
vn -0.9723 -0.1509 -0.1784
vn 0.3391 0.0610 0.9388
vn -0.2104 -0.0358 -0.9770
vn 0.1426 -0.7612 -0.6326
vn -0.8002 -0.4559 0.3897
vn 0.6597 0.1614 -0.7340
vn 0.4633 0.6921 0.5535
vn 0.6811 0.3312 0.6529
vn 0.5312 0.3855 0.7545
vn 0.9947 0.1005 0.0199
vn 0.7161 -0.1125 0.6889
vn -0.0141 0.8816 0.4717
vn 0.0377 -0.1619 0.9861
vn 0.3925 0.2386 0.8882
vn 0.2599 -0.3184 0.9116
vn -0.6286 -0.2384 -0.7403
vn 0.9899 -0.1245 -0.0675
vn 0.0078 -0.1398 -0.9901
vn 0.0885 -0.0547 0.9946
vn 0.9166 0.0554 -0.3960
vn 0.1960 0.8499 0.4892
vn -0.2717 -0.8060 0.5258
vn 0.0365 -0.5284 0.8482
vn 0.0658 0.9638 -0.2583
vn 0.7880 -0.0367 0.6146
vn 0.8666 0.0261 -0.4984
vn 0.0138 -0.1066 0.9942
vn 0.6601 0.0193 -0.7510
vn 0.1099 0.1666 0.9799
vn 0.3103 0.3155 0.8967
vn -0.5903 -0.5856 0.5556
vn -0.9334 -0.0729 0.3512
vn -0.5680 -0.0666 0.8203
vn -0.4794 -0.2403 0.8440
vn 0.9978 -0.0596 0.0305
vn -0.0124 0.0791 -0.9968
vn 0.6890 0.5505 -0.4713
vn 0.4923 0.2725 0.8267
vn -0.0136 0.0330 -0.9994
vn 0.9838 0.0889 0.1555
vn 0.3725 -0.0980 -0.9229
vn -0.8794 -0.0632 0.4718
vn 0.6941 -0.1187 -0.7100
vn 0.4525 0.2780 0.8473
vn -0.3901 -0.1183 -0.9131
vn -0.9669 -0.1355 -0.2161
vn 0.4272 -0.1465 0.8922
vn -0.9620 -0.2550 -0.0974
vn 0.8961 -0.0323 -0.4426
vn 0.9076 0.0851 0.4110
vn 0.1838 -0.8587 -0.4784
vn -0.8672 -0.1911 0.4599
vn 0.1034 0.6189 -0.7787
vn -0.9863 -0.1571 -0.0499
vn -0.6639 -0.5433 0.5139
vn -0.8827 -0.4306 -0.1882
vn 0.6658 0.7444 0.0512
vn -0.8060 -0.1064 0.5823
vn 0.4424 0.8121 -0.3805
vn 0.7397 0.1122 0.6635
vn 0.7558 -0.2674 0.5977
vn -0.3408 -0.5162 0.7857
vn 0.3210 -0.0516 -0.9457
vn 0.0531 -0.8284 -0.5576
vn 0.6555 -0.2009 -0.7280
vn -0.1266 -0.2192 -0.9674
vn 0.8245 0.3021 0.4785
vn 0.8973 0.1142 -0.4263
vn 0.5622 0.2141 -0.7988
vn 0.3502 0.6992 -0.6232
vn 0.5758 0.0112 -0.8175
vn -0.0701 -0.2089 0.9754
vn -0.1934 -0.1139 0.9745
vn -0.3547 -0.1998 0.9134
vn -0.5741 -0.8047 0.1510
vn 0.8941 -0.1654 -0.4163
vn 0.5832 0.7178 -0.3805
vn -0.8942 -0.1252 0.4298
vn -0.0275 0.4416 0.8968
vn 0.4193 -0.0253 -0.9075
vn -0.6441 -0.4922 0.5856
vn 0.8943 -0.1238 -0.4299
vn -0.4674 -0.3859 -0.7954
vn 0.2135 0.8953 0.3909
vn 0.7538 -0.1484 -0.6402
vn 0.0404 -0.0041 -0.9992
vn 0.2970 -0.1539 -0.9424
vn 0.8995 -0.1027 0.4248
vn -0.6893 -0.2357 0.6851
vn -0.6989 -0.1972 0.6876
vn 0.2381 0.0360 -0.9706
vn 0.8400 -0.2735 0.4687
vn -0.6188 -0.3008 -0.7257
vn 0.9794 0.1734 -0.1031
vn 0.9380 -0.0566 -0.3419
vn 0.1034 0.1646 -0.9809
vn -0.6763 -0.1320 0.7247
vn 0.8056 0.5854 0.0913
vn 0.2148 -0.3075 0.9270
vn -0.9202 -0.3494 0.1767
vn 0.1836 0.4942 0.8497
vn 0.5150 -0.0280 -0.8568
vn -0.9612 -0.2703 0.0557
vn 0.9684 0.1550 0.1955
vn -0.8829 -0.2089 -0.4205
vn 0.9315 0.1458 -0.3332
vn 0.5096 -0.1680 -0.8439
vn 0.4402 0.2675 -0.8571
vn 0.8562 -0.0718 0.5116
vn 0.2294 -0.9370 -0.2635
vn 0.6218 -0.0660 -0.7804
vn 0.6593 0.7270 0.1918
vn -0.9839 -0.1498 -0.0978
vn -0.1700 -0.2282 0.9587
vn 0.5837 0.2148 0.7830
vn -0.9692 0.1124 -0.2189
vn 0.2900 -0.1175 0.9498
vn -0.0007 -0.1118 0.9937
vn -0.5979 -0.6121 0.5176
vn -0.0210 0.0356 -0.9991
vn -0.7520 -0.2660 -0.6032
vn 0.9661 -0.0942 0.2404
vn 0.7011 0.5738 0.4234
vn 0.8517 -0.2770 -0.4449
vn 0.6535 0.1435 -0.7433
vn 0.8720 -0.0617 0.4857
vn 0.5202 0.2439 0.8185
vn 0.5395 -0.2547 -0.8025
vn 0.0903 0.9856 -0.1428
vn 0.8626 -0.3471 -0.3680
vn 0.1458 -0.2401 0.9597
vn -0.6751 -0.2223 -0.7035
vn 0.9477 -0.0231 0.3184
vn 0.8558 -0.3658 0.3658
vn -0.9638 -0.0941 -0.2494
vn 0.6290 0.5331 -0.5658
vn 0.8821 -0.2610 -0.3922
vn 0.2883 0.6797 0.6745
vn -0.0790 -0.0808 -0.9936
vn 0.3712 0.1180 0.9210
vn 0.8930 -0.2125 0.3967
vn -0.5176 -0.6898 0.5062
vn -0.6588 -0.1249 0.7419
vn 0.0165 -0.3725 0.9279
vn 0.0167 -0.5229 0.8522
vn 0.8084 0.0558 0.5860
vn 0.8821 0.1999 0.4265
vn -0.1077 -0.2044 -0.9729
vn 0.5342 -0.1463 0.8326
vn -0.0932 -0.1867 0.9780
vn 0.2998 0.1986 -0.9331
vn -0.2929 -0.1213 -0.9484
vn 0.9434 0.0258 0.3308
vn 0.6175 -0.6769 -0.4006
vn 0.4375 -0.4208 0.7947
vn -0.5698 -0.5422 -0.6175
vn 0.2226 -0.9103 -0.3490
vn 0.9238 -0.0955 0.3709
vn -0.5769 -0.0731 -0.8136
vn -0.3228 -0.0903 0.9422
vn 0.7971 0.5861 0.1456
vn 0.4350 -0.8991 -0.0479
vn -0.9079 -0.3999 0.1255
vn 0.7441 0.5186 0.4212
vn -0.0606 0.3155 -0.9470
vn 0.0109 -0.1835 0.9830
vn 0.7652 -0.2698 -0.5845
vn 0.2671 -0.5388 -0.7990
vn -0.1647 -0.2230 -0.9608
vn -0.1855 0.3191 0.9294
vn 0.2968 0.2764 -0.9141
vn 0.3228 -0.7240 -0.6096
vn 0.9379 0.2696 -0.2182
vn -0.3222 -0.2290 0.9186
vn -0.9930 -0.1180 0.0101
vn -0.1217 -0.1538 0.9806
vn 0.7364 -0.0624 0.6737
vn 0.5309 -0.0894 -0.8427
vn 0.1859 -0.0550 0.9810
vn 0.2348 -0.1746 0.9562
vn -0.5331 0.0602 0.8439
vn 0.4706 0.1099 -0.8755
vn 0.6128 0.2875 0.7361
vn -0.0350 0.1980 0.9796
vn 0.7649 0.5433 0.3460
vn 0.7232 0.1377 -0.6767
vn 0.9233 -0.2512 0.2906
vn 0.3612 -0.3388 -0.8687
vn 0.3147 0.3394 -0.8864
vn 0.8464 0.3289 -0.4188
vn 0.7752 0.5341 -0.3373
vn 0.2815 -0.0881 0.9555
vn 0.3738 0.3338 0.8654
vn 0.1041 -0.0294 -0.9941
vn 0.6272 -0.1304 -0.7679
vn 0.1252 0.8100 -0.5730
vn 0.4616 0.0414 -0.8861
vn 0.8836 0.0855 0.4603
vn 0.5428 -0.3500 0.7634
vn -0.3878 -0.5872 0.7105
vn -0.5081 -0.4974 0.7031
vn 0.9817 0.1399 -0.1291
vn 0.9734 -0.2224 0.0552
vn 0.4158 -0.0195 0.9093
vn 0.6995 0.0061 -0.7146
vn 0.8344 0.5093 -0.2107
vn 0.5714 0.6326 -0.5228
vn 0.9993 -0.0361 -0.0101
vn -0.5146 -0.1383 0.8462
vn 0.9321 -0.1558 -0.3269
vn -0.9321 -0.0235 0.3615
vn 0.0421 0.3643 -0.9303
vn -0.4384 0.0963 -0.8936
vn 0.5902 0.1205 -0.7982
vn 0.0816 -0.0195 -0.9965
vn 0.2787 -0.3581 0.8911
vn -0.1632 0.0002 0.9866
vn 0.3689 0.3980 0.8400
vn 0.9569 -0.1909 -0.2189
vn -0.5441 -0.0347 -0.8383
vn 0.4311 -0.2155 0.8762
vn 0.0426 -0.0519 0.9977
vn 0.7553 0.6449 -0.1164
vn 0.8048 -0.0174 -0.5933
vn 0.8326 0.5094 -0.2177
vn -0.8377 -0.1724 0.5182
vn 0.4338 0.0270 -0.9006
vn 0.1773 0.3755 -0.9097
vn 0.9962 -0.0340 -0.0803
vn 0.5142 0.0492 -0.8563
vn -0.7754 -0.1690 0.6084
vn 0.0323 0.6083 -0.7931
vn 0.9832 -0.0392 0.1781
vn 0.5953 -0.1678 -0.7858
vn -0.8232 -0.5676 -0.0123
vn -0.3004 0.0797 -0.9505
vn 0.0902 -0.8035 -0.5884
vn 0.7018 -0.5343 -0.4712
vn -0.1716 -0.3740 0.9114
vn 0.1201 0.5671 0.8149
vn 0.9990 -0.0384 0.0234
vn 0.5675 -0.8174 -0.0990
vn 0.8671 0.3808 -0.3212
vn -0.2978 -0.6216 0.7245
vn 0.1405 0.9245 0.3544
vn 0.4030 -0.7898 0.4623
vn 0.7020 0.4076 -0.5840
vn 0.9624 0.0582 0.2655
vn -0.0056 -0.7522 -0.6590
vn 0.8773 0.0883 -0.4718
vn -0.4630 0.5539 0.6919
vn 0.6073 0.0941 0.7889
vn -0.1673 0.0192 0.9857
vn -0.5260 -0.4195 0.7398
vn 0.9256 -0.1506 -0.3472
vn 0.8795 -0.4756 0.0186
vn -0.4139 -0.4848 0.7705
vn 0.8444 -0.1242 0.5212
vn 0.6764 -0.6845 0.2719
vn 0.5029 -0.8015 -0.3234
vn -0.2897 -0.2322 -0.9285
vn 0.2564 0.8657 -0.4300
vn 0.7671 0.1554 -0.6224
vn 0.9874 -0.1443 -0.0658
vn 0.9609 -0.2385 0.1408
vn 0.3624 0.1869 -0.9131
vn 0.7407 -0.5503 -0.3854
vn 0.5782 -0.7509 0.3192
vn -0.1682 -0.7489 -0.6410
vn -0.2822 -0.2894 -0.9147
vn 0.8615 -0.3702 0.3476
vn 0.9635 -0.1734 0.2040
vn 0.8082 0.0559 -0.5862
vn 0.8723 0.1405 -0.4683
vn 0.7615 0.0343 -0.6473
vn 0.8999 0.0530 -0.4328
vn 0.6307 -0.4856 -0.6053
vn 0.1817 -0.4544 -0.8721
vn 0.9542 -0.2545 -0.1574
vn 0.8131 -0.4995 -0.2989
vn 0.9129 0.1220 -0.3895
vn 0.7751 -0.1639 -0.6103
vn 0.4476 0.1981 -0.8720
vn -0.2468 0.5051 0.8270
vn -0.4349 -0.3986 0.8075
vn -0.5518 -0.5528 0.6244
vn 0.3143 -0.8422 0.4381
vn 0.4110 -0.3991 0.8196
vn 0.0942 -0.9702 0.2233
vn 0.6512 -0.1973 0.7328
vn 0.8442 -0.4068 0.3491
vn -0.0773 -0.3272 0.9418
vn 0.0562 -0.2520 0.9661
vn 0.5485 0.8211 -0.1577
vn 0.6685 0.1802 0.7215
vn 0.8220 -0.3871 -0.4176
vn 0.2756 0.9257 -0.2592
vn 0.9300 -0.1869 0.3164
vn -0.0140 0.9972 0.0731
vn 0.0840 0.8352 -0.5435
vn 0.7556 0.3376 -0.5613
vn 0.1487 0.7372 -0.6591
vn 0.9682 -0.1691 -0.1844
vn 0.9762 -0.2118 0.0462
vn 0.7716 -0.4338 -0.4653
vn 0.9608 -0.2144 -0.1756
vn 0.8229 -0.4886 0.2899
vn 0.9202 0.2679 0.2856
vn 0.9023 -0.0659 -0.4260
vn 0.8900 0.3919 -0.2332
vn -0.1593 0.9727 0.1690
vn 0.4068 -0.8911 -0.2010
vn 0.9940 0.0236 -0.1067
vn 0.9094 -0.4036 0.1001
vn 0.9860 -0.0185 -0.1656
vn 0.8526 0.0807 0.5162
vn 0.0582 -0.9973 0.0452
vn 0.5457 0.5708 0.6135
vn -0.6463 -0.3973 0.6515
vn 0.8045 -0.2273 -0.5488
vn 0.8108 -0.4750 -0.3420
vn -0.6114 -0.1625 0.7745
vn 0.4265 -0.6155 0.6627
vn 0.7713 -0.4080 0.4885
vn 0.9882 0.0850 0.1274
vn 0.7700 0.3821 -0.5109
vn -0.2651 -0.6289 0.7309
vn -0.7962 -0.3358 -0.5034
vn -0.5011 -0.2021 -0.8415
vn -0.1384 -0.6766 -0.7232
vn 0.2482 0.4076 -0.8788
vn 0.2308 -0.6111 -0.7572
vn 0.8304 -0.1343 -0.5408
vn 0.6807 -0.0290 -0.7320
vn 0.1395 -0.5932 -0.7929
vn 0.5374 0.3174 -0.7813
vn 0.3257 -0.5473 -0.7710
vn 0.6417 -0.0943 -0.7612
vn 0.4035 0.1337 -0.9052
vn 0.3126 -0.1847 -0.9318
vn 0.0207 -0.7992 -0.6008
vn 0.5519 -0.0651 -0.8314
vn -0.1377 -0.3333 -0.9327
vn 0.0871 -0.8670 -0.4907
vn 0.2774 -0.1713 -0.9453
vn 0.2953 -0.5514 -0.7802
vn 0.5589 0.0588 -0.8272
vn 0.2221 0.4461 -0.8670
vn 0.4274 -0.3394 -0.8379
vn 0.4586 -0.1468 -0.8765
vn 0.7800 -0.5138 -0.3572
vn 0.3783 -0.5343 0.7559
vn -0.5675 -0.8123 -0.1348
vn -0.1350 -0.9880 0.0745
vn 0.1090 -0.6077 -0.7867
vn 0.7799 0.1141 -0.6155
vn 0.4190 0.2225 -0.8803
vn 0.0250 -0.8143 -0.5799
vn 0.6350 0.6975 -0.3321
vn 0.5687 -0.8219 -0.0334
vn 0.8076 0.1274 -0.5758
vn 0.6620 0.7095 -0.2417
vn -0.2818 0.7917 -0.5420
vn 0.0618 0.4144 -0.9080
vn -0.0160 0.9747 -0.2228
vn -0.6451 -0.1564 -0.7479
vn -0.9993 -0.0352 0.0123
vn -0.7909 -0.6062 0.0834
vn 0.7790 0.1888 -0.5979
vn 0.5156 0.7267 -0.4539
vn 0.7350 0.6157 -0.2840
vn 0.8511 0.3189 -0.4170
vn 0.3243 0.0044 0.9459
vn 0.6380 -0.0435 0.7688
vn -0.0250 0.5901 -0.8070
vn -0.0168 0.2123 0.9771
vn 0.7729 0.2876 0.5656
vn 0.9689 0.1607 0.1882
vn 0.5209 0.7999 -0.2982
vn -0.8715 -0.4229 -0.2481
vn -0.9730 -0.0165 0.2301
vn 0.9215 0.2156 -0.3229
vn 0.4692 0.1964 0.8610
vn 0.9259 0.3725 -0.0623
vn -0.9525 -0.0205 0.3038
vn 0.9696 0.1682 0.1780
vn -0.6820 -0.7170 -0.1443
vn 0.4881 0.8538 -0.1810
vn 0.7866 0.6171 0.0203
vn 0.9482 0.2650 0.1755
vn -0.5113 -0.8386 0.1880
vn -0.5084 -0.5825 -0.6342
vn -0.0876 -0.4231 -0.9018
vn 0.4301 0.6301 -0.6466
vn -0.1456 0.9017 -0.4070
vn 0.3164 -0.4943 -0.8097
vn -0.9541 0.0313 -0.2977
vn -0.9994 -0.0269 0.0201
vn 0.7731 0.6343 0.0036
vn -0.3597 0.8519 -0.3806
vn 0.4196 -0.8965 0.1423
vn -0.9183 0.3425 -0.1988
vn 0.5478 0.7466 -0.3774
vn -0.9928 -0.0763 -0.0924
vn -0.8993 0.2471 -0.3609
vn 0.1322 -0.9800 0.1489
vn -0.0875 -0.9798 0.1801
vn 0.6296 0.6388 -0.4421
vn 0.0892 -0.9944 0.0568
vn 0.1989 0.9195 -0.3391
vn 0.1439 -0.8259 -0.5451
vn -0.2992 -0.9538 -0.0270
vn -0.3540 -0.9158 0.1894
vn -0.2237 0.9002 -0.3736
vn 0.3086 -0.9502 -0.0447
vn 0.4142 0.8707 -0.2650
vn 0.6532 -0.5451 -0.5256
vn 0.7853 -0.5577 0.2690
vn 0.2580 -0.8753 -0.4090
vn -0.4196 0.8421 -0.3388
vn 0.0991 -0.9819 -0.1616
vn -0.8792 -0.4721 0.0643
vn -0.9187 0.2031 0.3387
vn 0.3872 0.9170 -0.0956
vn -0.8254 0.1713 -0.5379
vn -0.1595 -0.9784 -0.1314
vn -0.6091 0.0911 -0.7878
vn 0.0824 -0.9235 -0.3748
vn 0.9709 0.0491 -0.2343
vn 0.8993 -0.3035 0.3150
vn 0.5010 0.8506 -0.1595
vn -0.4362 -0.8543 0.2826
vn 0.9641 -0.2593 -0.0579
vn -0.6469 0.6256 -0.4361
vn 0.9408 -0.2717 0.2027
vn 0.9614 -0.0192 -0.2744
vn 0.0452 -0.9666 0.2521
vn 0.9525 -0.3036 -0.0234
vn 0.9924 -0.0404 -0.1160
vn -0.0457 0.7073 -0.7054
vn 0.9524 0.2930 -0.0842
vn 0.5550 0.4205 -0.7178
vn -0.5480 0.7038 -0.4521
vn 0.1958 0.9321 -0.3047
vn -0.5202 -0.8260 -0.2170
vn -0.5298 -0.8135 0.2400
vn -0.8301 -0.5335 -0.1622
vn 0.4788 -0.8730 0.0930
vn 0.7432 -0.2592 -0.6168
vn 0.1939 0.3008 0.9338
vn 0.9552 -0.2898 0.0600
vn 0.4860 -0.7876 -0.3788
vn -0.3911 0.8915 -0.2288
vn 0.6358 -0.7476 -0.1920
vn -0.9497 0.1673 -0.2649
vn 0.4974 0.8521 -0.1628
vn 0.2508 0.7417 -0.6221
vn -0.0781 -0.9416 0.3274
vn 0.6269 -0.6137 0.4800
vn 0.2494 0.9071 -0.3391
vn 0.6602 0.7386 -0.1366
vn 0.0365 -0.9612 0.2735
vn 0.1378 -0.9813 -0.1345
vn 0.9789 0.0405 0.2001
vn -0.7317 -0.6803 -0.0428
vn 0.8683 -0.4908 -0.0721
vn 0.5639 0.7940 -0.2272
vn 0.9209 -0.2979 0.2513
vn 0.4354 -0.8756 0.2092
vn -0.8838 -0.4544 -0.1115
vn 0.1215 0.9120 -0.3918
vn -0.9794 -0.0807 -0.1851
vn 0.4828 -0.8247 -0.2947
vn 0.6798 -0.7045 0.2037
vn 0.8165 0.0410 0.5759
vn 0.1330 -0.9481 -0.2887
vn 0.1636 -0.9697 0.1813
vn -0.7801 -0.5740 -0.2490
vn -0.1057 -0.9820 0.1567
vn 0.8917 -0.4163 0.1775
vn -0.9326 -0.3265 -0.1536
vn -0.0600 -0.9867 0.1513
vn 0.3750 0.8744 -0.3080
vn 0.1711 -0.8016 -0.5728
vn -0.8758 0.1881 -0.4444
vn -0.2914 -0.9489 0.1214
vn 0.9685 0.1895 0.1618
vn 0.4083 0.8617 -0.3012
vn -0.2827 -0.9549 -0.0912
vn -0.4986 -0.8366 -0.2268
vn -0.4401 0.8398 -0.3178
vn 0.8729 -0.3930 -0.2891
vn -0.7246 -0.5031 -0.4711
vn -0.6435 -0.7273 0.2387
vn -0.9638 -0.2518 -0.0872
vn -0.2196 -0.2327 -0.9474
vn 0.9645 0.1039 0.2430
vn 0.9464 0.3081 -0.0975
vn 0.1607 -0.6670 -0.7276
vn 0.3898 -0.1462 0.9092
vn -0.6404 -0.7136 0.2840
vn 0.4426 -0.8967 0.0069
vn -0.0446 -0.1800 0.9827
vn 0.9966 -0.0527 -0.0633
vn -0.4674 -0.7167 0.5176
vn -0.9948 0.0274 -0.0976
vn 0.0657 -0.9102 0.4089
vn 0.5416 0.2146 0.8128
vn 0.9367 -0.3486 0.0327
vn 0.9487 -0.0220 0.3155
vn -0.0663 -0.5026 -0.8620
vn 0.8377 -0.4052 -0.3661
vn -0.1250 0.9305 -0.3443
vn -0.9624 -0.2608 -0.0759
vn 0.9724 -0.0155 0.2330
vn -0.9301 0.2245 -0.2908
vn 0.5751 0.7636 -0.2936
vn -0.8089 0.4910 -0.3233
vn 0.4816 -0.8616 0.1606
vn -0.3028 0.1106 0.9466
vn -0.8669 -0.4983 -0.0157
vn -0.5982 -0.6948 -0.3991
vn -0.7350 -0.1875 0.6517
vn 0.0285 -0.9996 0.0027
vn -0.9966 0.0596 -0.0565
vn -0.1960 -0.9422 0.2716
vn 0.4012 0.8206 -0.4071
vn 0.1458 0.7720 -0.6187
vn 0.5135 0.4767 -0.7135
vn 0.2037 -0.8986 0.3886
vn 0.6808 -0.7294 -0.0673
vn 0.1954 -0.9199 -0.3399
vn 0.5899 0.7712 -0.2392
vn 0.9390 0.1490 -0.3099
vn -0.0297 -0.9866 -0.1602
vn -0.7482 0.5051 -0.4301
vn 0.9342 0.3242 0.1486
vn 0.8797 -0.0175 0.4751
vn -0.1749 -0.9667 -0.1870
vn -0.1693 -0.4450 -0.8794
vn 0.6416 -0.6759 -0.3625
vn -0.8960 0.3626 -0.2561
vn -0.1123 -0.9924 0.0510
vn -0.9565 -0.2877 0.0475
vn 0.2146 0.8113 -0.5438
vn 0.9380 -0.2264 0.2626
vn 0.0810 0.7716 -0.6310
vn 0.4324 0.8888 -0.1517
vn -0.5641 -0.7426 -0.3611
vn 0.4047 0.7868 -0.4660
vn 0.5643 -0.7947 0.2235
vn -0.9236 0.1855 0.3356
vn -0.7326 0.5912 -0.3373
vn 0.2131 -0.9521 -0.2194
vn -0.2416 -0.9563 -0.1645
vn -0.4939 0.1462 -0.8571
vn -0.9491 -0.1450 0.2796
vn -0.8035 0.5184 -0.2927
vn 0.2244 -0.6435 0.7318
vn 0.8348 0.5505 0.0077
vn 0.1361 0.9478 -0.2883
vn -0.9010 -0.4310 0.0484
vn 0.9657 0.2579 0.0311
vn -0.9955 -0.0598 -0.0731
vn -0.6365 0.4170 -0.6488
vn 0.8855 0.3258 -0.3313
vn -0.3236 0.7907 -0.5197
vn 0.5390 0.3881 -0.7476
vn -0.3131 -0.2849 0.9060
vn 0.9472 0.0494 0.3169
vn 0.7291 0.6755 -0.1105
vn -0.7986 0.4157 -0.4353
vn 0.4855 -0.8706 0.0795
vn 0.3964 -0.7564 -0.5203
vn 0.4543 0.8413 -0.2930
vn -0.9837 0.1087 0.1432
vn -0.1989 -0.5484 -0.8122
vn 0.1069 0.9474 -0.3015
vn -0.5810 -0.6469 -0.4940
vn -0.5229 -0.8518 0.0318
vn -0.4747 -0.0417 -0.8792
vn 0.7852 0.5434 -0.2969
vn -0.9287 0.1981 -0.3136
vn -0.7391 -0.6712 0.0565
vn -0.9119 0.3097 -0.2694
vn 0.1403 0.8165 -0.5601
vn -0.2884 0.8061 -0.5167
vn -0.4869 -0.8718 0.0536
vn -0.7052 0.0764 0.7049
vn 0.8451 -0.4484 0.2912
vn 0.7600 -0.1334 0.6361
vn 0.9980 0.0542 -0.0318
vn -0.8719 -0.4569 0.1760
vn -0.9841 0.0899 -0.1535
vn -0.1899 0.8228 -0.5356
vn 0.2156 0.8719 -0.4397
vn 0.3067 0.8423 -0.4433
vn 0.0810 0.1180 0.9897
vn 0.7951 0.2002 0.5725
vn -0.9290 0.0511 0.3665
vn -0.9783 0.1297 0.1614
vn -0.0580 -0.4641 -0.8839
vn -0.7313 -0.6165 -0.2918
vn 0.7092 -0.6003 0.3698
vn 0.0382 -0.0915 -0.9951
vn 0.0579 0.9268 -0.3711
vn -0.9812 0.0861 -0.1728
vn -0.8136 0.5060 -0.2865
vn 0.1365 0.1432 -0.9802
vn -0.4098 0.7583 -0.5071
vn -0.5207 -0.8364 0.1711
vn 0.0125 0.9064 -0.4222
vn -0.3152 -0.9456 0.0803
vn -0.0052 -0.9927 0.1204
vn -0.4267 0.8462 -0.3192
vn -0.1483 -0.9749 0.1659
vn -0.4949 0.2835 0.8214
vn -0.7338 0.1383 0.6651
vn 0.9623 0.2640 0.0654
vn 0.8233 -0.5167 0.2348
vn -0.7524 -0.6486 0.1152
vn -0.8958 0.0964 -0.4340
vn -0.2091 0.6893 -0.6937
vn 0.6288 0.5624 -0.5370
vn 0.2841 0.3252 -0.9020
vn -0.3739 0.3254 -0.8685
vn -0.9271 -0.3484 -0.1383
vn -0.3176 -0.9139 0.2527
vn 0.0700 -0.8570 -0.5106
vn 0.6042 -0.7459 0.2803
vn 0.6639 -0.1393 -0.7348
vn -0.5232 -0.7192 -0.4572
vn 0.9996 -0.0142 -0.0263
vn 0.1094 0.9401 -0.3230
vn 0.5123 0.8580 0.0356
vn 0.0467 0.2157 -0.9753
vn -0.6909 0.5255 -0.4965
vn 0.5989 0.7824 -0.1708
vn 0.8771 0.4650 -0.1206
vn 0.3654 0.5347 -0.7620
vn -0.3707 0.1966 -0.9077
vn 0.2718 -0.9617 -0.0344
vn -0.7072 0.2991 -0.6406
vn -0.6250 -0.7754 0.0902
vn 0.7684 -0.5298 0.3590
vn -0.0848 -0.3028 -0.9493
vn 0.7349 0.1070 -0.6697
vn -0.7077 -0.5065 -0.4926
vn 0.6458 -0.6214 -0.4437
vn -0.3627 0.7568 -0.5438
vn 0.5869 0.5167 -0.6233
vn -0.2126 0.4719 -0.8556
vn 0.2913 -0.0630 -0.9546
vn 0.6941 0.3324 -0.6386
vn 0.9211 -0.2940 -0.2551
vn 0.4591 -0.8857 0.0690
vn -0.8269 -0.5557 0.0864
vn 0.0204 -0.9905 -0.1360
vn -0.3009 -0.9537 -0.0007
vn 0.6867 -0.0037 -0.7269
vn -0.9531 0.1282 -0.2740
vn -0.0945 0.0641 -0.9935
vn -0.6527 0.0876 -0.7525
vn -0.5034 -0.6325 -0.5886
vn 0.3825 -0.7249 -0.5729
vn 0.3765 0.3050 -0.8747
vn 0.3240 0.4657 -0.8235
vn -0.0820 0.5731 -0.8154
vn 0.7292 -0.0422 -0.6830
vn 0.5584 0.5207 -0.6457
vn 0.4915 0.6357 -0.5952
vn 0.9014 0.3491 -0.2563
vn -0.2124 0.3858 -0.8978
vn 0.2636 0.3843 -0.8848
vn -0.7099 -0.5025 0.4935
vn -0.4401 -0.6252 0.6445
vn -0.9806 -0.1429 -0.1345
vn 0.8374 0.2232 -0.4989
vn 0.6208 -0.5525 0.5563
vn -0.4932 -0.6080 0.6222
vn 0.7927 0.5381 0.2865
vn 0.7888 0.3353 -0.5151
vn 0.7335 0.4250 -0.5304
vn -0.4432 -0.1782 0.8785
vn -0.9803 -0.0628 -0.1871
vn -0.0727 0.4247 -0.9024
vn 0.7328 0.5590 0.3881
vn 0.7466 0.6083 -0.2695
vn -0.6328 -0.7591 0.1529
vn 0.8123 0.5831 0.0150
vn 0.8837 0.4670 -0.0324
vn -0.6912 -0.6984 -0.1854
vn 0.6750 0.5099 -0.5333
vn 0.4213 0.4915 -0.7622
vn 0.0508 0.5574 -0.8287
vn -0.7798 -0.6251 0.0335
vn 0.6964 0.2648 0.6670
vn -0.8289 0.2150 -0.5165
vn 0.8018 0.5396 0.2568
vn 0.8053 0.5739 0.1486
vn 0.3856 -0.8273 0.4085
vn -0.3213 -0.7492 0.5792
vn -0.2267 -0.8495 -0.4764
vn 0.8310 0.2723 -0.4851
vn -0.6553 -0.7524 0.0664
vn -0.6210 -0.7824 0.0474
vn -0.6839 0.0618 -0.7270
vn 0.0377 -0.0656 0.9971
vn -0.6524 0.0945 -0.7520
vn -0.8707 -0.4918 -0.0019
vn -0.7278 -0.6126 -0.3082
vn -0.5275 -0.8408 0.1216
vn -0.6205 -0.7839 0.0230
vn 0.6860 0.1225 0.7172
vn 0.9696 -0.0452 0.2407
vn -0.3765 -0.9264 0.0059
vn 0.4935 -0.3734 -0.7855
vn -0.3789 -0.5094 0.7726
vn 0.1526 0.0906 0.9841
vn -0.0123 -0.1158 -0.9932
vn 0.5263 -0.8446 0.0982
vn -0.8492 -0.5248 0.0587
vn 0.4326 0.5666 -0.7013
vn -0.5845 -0.5769 0.5706
vn 0.4269 -0.1162 0.8968
vn 0.6820 0.5850 -0.4389
vn -0.8068 -0.5269 -0.2672
vn 0.8998 0.3676 0.2350
vn 0.8385 0.3774 0.3931
vn -0.5014 -0.0015 -0.8652
vn -0.8558 -0.5035 -0.1188
vn 0.5739 -0.0502 0.8174
vn -0.5664 -0.4390 -0.6975
vn -0.7771 -0.5213 -0.3528
vn -0.1193 -0.1026 -0.9875
vn -0.7812 -0.6207 0.0674
vn -0.7269 -0.5354 0.4300
vn 0.9649 -0.0241 0.2617
vn -0.0639 -0.8043 0.5908
vn -0.0419 -0.2732 0.9611
vn -0.8487 -0.4600 -0.2609
vn 0.6137 0.4847 -0.6233
vn -0.7566 -0.5507 0.3526
vn 0.8656 0.4390 0.2410
vn -0.8237 -0.5623 0.0733
vn 0.6491 -0.5183 0.5568
vn 0.4668 -0.6720 -0.5748
vn 0.8276 0.4381 0.3510
vn 0.0322 -0.2058 -0.9781
vn 0.5236 -0.8360 0.1642
vn -0.6734 -0.7160 0.1839
vn 0.7827 0.4689 0.4093
vn 0.8468 0.5316 0.0186
vn 0.8905 0.1633 -0.4247
vn 0.7482 0.5270 0.4030
vn -0.7623 -0.6462 -0.0376
vn 0.4493 0.3023 0.8407
vn -0.6777 -0.5807 -0.4512
vn 0.9657 0.1503 0.2116
vn 0.3299 0.5536 -0.7646
vn -0.6959 -0.3841 -0.6067
vn 0.6082 0.4021 -0.6844
vn 0.0194 -0.8973 -0.4410
vn -0.6506 0.2632 -0.7124
vn 0.8034 0.5953 -0.0149
vn -0.0947 0.0886 -0.9916
vn -0.3405 -0.9401 0.0140
vn 0.7668 0.6245 -0.1486
vn -0.7875 -0.5032 -0.3559
vn -0.6621 -0.7486 -0.0357
vn 0.5634 0.1464 0.8131
vn -0.6732 -0.5194 0.5263
vn 0.8627 0.4892 0.1279
vn -0.7096 -0.6938 -0.1225
vn -0.4444 -0.8945 0.0484
vn -0.6508 -0.5619 0.5106
vn 0.9108 0.4074 0.0675
vn -0.5925 -0.8008 -0.0880
vn -0.8003 0.0421 -0.5981
vn 0.1087 0.4174 -0.9022
vn -0.2333 0.5491 -0.8026
vn -0.1072 -0.2776 -0.9547
vn -0.3048 -0.5002 0.8105
vn 0.1383 -0.2619 0.9551
vn -0.2573 -0.8148 0.5196
vn -0.1960 0.3488 -0.9165
vn -0.3107 -0.2662 0.9125
vn 0.0226 -0.9745 0.2231
vn -0.5843 -0.6170 0.5271
vn 0.0885 -0.5695 0.8172
vn 0.1210 -0.5624 0.8180
vn 0.6307 -0.7676 0.1141
vn -0.6446 -0.5880 -0.4886
vn -0.5102 0.5034 -0.6973
vn 0.8398 0.0821 0.5367
vn -0.9410 -0.3086 -0.1386
vn -0.6097 -0.6216 0.4917
vn 0.7977 0.5224 -0.3013
vn -0.5175 -0.4788 -0.7092
vn 0.8260 0.5514 -0.1168
vn -0.6936 -0.7168 -0.0714
vn -0.7768 -0.6280 0.0478
vn 0.6621 0.5529 -0.5059
vn -0.2613 -0.6186 -0.7410
vn 0.6411 0.1107 0.7594
vn -0.7058 -0.6632 -0.2489
vn -0.4744 -0.8376 0.2709
vn 0.3831 0.3777 -0.8429
vn -0.9042 -0.4194 -0.0801
vn -0.4785 -0.6959 -0.5355
vn 0.4602 0.4203 0.7820
vn -0.5323 -0.8424 -0.0837
vn -0.2534 -0.3332 -0.9082
vn 0.1379 -0.0659 0.9883
vn 0.1039 0.1681 -0.9803
vn 0.7911 -0.0674 0.6079
vn 0.7751 0.5175 0.3625
vn 0.6497 0.3089 -0.6946
vn -0.1347 -0.3345 0.9327
vn -0.9095 0.0143 -0.4155
vn -0.7169 -0.6257 0.3075
vn -0.2370 -0.8757 -0.4206
vn -0.8367 -0.5444 -0.0597
vn 0.4190 0.0921 0.9033
vn -0.8684 -0.4851 0.1029
vn 0.2359 0.3431 -0.9092
vn 0.0080 -0.0254 0.9996
vn 0.9838 0.0904 0.1550
vn 0.8698 0.4227 0.2544
vn 0.8234 0.5456 -0.1559
vn 0.8487 0.2138 -0.4837
vn -0.4231 -0.2458 -0.8721
vn -0.5046 -0.2938 -0.8118
vn 0.7805 -0.5790 0.2357
vn -0.7452 -0.6666 -0.0203
vn -0.5294 0.2732 -0.8032
vn 0.6962 -0.3816 0.6081
vn 0.8044 0.5553 0.2111
vn -0.8650 -0.3197 -0.3867
vn 0.7967 0.5669 0.2096
vn 0.5197 0.1768 0.8359
vn -0.7062 -0.6462 0.2892
vn 0.7836 0.5929 0.1857
vn -0.7380 -0.6744 -0.0227
vn 0.6073 0.3711 -0.7025
vn 0.5252 -0.0259 -0.8506
vn 0.0351 -0.3711 0.9279
vn 0.5324 0.3328 -0.7783
vn 0.7328 0.4854 0.4769
vn -0.6571 -0.6225 0.4251
vn -0.0937 -0.5393 0.8369
vn 0.7855 0.5696 -0.2421
vn 0.4601 0.3696 0.8073
vn -0.7725 -0.4855 -0.4094
vn 0.2398 0.0766 0.9678
vn -0.0278 0.2468 -0.9687
vn 0.8460 0.4244 0.3227
vn -0.6823 -0.6280 0.3743
vn -0.1696 -0.9446 -0.2811
vn 0.4027 0.6377 -0.6567
vn 0.4706 -0.5544 -0.6864
vn -0.4835 -0.4287 -0.7632
vn 0.3270 -0.3486 0.8784
vn -0.7493 -0.6515 0.1185
vn 0.8498 0.5179 0.0978
vn -0.8959 -0.1973 -0.3980
vn 0.1495 0.2025 0.9678
vn -0.7594 -0.6395 -0.1201
vn 0.5223 0.0851 -0.8485
vn 0.6367 -0.1089 0.7634
vn 0.8960 0.4381 -0.0728
vn -0.0345 0.0874 0.9956
vn -0.7284 -0.4220 0.5398
vn 0.4262 0.3692 0.8259
vn -0.5945 -0.8035 0.0316
vn -0.6470 -0.7605 0.0551
vn 0.6382 0.6304 -0.4420
vn -0.6951 -0.7189 0.0083
vn 0.6377 0.6112 -0.4687
vn -0.0940 -0.6480 -0.7558
vn -0.0066 0.1238 -0.9923
vn 0.3346 -0.8796 0.3382
vn -0.1033 -0.9700 0.2200
vn -0.1468 -0.2034 0.9680
vn 0.6093 0.5991 -0.5194
vn 0.2601 0.6626 -0.7024
vn -0.4096 -0.8842 0.2247
vn -0.6795 -0.6111 -0.4060
vn -0.6429 0.0280 0.7654
vn 0.6693 0.5168 -0.5338
vn -0.3519 -0.5319 -0.7702
vn 0.9869 -0.0480 0.1542
vn 0.9200 0.1323 -0.3690
vn 0.6063 0.2117 0.7665
vn 0.8285 0.4729 -0.2998
vn -0.2327 -0.2222 0.9468
vn -0.4934 -0.4034 0.7706
vn 0.8564 0.5020 0.1209
vn -0.6514 -0.6861 -0.3239
vn 0.3860 0.1633 -0.9079
vn 0.9466 0.2070 0.2473
vn -0.7777 -0.0586 -0.6259
vn 0.6973 -0.1768 0.6946
vn -0.7900 -0.5350 -0.2994
vn -0.6254 -0.6403 0.4460
vn 0.8493 0.5058 -0.1510
vn 0.7230 0.3921 0.5689
vn 0.8616 0.5037 -0.0630
vn -0.6813 -0.5615 0.4695
vn -0.5494 -0.4680 -0.6922
vn -0.7364 -0.3830 -0.5577
vn -0.5697 -0.1820 -0.8014
vn 0.7469 0.5035 -0.4344
vn 0.5922 0.5002 -0.6318
vn -0.3540 -0.6009 0.7166
vn -0.1581 -0.9252 -0.3449
vn -0.0208 -0.8751 0.4835
vn 0.9475 0.2848 0.1455
vn -0.7128 -0.5545 0.4295
vn 0.8503 0.5209 -0.0757
vn 0.7552 -0.1130 -0.6457
vn -0.2596 -0.3114 0.9141
vn 0.6258 0.3503 0.6969
vn 0.5214 -0.0182 0.8531
vn 0.9224 0.0342 -0.3846
vn 0.8712 -0.0312 0.4900
vn 0.3964 -0.3752 -0.8379
vn 0.0738 -0.5048 0.8601
vn 0.7967 0.4554 -0.3973
vn 0.9814 -0.1827 -0.0596
vn 0.7951 0.5443 0.2676
vn 0.4719 0.3090 0.8257
vn -0.5808 -0.8135 0.0302
vn 0.6762 0.3008 0.6725
vn -0.2779 -0.7782 0.5632
vn -0.4933 -0.8691 -0.0378
vn -0.3878 -0.3451 0.8547
vn 0.7216 0.4363 0.5375
vn 0.8624 0.4293 0.2683
vn 0.3976 -0.0537 -0.9160
vn -0.3639 -0.7461 0.5576
vn 0.5706 0.4402 -0.6933
vn -0.7381 -0.6577 -0.1504
vn -0.6053 -0.3849 -0.6968
vn 0.1984 -0.4597 0.8656
vn -0.3223 -0.8360 -0.4441
vn -0.2100 -0.9548 0.2104
vn 0.3284 0.0316 -0.9440
vn 0.9525 -0.1729 0.2508
vn 0.7867 -0.4208 -0.4518
vn 0.9465 -0.2265 0.2299
vn 0.1212 -0.8808 0.4578
vn 0.3407 -0.8459 -0.4104
vn -0.4671 -0.8842 0.0022
vn 0.6192 -0.3384 0.7086
vn 0.8677 0.3736 0.3279
vn 0.8532 0.0508 -0.5192
vn 0.3404 0.0118 -0.9402
vn -0.0303 0.1670 -0.9855
vn -0.8302 -0.2460 -0.5003
vn -0.6554 -0.6917 0.3033
vn 0.6182 0.5484 -0.5630
vn 0.3252 -0.9168 -0.2319
vn 0.5099 -0.1684 0.8436
vn 0.8305 0.4608 0.3129
vn 0.7999 0.5464 0.2483
vn -0.4328 -0.7723 0.4650
vn -0.1891 -0.3391 -0.9216
vn -0.2556 -0.0844 -0.9631
vn 0.4638 -0.6166 -0.6361
vn 0.1865 0.1312 -0.9737
vn 0.1347 0.5413 -0.8300
vn -0.1986 0.4320 -0.8797
vn -0.7621 0.0099 -0.6474
vn 0.7847 -0.4290 0.4474
vn -0.7981 -0.6012 0.0392
vn 0.7335 0.5637 -0.3797
vn 0.7322 0.3279 -0.5970
vn 0.6226 -0.4164 -0.6625
vn 0.4766 -0.7845 0.3968
vn 0.9786 -0.0684 -0.1942
vn 0.4711 0.6935 0.5451
vn -0.9623 0.1582 0.2211
vn -0.4799 0.5244 -0.7034
vn 0.5444 0.4675 -0.6965
vn -0.8906 0.4418 0.1076
vn -0.9908 -0.0048 -0.1352
vn 0.9549 0.1409 -0.2615
vn -0.5535 0.7417 0.3789
vn 0.7772 0.6269 -0.0546
vn 0.9266 0.0726 -0.3690
vn 0.0904 0.6151 0.7832
vn 0.3333 0.9324 -0.1399
vn -0.0477 0.9832 0.1761
vn 0.0510 0.9577 -0.2831
vn -0.0781 0.7613 -0.6436
vn -0.6341 0.2950 -0.7148
vn -0.2623 0.8901 -0.3726
vn -0.0708 -0.9708 0.2293
vn -0.1912 -0.9663 -0.1725
vn -0.1991 0.9631 0.1810
vn -0.0902 0.4491 -0.8889
vn 0.3955 0.5721 -0.7185
vn 0.5305 0.5236 -0.6667
vn -0.8695 0.3649 0.3330
vn -0.5329 0.5884 0.6082
vn -0.9275 0.2733 0.2551
vn -0.1846 -0.8192 0.5429
vn -0.9672 -0.2441 0.0700
vn -0.9840 -0.1332 -0.1184
vn -0.0804 -0.0589 -0.9950
vn 0.2865 -0.2287 -0.9304
vn -0.2485 0.7876 0.5638
vn -0.0449 0.7916 0.6094
vn -0.0140 -0.2069 -0.9783
vn -0.1208 0.7671 0.6300
vn 0.1817 -0.0059 -0.9833
vn -0.5750 0.8176 -0.0304
vn -0.1364 -0.3980 -0.9072
vn 0.1057 -0.1894 -0.9762
vn -0.4424 0.8355 0.3259
vn 0.4992 -0.2271 -0.8362
vn 0.3153 -0.1889 -0.9300
vn 0.7170 0.6842 0.1335
vn -0.2767 0.6951 0.6636
vn 0.4621 -0.2275 -0.8571
vn -0.3604 0.7451 0.5612
vn -0.5765 0.6676 -0.4711
vn 0.0785 0.9661 -0.2459
vn 0.4540 0.0115 -0.8909
vn -0.4655 0.6495 0.6013
vn 0.5789 -0.0754 -0.8119
vn -0.7601 0.4587 0.4602
vn -0.5699 0.5755 0.5866
vn 0.7407 -0.1564 -0.6534
vn 0.4413 0.6371 0.6320
vn -0.5908 0.5185 -0.6181
vn 0.6409 -0.1170 -0.7586
vn 0.7034 0.0871 -0.7055
vn -0.0142 0.9997 0.0213
vn -0.9996 0.0172 -0.0219
vn -0.7521 0.2046 0.6265
vn 0.9016 0.0156 0.4324
vn 0.5641 0.4947 -0.6611
vn 0.2774 0.3681 0.8874
vn -0.3480 0.5531 -0.7569
vn -0.2421 0.8315 0.5000
vn -0.9329 0.3486 0.0902
vn -0.9501 0.0022 -0.3119
vn 0.9734 -0.0737 0.2169
vn 0.4302 0.8780 -0.2101
vn 0.4722 0.8104 0.3469
vn 0.9778 0.1059 -0.1807
vn -0.5995 0.7542 -0.2679
vn 0.9294 -0.0589 -0.3644
vn -0.4099 0.7709 0.4876
vn -0.6361 0.6215 -0.4572
vn 0.9215 -0.0457 -0.3857
vn -0.8461 0.4772 0.2374
vn 0.7729 0.4476 -0.4497
vn -0.6860 0.7205 0.1016
vn 0.9313 0.0514 -0.3607
vn -0.2581 0.6600 0.7056
vn 0.0755 0.9764 -0.2021
vn -0.9061 0.2340 0.3526
vn 0.8884 -0.0669 -0.4541
vn -0.0955 0.7828 0.6149
vn -0.6623 0.5780 -0.4768
vn -0.8957 0.2115 0.3912
vn -0.8533 0.4374 0.2839
vn 0.8587 -0.1403 -0.4929
vn -0.8572 0.3363 0.3899
vn 0.9148 -0.1415 -0.3783
vn 0.3141 0.9149 -0.2537
vn 0.6660 0.5997 0.4436
vn 0.8737 0.0269 -0.4858
vn 0.9237 -0.0933 -0.3715
vn 0.1301 0.6390 0.7581
vn 0.6994 0.7147 -0.0073
vn -0.2705 0.3962 -0.8774
vn 0.6746 0.6359 0.3749
vn -0.7615 0.5156 0.3928
vn 0.7879 -0.0939 -0.6086
vn -0.5713 0.7732 0.2752
vn 0.8199 0.0186 -0.5722
vn -0.8852 0.4243 -0.1905
vn -0.4789 0.8729 0.0934
vn -0.9950 -0.0558 0.0829
vn -0.4998 -0.5991 0.6256
vn 0.2490 -0.7908 -0.5590
vn 0.4003 -0.4855 0.7772
vn -0.5286 -0.7960 0.2949
vn -0.9994 -0.0117 -0.0328
vn 0.9326 0.2510 -0.2595
vn 0.5610 -0.7827 0.2696
vn -0.4578 -0.8863 0.0696
vn 0.9692 -0.2429 -0.0403
vn -0.8737 -0.3592 0.3280
vn -0.0064 -0.8503 0.5263
vn 0.0076 -0.9945 -0.1045
vn -0.1347 -0.9833 0.1221
vn 0.9148 -0.3717 0.1579
vn -0.7126 -0.4292 0.5549
vn 0.5226 -0.0250 0.8522
vn 0.2838 -0.7491 -0.5986
vn -0.0641 -0.4320 0.8996
vn 0.9885 -0.1170 0.0955
vn -0.8032 -0.5950 0.0271
vn 0.9907 -0.1094 0.0803
vn -0.7332 -0.6728 -0.0992
vn 0.4862 -0.7296 0.4809
vn 0.6361 -0.7591 -0.1383
vn 0.9101 -0.4126 -0.0378
vn -0.2336 -0.9663 -0.1081
vn -0.9825 -0.1014 0.1563
vn 0.8565 -0.5153 -0.0307
vn 0.4663 -0.6774 0.5689
vn 0.7892 -0.5021 -0.3536
vn 0.8857 -0.4641 0.0132
vn -0.9741 0.1017 0.2020
vn 0.9140 -0.1602 -0.3727
vn -0.4238 -0.5791 0.6965
vn -0.6317 -0.7499 -0.1964
vn 0.1799 -0.8522 -0.4912
vn 0.8082 -0.5165 -0.2830
vn 0.9064 -0.3110 -0.2859
vn 0.0113 -0.8976 0.4406
vn -0.1793 -0.9816 -0.0658
vn 0.7797 -0.3894 -0.4904
vn -0.9486 -0.0250 0.3156
vn -0.9594 0.0117 0.2820
vn -0.7566 -0.6358 0.1530
vn 0.5504 -0.5952 0.5855
vn 0.7886 -0.5058 -0.3497
vn -0.8341 -0.3610 0.4170
vn 0.8768 -0.1529 -0.4559
vn -0.5840 -0.6748 0.4512
vn 0.0274 -0.7937 -0.6077
vn 0.7701 -0.4178 -0.4821
vn -0.4016 -0.7604 0.5104
vn -0.0689 -0.9972 0.0297
vn -0.4345 -0.8572 0.2764
vn -0.3653 -0.3501 0.8626
vn -0.8907 -0.1330 0.4348
vn -0.4077 -0.6911 -0.5968
vn -0.8124 -0.4125 0.4121
vn 0.7641 -0.2886 -0.5770
vn -0.0497 0.0537 -0.9973
vn -0.0687 -0.6732 0.7362
vn 0.6200 -0.6542 0.4333
vn -0.6836 -0.7029 0.1964
vn 0.3596 -0.2409 -0.9015
vn 0.1390 -0.9854 -0.0987
vn -0.0313 -0.3351 -0.9417
vn -0.1794 -0.3531 0.9182
vn 0.2498 -0.2194 -0.9431
vn 0.3165 -0.3151 -0.8947
vn -0.0197 -0.9444 0.3282
vn 0.1496 -0.0078 -0.9887
vn -0.1470 -0.7826 0.6049
vn -0.0201 -0.7451 0.6667
vn 0.5115 0.0869 -0.8549
vn -0.7435 -0.1621 0.6488
vn -0.3324 -0.1573 0.9299
vn 0.5810 -0.5534 0.5968
vn 0.3040 -0.2532 -0.9184
vn -0.1464 -0.6040 0.7834
vn 0.5041 -0.2374 -0.8304
vn -0.6547 -0.7498 -0.0959
vn 0.5387 -0.0522 -0.8409
vn 0.5371 -0.1915 -0.8215
vn 0.7376 -0.2562 -0.6247
vn 0.6716 -0.2372 -0.7019
vn 0.6791 -0.0781 -0.7299
vn 0.8975 -0.1314 -0.4211
vn -0.7469 -0.2853 0.6006
vn 0.1747 -0.9818 0.0751
vn -0.6206 -0.5293 0.5785
vn -0.3765 -0.6555 0.6547
vn 0.6374 -0.1246 -0.7604
vn -0.4538 0.8839 -0.1128
vn -0.9225 0.0487 -0.3830
vn -0.6280 -0.3581 -0.6909
vn -0.3010 -0.7875 -0.5379
vn 0.5240 -0.7362 -0.4284
vn 0.0387 -0.9563 -0.2899
vn 0.0010 0.9960 -0.0890
vn 0.1090 0.9914 -0.0724
vn 0.0271 0.9720 0.2333
vn 0.1191 0.9483 -0.2942
vn -0.0127 0.9785 -0.2058
vn 0.5282 0.7727 0.3521
vn 0.8810 -0.4258 -0.2063
vn 0.5889 0.8078 -0.0263
vn 0.5718 -0.7582 -0.3133
vn 0.5852 0.7769 -0.2323
vn 0.7230 0.6904 -0.0236
vn -0.0849 0.9273 -0.3647
vn 0.5427 0.6361 -0.5486
vn 0.3695 -0.8452 -0.3861
vn 0.2760 0.5792 -0.7671
vn 0.0079 0.7718 0.6358
vn 0.9756 0.1913 0.1079
vn 0.6937 0.3948 0.6024
vn 0.8716 -0.0790 -0.4839
vn 0.5301 -0.4513 -0.7179
vn 0.0017 -0.9172 0.3985
vn -0.0064 -0.8097 -0.5869
vn -0.5282 -0.8323 -0.1683
vn -0.1803 -0.5800 -0.7944
vn 0.1436 -0.6916 -0.7079
vn 0.0077 -0.8393 -0.5436
vn -0.7477 0.6487 0.1419
vn -0.8688 -0.4610 0.1809
vn 0.5772 0.7445 0.3355
vn 0.5251 -0.3909 0.7560
vn -0.0314 0.8037 -0.5943
vn -0.4439 -0.5452 0.7112
vn -0.4262 -0.7007 -0.5722
vn -0.3192 -0.9414 0.1085
vn 0.8805 0.1111 -0.4608
vn -0.4165 -0.7647 -0.4917
vn 0.6790 0.7327 0.0459
vn -0.7651 -0.6125 -0.1987
vn -0.6684 -0.6233 0.4059
vn 0.0264 0.5178 -0.8551
vn 0.1486 -0.9888 0.0140
vn -0.5482 -0.8091 0.2115
vn 0.0869 0.9718 -0.2191
vn -0.4958 -0.7558 -0.4277
vn -0.0786 0.9658 -0.2472
vn 0.2145 0.5672 -0.7952
vn 0.3287 -0.9430 0.0523
vn 0.9444 0.1583 -0.2882
vn -0.0744 -0.0885 -0.9933
vn -0.2327 -0.9621 0.1423
vn 0.5928 -0.6440 0.4837
vn 0.4202 -0.7116 0.5631
vn 0.0525 -0.4681 -0.8821
vn 0.3949 -0.8711 -0.2921
vn 0.9216 0.2450 0.3012
vn -0.9986 0.0243 -0.0470
vn 0.5893 0.4827 -0.6479
vn -0.7056 0.6500 0.2822
vn 0.8827 0.4560 0.1130
vn -0.9608 0.1169 -0.2514
vn -0.5354 0.5005 -0.6803
vn 0.4894 0.7369 0.4664
vn -0.8587 0.0236 0.5119
vn -0.1232 0.9776 -0.1709
vn -0.1071 0.9845 -0.1387
vn 0.0737 -0.7731 0.6300
vn 0.3813 -0.8226 0.4219
vn 0.8053 0.3191 0.4998
vn 0.8617 0.3142 0.3985
vn 0.7960 0.2033 -0.5701
vn 0.2867 0.8644 -0.4130
vn 0.0157 -0.9409 -0.3384
vn 0.6575 -0.6852 0.3132
vn -0.6172 0.4975 -0.6095
vn 0.4477 0.5898 0.6721
vn 0.9102 0.3421 0.2336
vn 0.1395 -0.5049 -0.8519
vn 0.0055 0.3551 -0.9348
vn 0.0064 0.6593 0.7519
vn 0.5700 0.8202 -0.0494
vn 0.0902 0.8048 0.5866
vn -0.2763 0.0148 -0.9610
vn -0.2358 -0.1088 -0.9657
vn 0.1327 0.9845 0.1150
vn 0.6707 0.6800 0.2963
vn -0.7262 0.6572 0.2017
vn 0.6043 0.6465 -0.4658
vn -0.3277 -0.1631 -0.9306
vn -0.5483 -0.0793 -0.8325
vn 0.3216 0.7285 0.6049
vn -0.0630 0.9824 -0.1758
vn 0.4922 0.6397 0.5903
vn 0.2828 0.0090 -0.9591
vn -0.6709 0.0488 -0.7400
vn 0.0112 0.9997 0.0227
vn 0.5513 0.5537 -0.6241
vn -0.6534 -0.1476 -0.7425
vn -0.3551 0.8355 0.4193
vn 0.9361 0.3516 0.0097
vn 0.9959 0.0577 0.0693
vn 0.9644 0.0612 0.2571
vn 0.6866 0.5170 -0.5112
vn -0.5686 0.6109 -0.5509
vn -0.8047 0.5914 0.0523
vn -0.0140 0.9620 -0.2728
vn 0.0392 0.3382 0.9403
vn -0.9773 0.1626 -0.1357
vn 0.2917 0.8743 -0.3879
vn 0.6559 0.3935 0.6442
vn 0.0308 0.8490 -0.5274
vn -0.9433 -0.1111 -0.3129
vn 0.8968 0.2287 0.3788
vn -0.3182 0.5372 -0.7812
vn 0.3630 0.7912 0.4923
vn 0.0666 0.9569 -0.2826
vn 0.6223 0.6050 -0.4968
vn -0.5633 0.7894 0.2441
vn 0.8547 0.4747 0.2102
vn -0.9418 0.0210 -0.3354
vn 0.6894 0.7193 0.0859
vn 0.0038 1.0000 0.0038
vn 0.4194 0.8928 -0.1644
vn -0.8988 -0.0193 -0.4380
vn -0.9106 -0.0691 -0.4074
vn 0.6892 0.5784 -0.4363
vn 0.0101 0.4678 -0.8838
vn 0.8336 0.4651 0.2981
vn -0.8916 -0.0402 -0.4511
vn 0.1856 0.7178 0.6710
vn -0.7763 0.5336 0.3354
vn -0.9150 0.0584 -0.3992
vn 0.5245 0.8380 0.1502
vn 0.4052 0.7695 0.4936
vn 0.9265 0.2562 0.2755
vn 0.6516 0.5343 0.5384
vn -0.5386 0.7483 0.3872
vn -0.7704 -0.0633 -0.6344
vn -0.8489 0.0727 -0.5236
vn 0.2300 0.7339 0.6392
vn 0.8611 0.4221 -0.2833
vn -0.6787 -0.0561 -0.7322
vn -0.8874 0.0426 -0.4591
vn 0.3340 0.9256 -0.1782
vn 0.9989 0.0266 0.0393
vn -0.4082 -0.5204 0.7500
vn -0.9624 -0.2527 -0.1000
vn 0.2262 -0.7563 -0.6138
vn 0.8848 -0.3875 0.2586
vn -0.9948 -0.0990 0.0249
vn 0.9998 0.0188 -0.0024
vn -0.9592 -0.0644 -0.2753
vn 0.6705 -0.7354 0.0984
vn -0.4442 -0.8906 -0.0974
vn 0.3105 -0.9282 0.2049
vn -0.9843 -0.1754 0.0215
vn -0.7383 -0.6304 0.2397
vn 0.2497 -0.9538 0.1674
vn 0.7857 -0.2570 0.5627
vn -0.5111 -0.0429 0.8585
vn -0.0573 -0.7257 -0.6856
vn -0.4371 -0.6489 0.6228
vn -0.9843 -0.1060 0.1408
vn -0.9913 -0.0441 0.1240
vn 0.7634 -0.6222 0.1735
vn -0.5717 -0.8057 0.1546
vn 0.2065 -0.5265 0.8247
vn -0.3465 -0.9201 -0.1827
vn -0.9510 -0.2865 -0.1165
vn 0.1988 -0.9621 -0.1867
vn 0.9752 -0.0635 0.2122
vn -0.8606 -0.5075 -0.0430
vn 0.4227 -0.5740 0.7014
vn -0.4979 -0.6251 0.6011
vn -0.8040 -0.5360 -0.2576
vn 0.9742 0.0771 0.2121
vn -0.6831 -0.7193 -0.1264
vn -0.9778 -0.1543 -0.1415
vn 0.7045 -0.6885 -0.1721
vn -0.2031 -0.8164 -0.5405
vn 0.5169 -0.8149 0.2623
vn -0.4792 -0.8761 -0.0535
vn 0.4425 -0.8820 0.1622
vn -0.8532 -0.5202 -0.0375
vn 0.9548 0.0365 0.2951
vn 0.1478 -0.9830 0.1093
vn -0.8725 -0.3675 -0.3221
vn -0.7979 -0.4966 -0.3417
vn 0.7387 -0.6696 -0.0769
vn -0.5172 -0.5148 0.6837
vn -0.5979 -0.5951 -0.5369
vn 0.7970 0.3718 0.4759
vn -0.8332 -0.0546 -0.5503
vn 0.3379 -0.6045 0.7214
vn -0.1427 -0.9736 0.1781
vn 0.2250 -0.9461 0.2330
vn 0.0665 -0.7506 -0.6574
vn 0.8687 -0.3814 0.3160
vn 0.4627 -0.7682 0.4425
vn 0.9411 -0.0786 0.3289
vn 0.7873 -0.3953 0.4732
vn 0.5423 -0.5864 -0.6016
vn -0.5668 -0.6294 0.5315
vn 0.7617 -0.2243 0.6078
vn 0.3580 -0.3650 0.8594
vn 0.8821 -0.4332 0.1850
vn -0.8081 -0.1989 -0.5545
vn 0.0593 -0.9921 0.1105
vn -0.8627 -0.3738 -0.3407
vn 0.3321 -0.1768 0.9265
vn 0.2657 -0.2567 0.9292
vn 0.6695 -0.6944 0.2638
vn 0.1448 -0.7522 0.6428
vn -0.6327 -0.6414 0.4340
vn 0.6649 -0.7417 -0.0887
vn -0.2623 -0.2459 -0.9331
vn -0.5467 -0.5500 0.6314
vn 0.1126 -0.6120 0.7828
vn -0.5259 -0.2069 -0.8250
vn 0.3383 -0.7803 0.5261
vn -0.7450 -0.1352 -0.6533
vn 0.7428 -0.1730 0.6468
vn -0.6295 -0.1330 -0.7655
vn -0.8031 -0.2110 -0.5572
vn 0.6724 -0.5392 0.5070
vn 0.6831 -0.3739 0.6274
vn 0.4610 -0.7264 -0.5097
vn -0.2142 -0.9765 0.0240
vn 0.3269 -0.6415 0.6940
vn -0.1816 -0.9502 0.2533
vn 0.9261 0.0641 -0.3718
vn 0.2026 -0.9647 0.1685
vn 0.2543 -0.8201 -0.5126
vn 0.7523 0.6135 -0.2400
vn -0.5457 -0.7349 -0.4027
vn -0.4952 0.5137 -0.7006
vn -0.2736 0.6520 0.7071
vn -0.9843 -0.1549 -0.0848
vn -0.5739 0.6586 -0.4866
vn -0.6940 0.7146 -0.0875
vn -0.4355 0.8299 0.3487
vn -0.5627 -0.7595 -0.3264
vn -0.2671 0.4685 -0.8421
vn -0.3377 -0.8186 -0.4646
vn -0.9376 0.2066 -0.2795
vn -0.9442 0.2821 0.1701
vn -0.8628 -0.1478 -0.4834
vn -0.8806 -0.4307 -0.1975
vn -0.6293 0.4397 0.6408
vn 0.6109 -0.4744 -0.6338
vn 0.6008 0.0644 -0.7968
vn 0.5668 -0.8238 0.0147
vn -0.1159 -0.5434 -0.8314
vn 0.4031 0.8378 0.3682
vn -0.3857 -0.2189 -0.8963
vn -0.7696 0.0054 -0.6385
vn -0.0002 -0.9841 0.1778
vn 0.8257 -0.4048 0.3930
vn -0.6219 -0.0617 -0.7807
vn -0.6249 -0.1407 -0.7679
vn -0.5807 0.6179 0.5300
vn -0.0313 -0.9523 0.3036
vn -0.0135 -0.5450 -0.8383
vn 0.7126 -0.6990 -0.0607
vn 0.0173 0.9578 0.2868
vn -0.1528 -0.0995 -0.9832
vn -0.5957 0.0497 -0.8017
vn -0.1541 -0.9880 0.0133
vn -0.9530 -0.0765 -0.2931
vn -0.1895 -0.0146 -0.9818
vn -0.5301 0.0608 -0.8458
vn -0.8433 0.4146 -0.3419
vn -0.2156 0.3897 -0.8954
vn 0.4773 -0.8656 0.1515
vn -0.5519 -0.3875 0.7384
vn -0.6288 -0.2000 -0.7514
vn -0.1891 0.9733 -0.1304
vn 0.7724 -0.6217 0.1297
vn 0.5303 -0.8312 -0.1671
vn -0.6212 -0.4765 -0.6221
vn -0.3119 -0.2437 -0.9183
vn -0.8124 0.1544 0.5624
vn -0.6137 -0.6307 0.4749
vn -0.0149 -0.9988 0.0474
vn 0.5059 -0.6754 -0.5366
vn -0.4863 -0.0291 -0.8733
vn 0.8624 -0.5030 0.0569
vn 0.3826 -0.8644 0.3262
vn -0.9269 -0.2989 -0.2271
vn -0.7695 -0.4126 -0.4874
vn -0.5190 -0.1218 -0.8461
vn -0.6888 0.7160 0.1138
vn 0.8716 0.3136 0.3769
vn -0.5126 0.7412 -0.4335
vn 0.0986 0.8154 -0.5705
vn 0.7355 0.5519 0.3930
vn 0.5435 -0.6404 0.5426
vn -0.0699 -0.9935 -0.0893
vn 0.1422 0.9860 0.0873
vn 0.9309 0.3276 0.1617
vn 0.3823 -0.9117 0.1508
vn -0.8903 -0.4272 0.1576
vn -0.6990 0.6939 0.1727
vn 0.0154 -0.0456 -0.9988
vn -0.0000 -0.0000 -1.0000
vn -0.8029 0.0154 0.5959
vn -0.2484 0.4813 0.8406
vn 0.3809 -0.6054 0.6988
vn -0.5569 0.8186 0.1409
vn -0.9377 0.2915 0.1888
vn 0.7451 0.1525 -0.6492
vn 0.4265 0.6071 -0.6705
vn 0.1992 -0.9429 0.2668
vn 0.3893 0.0441 0.9201
vn 0.7464 -0.1706 0.6433
vn -0.8211 -0.5025 0.2707
vn -0.4322 -0.6763 0.5965
vn -0.0408 -0.4834 0.8744
vn 0.5198 -0.1334 -0.8438
vn 0.9618 -0.2121 0.1730
vn -0.4533 -0.0838 0.8874
vn 0.6619 -0.7203 0.2075
vn -0.0181 0.7752 -0.6314
vn 0.2465 0.9255 0.2876
vn 0.6646 0.7119 0.2271
vn 0.3402 0.6170 0.7097
vn 0.7654 0.6025 -0.2262
vn -0.0169 0.1724 0.9849
vn -0.3758 -0.4419 -0.8146
vn -0.3793 0.7421 0.5527
vn -0.3878 0.4547 -0.8018
vn -0.3020 -0.9379 0.1706
vn -0.0623 -0.1106 -0.9919
vn 0.0995 -0.9095 -0.4037
vn -0.8196 0.4380 -0.3694
vn 0.9479 -0.0733 -0.3101
vn 0.8338 0.3459 0.4302
vn 0.7065 -0.6082 -0.3619
vn 0.0856 0.9876 -0.1318
vn 0.2811 -0.5916 -0.7556
vn 0.1452 0.3441 -0.9276
vn -0.6973 -0.3418 -0.6300
vn -0.6642 0.1347 -0.7353
vn -0.4670 0.7911 -0.3951
vn -0.5454 -0.7767 -0.3150
vn -0.9497 -0.2193 -0.2236
vn 0.0503 0.0319 -0.9982
vn 0.0109 0.0596 -0.9982
vn -0.0324 0.0469 -0.9984
vn -0.0525 0.0120 -0.9985
vn -0.0397 0.0453 -0.9982
vn 0.0411 -0.0395 -0.9984
vn 0.0530 -0.0094 -0.9985
vn 0.0398 -0.0433 -0.9983
vn 0.0103 -0.0584 -0.9982
vn -0.0325 -0.0519 -0.9981
vn -0.0550 -0.0211 -0.9983
vn 0.0475 0.0357 -0.9982
vn -0.0469 -0.0357 -0.9983
vn -0.0701 0.0012 0.9975
vn 0.0700 -0.0012 0.9975
vn -0.6240 -0.7649 0.1598
vn 0.4198 -0.8880 0.1878
vn 0.6534 0.7341 0.1851
vn -0.1053 0.9842 0.1425
vn -0.0148 -0.0269 -0.9995
vn 0.9709 -0.1676 0.1710
vn -0.8851 0.4325 0.1717
vn -0.6512 -0.4536 0.6085
vn 0.7588 0.3490 0.5499
vn 0.5555 0.7948 0.2444
vn 0.9267 0.3655 -0.0871
vn -0.6899 -0.0521 -0.7220
vn -0.0911 -0.9697 0.2266
vn -0.3053 0.0185 0.9521
vn -0.2823 0.5834 0.7616
vn 0.7526 -0.5840 0.3043
vn 0.6741 -0.3101 0.6703
vn 0.9787 -0.0279 0.2034
vn -0.4715 0.8819 -0.0045
vn -0.8139 0.1154 0.5695
vn 0.0158 -0.4402 0.8978
vn 0.3765 -0.0125 0.9263
vn -0.3613 0.8372 0.4106
vn 0.0507 0.3140 -0.9481
vn -0.4936 0.4384 -0.7511
vn -0.9086 0.3285 -0.2578
vn -0.3442 -0.7537 0.5599
vn 0.7896 -0.6055 -0.0998
vn 0.1348 0.9100 0.3921
vn -0.8288 0.4701 0.3033
vn 0.3979 -0.9174 -0.0109
vn -0.9564 -0.2698 0.1116
vn -0.8309 -0.3848 -0.4019
vn 0.2689 0.4561 0.8484
vn 0.4160 -0.0063 -0.9093
vn 0.3590 0.5710 -0.7383
vn 0.0190 -0.9072 -0.4202
vn 0.5695 -0.6298 -0.5282
vn -0.1606 -0.1640 -0.9733
vn 0.7093 0.1292 -0.6929
vn 0.2562 -0.7575 0.6005
vn -0.3104 -0.6592 -0.6849
vn 0.4117 -0.4509 -0.7920
vn 0.6359 0.6598 -0.4003
vn 0.0038 0.7732 -0.6342
vn -0.4386 0.8055 -0.3985
vn 0.1095 0.9827 -0.1495
vn 0.9092 -0.1885 -0.3713
vn -0.5788 -0.8136 -0.0559
vn -0.0466 0.0312 -0.9984
vn 0.0188 0.0760 -0.9969
vn -0.0114 0.0549 -0.9984
vn 0.0311 0.0495 -0.9983
vn 0.0557 0.0239 -0.9982
vn -0.0410 -0.0403 -0.9983
vn -0.0540 -0.0092 -0.9985
vn 0.0537 -0.0017 -0.9986
vn -0.0107 -0.0582 -0.9982
vn 0.0341 -0.0495 -0.9982
vn 0.0582 -0.0140 -0.9982
vn -0.2227 -0.0441 0.9739
vn -0.0772 0.0515 -0.9957
vn -0.0422 0.2261 0.9732
vn -0.0636 -0.0444 -0.9970
vn 0.0218 -0.0483 -0.9986
vt 1.391770 0.340074
vt 1.373909 0.330766
vt 1.387377 0.261230
vt 1.337232 0.367995
vt 1.361860 0.366882
vt 1.356302 0.409496
vt 1.375364 0.423154
vt 1.348572 0.315318
vt 1.412819 0.336386
vt 1.419425 0.397951
vt 1.243137 0.388930
vt 1.251067 0.303233
vt 1.266031 0.389312
vt 1.724338 0.080712
vt 1.685069 0.063860
vt 1.708068 0.030137
vt 1.278672 0.354060
vt 1.307379 0.264492
vt 1.330574 0.314247
vt 1.784303 0.137024
vt 1.732305 0.109417
vt 1.757069 0.076516
vt 1.436203 0.352457
vt 1.436058 0.333497
vt 1.379758 0.387828
vt 1.405888 0.408646
vt 1.657220 0.119184
vt 1.670985 0.206328
vt 1.648182 0.208134
vt 1.624418 0.178476
vt 1.371835 0.254712
vt 1.740584 0.149246
vt 1.616501 0.049049
vt 1.637743 0.049047
vt 1.634659 0.104189
vt 1.270988 0.307069
vt 1.372484 0.360728
vt 1.393123 0.409248
vt 1.713928 0.143764
vt 1.684682 0.115370
vt 1.242518 0.267887
vt 1.203865 0.301420
vt 1.439833 0.427045
vt 1.724744 0.227071
vt 1.694961 0.207299
vt 1.725104 0.024461
vt 1.743856 0.024679
vt 1.298881 0.390583
vt 1.316109 0.353774
vt 1.765820 0.039892
vt 1.224612 0.425485
vt 1.224374 0.388006
vt 1.776572 0.406844
vt 1.787611 0.381518
vt 1.795100 0.405870
vt 1.791333 0.276165
vt 1.762425 0.227350
vt 1.788286 0.234549
vt 1.785919 0.349206
vt 1.770087 0.292508
vt 1.228966 0.635442
vt 1.247944 0.607647
vt 1.257132 0.658641
vt 1.757080 0.399689
vt 0.485204 0.046749
vt 0.556879 0.003480
vt 0.561605 0.052288
vt 1.296380 0.453054
vt 1.309975 0.411079
vt 1.324272 0.461361
vt 1.272541 0.430069
vt 1.257505 0.436523
vt 1.612354 0.203414
vt 1.632964 0.234478
vt 1.620180 0.252592
vt 1.440793 0.460547
vt 1.436674 0.483289
vt 1.348758 0.437778
vt 1.340814 0.463383
vt 1.275912 0.463809
vt 1.289044 0.422918
vt 1.639664 0.296274
vt 1.651142 0.280232
vt 1.665133 0.318085
vt 1.663859 0.278400
vt 1.681628 0.303522
vt 1.741630 0.346685
vt 1.712154 0.347972
vt 1.722790 0.315355
vt 1.751877 0.304725
vt 1.336434 0.404404
vt 1.730143 0.281718
vt 1.701581 0.278120
vt 1.758828 0.450977
vt 1.226307 0.549814
vt 1.256139 0.549602
vt 1.226828 0.574313
vt 1.366438 0.480381
vt 1.386122 0.464876
vt 1.382335 0.504495
vt 0.594292 0.028915
vt 1.411188 0.486456
vt 1.224580 0.595957
vt 1.694556 0.304657
vt 0.523962 0.097421
vt 0.481253 0.095912
vt 0.563469 0.215714
vt 0.551101 0.126202
vt 0.614355 0.151415
vt 0.720976 0.157590
vt 0.673858 0.184577
vt 0.708485 0.114037
vt 0.755637 0.047667
vt 0.803961 0.065782
vt 0.778781 0.092145
vt 0.607364 0.104337
vt 0.643053 0.087325
vt 0.717915 0.076734
vt 0.829395 0.095186
vt 0.816567 0.137404
vt 0.778228 0.008561
vt 0.863694 0.164257
vt 0.801090 0.178696
vt 0.840727 0.024816
vt 0.865544 0.086599
vt 0.878720 0.004339
vt 0.901280 0.047315
vt 0.934730 0.048016
vt 0.892795 0.144679
vt 0.991414 0.135201
vt 0.916779 0.202439
vt 0.946804 0.139427
vt 0.992985 0.010931
vt 0.997933 0.045241
vt 0.516113 0.479819
vt 0.488535 0.462468
vt 0.521594 0.459847
vt 0.499203 0.453554
vt 0.545637 0.427474
vt 0.528157 0.431687
vt 0.539817 0.427973
vt 0.552697 0.433304
vt 0.532402 0.440097
vt 0.506330 0.444125
vt 0.510517 0.433921
vt 0.520492 0.445663
vt 0.514980 0.402245
vt 0.538180 0.413521
vt 0.515347 0.413814
vt 0.556061 0.440357
vt 0.514471 0.560713
vt 0.515382 0.590700
vt 0.485659 0.568851
vt 0.505565 0.363592
vt 0.512971 0.378531
vt 0.488108 0.376210
vt 0.532374 0.724674
vt 0.524577 0.756646
vt 0.484498 0.727405
vt 0.524918 0.391159
vt 0.481965 0.384087
vt 0.667519 0.699630
vt 0.737127 0.734399
vt 0.641956 0.734667
vt 0.700544 0.597483
vt 0.666296 0.646493
vt 0.637207 0.619522
vt 0.521372 0.632261
vt 0.513535 0.615281
vt 0.543323 0.604508
vt 0.552946 0.562518
vt 0.536794 0.548495
vt 0.553941 0.542185
vt 0.532449 0.660162
vt 0.541794 0.644426
vt 0.579841 0.658235
vt 0.627510 0.682076
vt 0.607510 0.646212
vt 0.643553 0.322827
vt 0.662636 0.290435
vt 0.693255 0.354562
vt 0.760624 0.653224
vt 0.553307 0.533440
vt 0.536324 0.507898
vt 0.540816 0.515159
vt 0.531622 0.515260
vt 0.514566 0.504776
vt 0.521752 0.508859
vt 0.510429 0.510701
vt 0.522487 0.515156
vt 0.509543 0.494548
vt 0.518590 0.494530
vt 0.548600 0.498503
vt 0.554868 0.363740
vt 0.530340 0.502520
vt 0.734444 0.955783
vt 0.738176 0.956832
vt 0.736485 0.964400
vt 0.584943 0.271506
vt 0.499699 0.484725
vt 0.564471 0.726080
vt 0.566048 0.784961
vt 0.701088 0.299176
vt 0.673492 0.253927
vt 0.737594 0.561555
vt 0.763620 0.504344
vt 0.727115 0.477167
vt 0.751789 0.448976
vt 0.710292 0.425083
vt 0.719654 0.367651
vt 0.728503 0.427058
vt 0.673532 0.540617
vt 0.534348 0.529096
vt 0.515711 0.546624
vt 0.512498 0.533428
vt 0.574150 0.509015
vt 0.568525 0.463323
vt 0.695385 0.481875
vt 0.830083 0.360972
vt 0.868167 0.346964
vt 0.821085 0.408234
vt 0.676780 0.431407
vt 0.662485 0.478644
vt 0.647719 0.522706
vt 0.648244 0.352573
vt 0.732739 0.340694
vt 0.780896 0.377380
vt 0.764479 0.399022
vt 0.746519 0.420304
vt 0.709629 0.661928
vt 0.632560 0.418201
vt 0.533285 0.498863
vt 0.537659 0.378768
vt 0.776908 0.602351
vt 0.738874 0.958602
vt 0.741793 0.963279
vt 0.491576 0.630757
vt 0.501468 0.397307
vt 0.501748 0.540939
vt 0.495526 0.494601
vt 0.649796 0.575710
vt 0.763940 0.301978
vt 0.483859 0.479861
vt 0.594593 0.367795
vt 0.582995 0.436719
vt 0.608547 0.469352
vt 0.603503 0.428340
vt 0.555836 0.515516
vt 0.599653 0.494829
vt 0.511861 0.338863
vt 0.512407 0.316890
vt 0.535949 0.322977
vt 0.499104 0.526590
vt 0.494803 0.514094
vt 0.513740 0.522387
vt 0.794738 0.397676
vt 0.608067 0.753160
vt 0.975730 0.396936
vt 0.955359 0.343586
vt 0.997316 0.359137
vt 0.846047 0.716632
vt 0.804930 0.682238
vt 0.862680 0.656063
vt 0.636460 0.780592
vt 0.599089 0.813859
vt 0.905896 0.645962
vt 0.924530 0.597747
vt 0.935457 0.658521
vt 0.974145 0.630641
vt 0.962496 0.701684
vt 0.925578 0.473108
vt 0.945767 0.536565
vt 0.915397 0.538473
vt 0.968720 0.521270
vt 0.986877 0.567874
vt 0.892219 0.762564
vt 0.924746 0.786654
vt 0.903259 0.826981
vt 0.870234 0.844173
vt 0.967847 0.469407
vt 0.844856 0.617748
vt 0.897083 0.589343
vt 0.825702 0.579492
vt 0.845024 0.544284
vt 0.933231 0.733649
vt 0.899175 0.688566
vt 0.706337 0.792204
vt 0.730455 0.831859
vt 0.644223 0.840328
vt 0.663721 0.885028
vt 0.637190 0.864528
vt 0.922578 0.309673
vt 0.924330 0.371238
vt 0.804310 0.728203
vt 0.793188 0.777539
vt 0.806018 0.817763
vt 0.813168 0.861905
vt 0.851084 0.781034
vt 0.897180 0.476031
vt 0.869907 0.530580
vt 0.437994 0.772731
vt 0.994612 0.612340
vt 0.996136 0.324630
vt 1.236823 0.839233
vt 1.270078 0.799829
vt 1.199494 0.829041
vt 1.208616 0.957092
vt 1.243718 0.971419
vt 1.272406 0.941979
vt 1.228316 0.218036
vt 1.233196 0.222628
vt 1.227928 0.227650
vt 1.328579 0.185764
vt 1.332001 0.228149
vt 1.288568 0.190375
vt 1.398152 0.220360
vt 1.425538 0.243689
vt 1.255262 0.230550
vt 1.269293 0.272776
vt 1.302839 0.813181
vt 1.276376 0.870903
vt 1.355509 0.210146
vt 1.369551 0.212914
vt 1.312307 0.228402
vt 1.227296 0.230193
vt 1.226515 0.187859
vt 1.252703 0.163466
vt 1.236296 0.206131
vt 1.220940 0.220221
vt 1.223907 0.243166
vt 1.234679 0.233080
vt 1.318014 0.896856
vt 1.271229 0.916781
vt 1.288530 0.230558
vt 1.351528 0.263927
vt 1.343024 0.213835
vt 1.224702 0.228349
vt 1.567517 0.703787
vt 1.589675 0.704713
vt 1.598414 0.684622
vt 1.336892 0.146927
vt 1.364240 0.131812
vt 1.583848 0.958584
vt 1.480389 0.908096
vt 1.446733 0.944871
vt 1.423265 0.150878
vt 1.393893 0.165508
vt 1.396041 0.130269
vt 1.360312 0.810154
vt 1.445666 0.824906
vt 1.443050 0.789359
vt 1.398025 0.757873
vt 1.338826 0.773706
vt 1.417979 0.099489
vt 1.398507 0.050192
vt 1.414816 0.019092
vt 1.118823 0.911876
vt 1.110006 0.899795
vt 1.123321 0.900924
vt 1.320024 0.141894
vt 1.412901 0.923792
vt 1.381841 0.898628
vt 1.338192 0.933355
vt 1.584091 0.833169
vt 1.605674 0.864316
vt 1.633661 0.833790
vt 1.651605 0.802426
vt 1.646930 0.770258
vt 1.619598 0.770443
vt 1.506434 0.779469
vt 1.560401 0.763872
vt 1.498343 0.756707
vt 1.497625 0.993299
vt 1.395692 0.987921
vt 1.450583 0.164469
vt 1.441112 0.108349
vt 1.378511 0.146590
vt 1.365269 0.100167
vt 1.346275 0.099304
vt 1.321089 0.092128
vt 1.101543 0.802014
vt 1.108235 0.807226
vt 1.096547 0.815306
vt 1.107599 0.788820
vt 1.118779 0.795100
vt 1.107576 0.858677
vt 1.094648 0.855149
vt 1.105199 0.838442
vt 1.083806 0.809350
vt 1.087017 0.801625
vt 1.092452 0.796006
vt 1.429432 0.735599
vt 1.439914 0.738889
vt 1.296010 0.070848
vt 1.318068 0.048262
vt 1.620044 0.800596
vt 1.381027 0.061761
vt 1.363338 0.061755
vt 1.435123 0.011526
vt 1.415282 0.776191
vt 1.088377 0.828480
vt 1.346811 0.961792
vt 1.120655 0.891801
vt 1.372044 0.864233
vt 1.441454 0.865380
vt 1.290100 0.115720
vt 1.378307 0.022874
vt 1.638560 0.863837
vt 1.383708 0.216418
vt 1.104878 0.876304
vt 1.085862 0.902757
vt 1.630376 0.918875
vt 1.623739 0.891271
vt 1.570926 0.904205
vt 1.255876 0.106262
vt 1.281229 0.080651
vt 1.131099 0.909829
vt 1.139231 0.920976
vt 1.123364 0.925110
vt 1.610809 0.733752
vt 1.580828 0.740299
vt 3.714125 0.009452
vt 3.719778 0.021355
vt 3.696817 0.016980
vt 3.668129 0.458516
vt 3.691988 0.483368
vt 3.669573 0.490982
vt 3.723513 0.231783
vt 3.724417 0.253676
vt 3.695656 0.248420
vt 3.673468 0.308363
vt 3.720030 0.285456
vt 3.727352 0.335707
vt 3.711583 0.462946
vt 3.665299 0.423769
vt 3.665395 0.441852
vt 3.720639 0.039704
vt 3.673702 0.504534
vt 3.649957 0.527512
vt 3.637696 0.533612
vt 3.605716 0.526319
vt 3.728284 0.378887
vt 3.703179 0.393900
vt 3.686366 0.372082
vt 0.720171 0.241809
vt 0.617386 0.209595
vt 0.954375 0.242095
vt 1.293684 0.712686
vt 1.264472 0.704631
vt 1.274983 0.698281
vt 1.709800 0.432593
vt 1.743279 0.429313
vt 1.721916 0.471870
vt 1.725306 0.378384
vt 1.742912 0.406192
vt 1.722324 0.412576
vt 1.255608 0.511760
vt 1.257911 0.473977
vt 1.267124 0.492063
vt 1.333699 0.537884
vt 1.349987 0.563675
vt 1.331474 0.571329
vt 2.469818 0.291946
vt 2.486767 0.290528
vt 2.506896 0.357061
vt 2.776018 0.203875
vt 2.811846 0.207653
vt 2.783275 0.218281
vt 0.620136 0.009387
vt 0.682116 0.003480
vt 1.753935 0.481944
vt 1.731743 0.485767
vt 1.708293 0.368101
vt 1.286543 0.573297
vt 1.321172 0.619463
vt 2.578526 0.263337
vt 2.581538 0.176084
vt 2.601046 0.270992
vt 2.785148 0.246613
vt 2.822043 0.238512
vt 2.846094 0.251464
vt 2.853625 0.214899
vt 2.660802 0.107058
vt 2.636285 0.108191
vt 2.632460 0.074034
vt 1.607517 0.321366
vt 1.626668 0.330695
vt 1.614948 0.331571
vt 1.372517 0.551765
vt 1.349720 0.541913
vt 1.293030 0.484123
vt 1.306585 0.463685
vt 1.308768 0.486093
vt 2.465886 0.269640
vt 2.481258 0.261267
vt 2.446797 0.278700
vt 1.630865 0.314367
vt 1.611973 0.287884
vt 2.543550 0.217084
vt 2.543223 0.164270
vt 2.496408 0.261101
vt 2.510901 0.241920
vt 2.501505 0.285845
vt 1.393270 0.612846
vt 1.399382 0.606435
vt 1.403566 0.624515
vt 1.356130 0.671601
vt 1.374682 0.659915
vt 1.362862 0.692798
vt 1.390002 0.694152
vt 2.709702 0.123389
vt 2.686056 0.128206
vt 2.682253 0.096407
vt 1.227622 0.509189
vt 1.292709 0.520213
vt 1.274266 0.525891
vt 1.269929 0.561352
vt 1.346945 0.510848
vt 1.334684 0.515945
vt 1.328716 0.482718
vt 1.308226 0.501745
vt 1.332671 0.693802
vt 1.267962 0.683556
vt 1.311016 0.664806
vt 1.396599 0.576424
vt 1.377326 0.591500
vt 1.693962 0.347593
vt 2.560312 0.115260
vt 2.575733 0.061030
vt 2.613718 0.113212
vt 2.613836 0.164014
vt 2.621007 0.277001
vt 2.656425 0.209956
vt 1.589593 0.325712
vt 1.600620 0.332457
vt 1.585186 0.336301
vt 2.697927 0.252265
vt 2.679208 0.210927
vt 2.711572 0.197263
vt 1.221507 0.728340
vt 1.205534 0.728741
vt 1.205394 0.723125
vt 2.750969 0.208092
vt 2.732114 0.205993
vt 2.745267 0.181348
vt 1.653311 0.318180
vt 1.655758 0.353527
vt 1.701503 0.407640
vt 1.675000 0.429639
vt 1.672166 0.396742
vt 1.372884 0.732383
vt 1.352663 0.750753
vt 1.364228 0.707679
vt 1.271785 0.638056
vt 1.265954 0.618358
vt 1.410155 0.526837
vt 1.682159 0.468375
vt 1.410885 0.599005
vt 1.424449 0.581919
vt 1.424521 0.586411
vt 1.223647 0.735199
vt 0.794100 0.003480
vt 2.707223 0.156212
vt 2.675463 0.154970
vt 0.725657 0.003480
vt 2.764670 0.216586
vt 2.742196 0.224944
vt 1.411501 0.549482
vt 1.424249 0.567442
vt 2.449180 0.316492
vt 2.492237 0.193337
vt 2.527128 0.227648
vt 2.575463 0.143543
vt 2.511201 0.169989
vt 2.480161 0.124027
vt 2.519186 0.139975
vt 1.646042 0.339458
vt 2.474801 0.249783
vt 1.360190 0.759257
vt 1.307008 0.526828
vt 1.679201 0.520414
vt 1.676751 0.498815
vt 1.696573 0.503082
vt 1.253998 0.699300
vt 1.405137 0.612897
vt 0.807263 0.003480
vt 1.356687 0.644363
vt 1.333286 0.708608
vt 1.324962 0.647173
vt 2.632755 0.139014
vt 2.639596 0.171247
vt 2.496409 0.228338
vt 1.708631 0.326647
vt 1.283163 0.491606
vt 1.718794 0.496173
vt 2.457684 0.262997
vt 1.396250 0.670615
vt 2.528943 0.305394
vt 2.520132 0.087346
vt 1.396945 0.595957
vt 1.404439 0.593053
vt 2.676984 0.282384
vt 1.591391 0.306703
vt 2.659095 0.156460
vt 2.377262 0.902456
vt 2.394968 0.902489
vt 2.396243 0.920064
vt 2.447611 0.791665
vt 2.473291 0.773446
vt 2.469899 0.804026
vt 2.382150 0.884615
vt 2.396533 0.936163
vt 2.379973 0.933305
vt 2.402329 0.775081
vt 2.418504 0.756429
vt 2.435413 0.804562
vt 2.742601 0.646316
vt 2.757710 0.738269
vt 2.728789 0.642789
vt 2.774088 0.803126
vt 2.766585 0.821847
vt 2.755689 0.800614
vt 2.782189 0.585825
vt 2.797318 0.733719
vt 2.759255 0.583681
vt 2.735359 0.590501
vt 2.760717 0.665519
vt 2.738383 0.794082
vt 2.726753 0.827259
vt 2.712895 0.830975
vt 2.568107 0.719031
vt 2.564905 0.747747
vt 2.528252 0.668664
vt 2.857405 0.697414
vt 2.852055 0.787152
vt 2.835929 0.714742
vt 2.731812 0.709097
vt 2.746943 0.532194
vt 2.509049 0.612657
vt 2.512780 0.568687
vt 2.541713 0.653046
vt 2.586721 0.584927
vt 2.599567 0.674149
vt 2.576219 0.606454
vt 2.710766 0.793787
vt 2.691800 0.827193
vt 2.648729 0.723372
vt 2.665054 0.725262
vt 2.667398 0.770046
vt 2.638117 0.796065
vt 2.647985 0.847484
vt 2.582628 0.698757
vt 2.634694 0.541617
vt 2.619787 0.579602
vt 2.604495 0.540391
vt 2.667373 0.605448
vt 2.663260 0.540529
vt 2.702899 0.615550
vt 2.821955 0.819387
vt 2.818057 0.791921
vt 2.397700 0.816855
vt 2.382685 0.826330
vt 2.377943 0.786484
vt 2.784228 0.776915
vt 2.618330 0.658930
vt 2.597165 0.575581
vt 2.637641 0.633464
vt 2.614431 0.829877
vt 2.621794 0.814641
vt 2.633826 0.846027
vt 2.851403 0.551235
vt 2.854323 0.609011
vt 2.831268 0.533820
vt 2.355726 0.870835
vt 2.411526 0.882099
vt 2.645704 0.773380
vt 2.715598 0.596930
vt 2.357960 0.790799
vt 2.811490 0.545770
vt 2.832208 0.606597
vt 2.810291 0.737976
vt 2.689234 0.560608
vt 2.699938 0.551038
vt 2.788575 0.817934
vt 2.675367 0.674334
vt 2.713431 0.548649
vt 2.724870 0.521687
vt 2.485862 0.789274
vt 3.308573 0.404826
vt 3.336506 0.384271
vt 3.363405 0.424053
vt 3.377624 0.364460
vt 3.325420 0.355501
vt 3.344599 0.340843
vt 3.384454 0.226634
vt 3.379614 0.210717
vt 3.412762 0.217238
vt 3.301324 0.213688
vt 3.292421 0.234011
vt 3.257345 0.199054
vt 3.295137 0.138779
vt 3.273687 0.125937
vt 3.308183 0.127619
vt 3.391438 0.114570
vt 3.429237 0.102608
vt 3.442279 0.116624
vt 3.296311 0.106633
vt 3.280835 0.114997
vt 3.299702 0.153491
vt 3.268733 0.161212
vt 3.374942 0.183001
vt 3.333693 0.141331
vt 3.380475 0.147198
vt 3.277130 0.312192
vt 3.291840 0.301177
vt 3.308802 0.317154
vt 3.381188 0.130995
vt 3.356865 0.229728
vt 3.307939 0.188510
vt 3.293578 0.175591
vt 3.320829 0.164661
vt 3.384627 0.288593
vt 3.353622 0.255053
vt 3.385339 0.266802
vt 3.077311 0.253650
vt 3.048494 0.254302
vt 3.025199 0.238574
vt 3.042688 0.194187
vt 3.044479 0.178549
vt 3.086700 0.203355
vt 3.024131 0.227264
vt 3.043220 0.215753
vt 3.084724 0.239244
vt 3.046255 0.108751
vt 3.114802 0.123755
vt 3.036511 0.119154
vt 3.019703 0.170887
vt 3.024607 0.154344
vt 3.175095 0.298601
vt 3.236509 0.340907
vt 3.136139 0.299250
vt 3.215606 0.196065
vt 3.202672 0.211916
vt 3.098846 0.178585
vt 3.223557 0.168660
vt 3.220385 0.179186
vt 3.154405 0.166167
vt 3.175796 0.281017
vt 3.236394 0.294719
vt 3.222257 0.085717
vt 3.254064 0.097038
vt 3.226534 0.109353
vt 3.259955 0.329036
vt 3.281223 0.281747
vt 3.233610 0.288343
vt 3.230833 0.272324
vt 3.240495 0.248874
vt 3.189270 0.246882
vt 3.197880 0.232860
vt 3.235840 0.223448
vt 3.262988 0.180661
vt 3.298637 0.064602
vt 3.299263 0.086660
vt 3.252286 0.077688
vt 3.230435 0.042316
vt 3.296280 0.044167
vt 3.173116 0.264383
vt 3.077442 0.157959
vt 3.031148 0.135059
vt 3.127537 0.272215
vt 3.128068 0.282937
vt 3.168349 0.088006
vt 3.053381 0.082650
vt 3.127239 0.079906
vt 3.085665 0.284705
vt 3.105293 0.190220
vt 3.185587 0.074220
vt 3.188330 0.055080
vt 3.095965 0.221757
vt 3.232399 0.158308
vt 3.221488 0.139691
vt 3.258012 0.145320
vt 3.110657 0.135069
vt 3.009776 0.265849
vt 3.041083 0.282613
vt 3.012730 0.279463
vt 3.298420 0.374206
vt 3.284967 0.351892
vt 3.326253 0.276440
vt 3.037222 0.260649
vt 3.292623 0.250138
vt 3.335374 0.059594
vt 3.340542 0.071753
vt 3.111118 0.317986
vt 3.165124 0.336222
vt 3.141935 0.336551
vt 3.127182 0.112777
vt 3.160511 0.100139
vt 3.359169 0.437285
vt 3.348753 0.086643
vt 3.169923 0.525241
vt 3.155869 0.555284
vt 3.157472 0.520439
vt 3.204464 0.186704
vt 3.412727 0.147624
vt 3.301838 0.199832
vt 3.344537 0.103051
vt 3.385767 0.244199
vt 3.303406 0.329538
vt 3.345188 0.183493
vt 3.320088 0.299489
vt 3.305023 0.388935
vt 3.118367 0.147459
vt 3.203718 0.117982
vt 3.240442 0.122482
vt 3.348170 0.294410
vt 3.365934 0.316778
vt 2.797427 0.471967
vt 2.586752 0.532280
vt 2.565670 0.556958
vt 2.566878 0.515168
vt 2.605104 0.365186
vt 2.763614 0.242893
vt 2.776120 0.300273
vt 2.747785 0.253971
vt 2.796215 0.390258
vt 2.769278 0.396119
vt 2.743936 0.495776
vt 2.723146 0.433437
vt 2.741060 0.432906
vt 2.518328 0.330904
vt 2.550218 0.441995
vt 2.775795 0.500715
vt 2.757042 0.496550
vt 2.755496 0.436743
vt 2.633722 0.358733
vt 2.655859 0.350283
vt 2.679267 0.462184
vt 2.663317 0.460324
vt 2.486642 0.420779
vt 2.534416 0.457685
vt 2.504150 0.473863
vt 2.808452 0.440295
vt 2.839168 0.479301
vt 2.838777 0.387386
vt 2.712960 0.350632
vt 2.544478 0.286273
vt 2.562242 0.275465
vt 2.585771 0.358957
vt 2.575834 0.396713
vt 2.607570 0.454099
vt 2.835893 0.301038
vt 2.494211 0.546429
vt 2.597244 0.488025
vt 2.554558 0.554830
vt 2.542552 0.583090
vt 2.682179 0.353097
vt 2.571355 0.450944
vt 2.735505 0.344140
vt 2.487695 0.359928
vt 2.475213 0.377576
vt 2.651261 0.272620
vt 2.722457 0.266378
vt 2.622130 0.509713
vt 2.472530 0.446039
vt 2.649039 0.470746
vt 2.810574 0.327211
vt 3.581069 0.366102
vt 3.585288 0.349433
vt 3.647419 0.383549
vt 3.383307 0.307364
vt 3.656991 0.327342
vt 3.576733 0.290497
vt 3.440801 0.233590
vt 3.665573 0.349552
vt 3.580261 0.329668
vt 3.367432 0.332472
vt 3.374645 0.347493
vt 3.381797 0.417758
vt 3.456726 0.464008
vt 3.391283 0.402930
vt 3.451499 0.207229
vt 3.458157 0.224010
vt 3.477783 0.134916
vt 3.482525 0.122350
vt 3.349916 0.447895
vt 3.400546 0.470463
vt 3.469851 0.158464
vt 3.492532 0.163432
vt 3.474108 0.184502
vt 3.564810 0.509007
vt 3.506277 0.470473
vt 3.547395 0.477967
vt 3.532046 0.449458
vt 3.579408 0.455400
vt 3.574113 0.431483
vt 3.520324 0.430593
vt 3.585959 0.419019
vt 3.491685 0.407190
vt 3.611906 0.274110
vt 3.554057 0.236351
vt 3.642820 0.238343
vt 3.563002 0.222321
vt 3.528069 0.219486
vt 3.560577 0.204967
vt 3.583532 0.083080
vt 3.544805 0.079117
vt 3.584503 0.057944
vt 3.498543 0.374925
vt 3.595670 0.388397
vt 3.602775 0.407708
vt 3.698200 0.410550
vt 3.647252 0.259893
vt 3.679660 0.286322
vt 3.677761 0.146037
vt 3.671098 0.129490
vt 3.716751 0.122278
vt 3.715400 0.166053
vt 3.672928 0.167200
vt 3.636427 0.470690
vt 3.656931 0.517738
vt 3.618945 0.495940
vt 3.475067 0.433550
vt 3.454457 0.411719
vt 3.426720 0.385324
vt 3.498370 0.203403
vt 3.546579 0.188015
vt 3.493839 0.084468
vt 3.507764 0.076706
vt 3.685153 0.216240
vt 3.719655 0.212227
vt 3.445786 0.299702
vt 3.418000 0.310971
vt 3.417211 0.257752
vt 3.438069 0.353862
vt 3.461419 0.340560
vt 3.676729 0.112683
vt 3.609312 0.125803
vt 3.611993 0.110017
vt 3.554537 0.140958
vt 3.542661 0.117177
vt 3.604810 0.185834
vt 3.691227 0.044385
vt 3.726623 0.052003
vt 3.688018 0.063531
vt 3.493472 0.391368
vt 3.393913 0.382797
vt 3.607642 0.145848
vt 3.439474 0.374214
vt 3.566521 0.307296
vt 3.654439 0.203921
vt 3.585248 0.100748
vt 3.530568 0.097292
vt 3.464212 0.292472
vt 3.493738 0.320531
vt 3.441683 0.133389
vt 3.437610 0.156799
vt 3.419497 0.467148
vt 3.629261 0.058612
vt 3.724604 0.084244
vt 3.668020 0.078782
vt 3.728538 0.069584
vt 3.580112 0.171119
vt 3.455606 0.271199
vt 3.556653 0.261644
vt 3.458474 0.251292
vt 3.494682 0.503148
vt 3.454579 0.489151
vt 3.669294 0.097415
vt 3.506224 0.358330
vt 3.421271 0.326874
vt 1.491038 0.707664
vt 0.529267 0.511708
vt 0.557462 0.882245
vt 0.560363 0.876254
vt 0.561206 0.882994
vt 0.680998 0.944504
vt 0.681726 0.947839
vt 0.670156 0.944548
vt 0.684931 0.954397
vt 0.672630 0.954443
vt 0.557216 0.889654
vt 0.679370 0.936692
vt 0.539807 0.966366
vt 0.557249 0.965280
vt 0.566579 0.979242
vt 0.605391 0.859974
vt 0.593675 0.836110
vt 0.626194 0.895149
vt 0.576260 0.840329
vt 0.562466 0.832606
vt 0.579675 0.829857
vt 0.582651 0.992602
vt 0.614105 0.976344
vt 0.626898 0.970599
vt 0.712259 0.912178
vt 0.736246 0.898209
vt 0.746906 0.910327
vt 0.632242 0.896055
vt 0.616283 0.845548
vt 0.714601 0.926478
vt 0.690788 0.911416
vt 0.534429 0.930791
vt 0.544368 0.939113
vt 0.610059 0.895098
vt 0.621419 0.898601
vt 0.614019 0.935633
vt 0.552472 0.847380
vt 0.583297 0.855717
vt 0.547356 0.862796
vt 0.556232 0.829029
vt 0.553567 0.949816
vt 0.564880 0.948964
vt 0.568456 0.962940
vt 0.586366 0.922204
vt 0.593504 0.926733
vt 0.560026 0.935073
vt 0.522490 0.895956
vt 0.603381 0.908427
vt 0.610149 0.928076
vt 0.823180 0.899503
vt 0.822474 0.917518
vt 0.803708 0.902784
vt 0.549393 0.869202
vt 0.541433 0.894449
vt 0.538785 0.882994
vt 0.551607 0.900310
vt 0.570679 0.911944
vt 0.547887 0.914691
vt 0.582845 0.873458
vt 0.563576 0.864901
vt 0.534445 0.886174
vt 0.572721 0.901149
vt 0.578670 0.915965
vt 0.576180 0.882983
vt 0.580932 0.897204
vt 0.594547 0.950180
vt 0.580735 0.947421
vt 0.594768 0.977117
vt 0.789558 0.917183
vt 0.781456 0.905421
vt 0.600591 0.963969
vt 0.605134 0.950118
vt 0.590644 0.963207
vt 0.579314 0.972945
vt 0.801808 0.893167
vt 0.766487 0.896701
vt 0.765593 0.889749
vt 0.619429 0.945008
vt 0.553473 0.925251
vt 0.683317 0.909850
vt 0.685208 0.902453
vt 0.557582 0.985441
vt 0.588265 0.901563
vt 0.565647 0.920839
vt 0.597928 0.889574
vt 0.756462 0.920142
vt 0.851339 0.890133
vt 0.828076 0.890432
vt 0.856078 0.883902
vt 0.791888 0.543524
vt 0.796017 0.478967
vt 0.731001 0.945916
vt 0.740476 0.936651
vt 0.747026 0.947408
vt 0.758310 0.945804
vt 0.747459 0.970721
vt 0.530128 0.507334
vt 0.526874 0.511142
vt 0.723677 0.948948
vt 0.729680 0.971372
vt 0.570894 0.596672
vt 0.570534 0.600738
vt 0.564904 0.598643
vt 0.938062 0.929008
vt 0.945759 0.940786
vt 0.923231 0.937957
vt 0.966585 0.926561
vt 0.886369 0.918631
vt 0.884797 0.933454
vt 0.864683 0.934003
vt 0.611738 0.550493
vt 0.575687 0.553483
vt 0.634279 0.585588
vt 0.614961 0.613024
vt 0.603344 0.609794
vt 0.559477 0.614957
vt 0.581513 0.613032
vt 0.587169 0.622792
vt 0.559180 0.600376
vt 0.590875 0.576670
vt 0.553802 0.591724
vt 0.615502 0.595680
vt 0.608990 0.604552
vt 0.570266 0.604403
vt 0.892710 0.949243
vt 0.902501 0.932354
vt 0.610699 0.597617
vt 0.607524 0.590190
vt 0.563084 0.598274
vt 0.581393 0.589646
vt 0.572026 0.593531
vt 0.597960 0.603539
vt 0.583578 0.605252
vt 0.615231 0.574833
vt 0.933726 0.917961
vt 0.563098 0.589754
vt 0.956940 0.914621
vt 0.574326 0.601646
vt 0.597316 0.587232
vt 0.918517 0.927907
vt 0.868221 0.949067
vt 0.852065 0.937401
vt 0.979473 0.927264
vt 0.973991 0.937868
vt 3.039595 0.909058
vt 3.034684 0.902355
vt 3.044528 0.904118
vt 3.057668 0.031784
vt 3.050262 0.048783
vt 3.045422 0.030549
vt 3.252787 0.853986
vt 3.273919 0.845224
vt 3.276941 0.852254
vt 3.039653 0.885737
vt 3.051745 0.884239
vt 3.075741 0.897314
vt 3.058987 0.908733
vt 3.065256 0.915082
vt 3.058373 0.918335
vt 3.287937 0.870500
vt 3.288210 0.873149
vt 3.275831 0.876043
vt 3.291343 0.870240
vt 3.266700 0.863521
vt 3.286438 0.877663
vt 3.297880 0.873155
vt 3.054036 0.917536
vt 3.053060 0.912056
vt 3.053481 0.726067
vt 3.036813 0.731130
vt 3.021652 0.715070
vt 3.049541 0.916471
vt 3.280304 0.857346
vt 3.008490 0.029813
vt 3.019064 0.008923
vt 3.024208 0.015315
vt 3.151744 0.016001
vt 3.138841 0.006670
vt 3.161904 0.013934
vt 3.149368 0.003598
vt 3.022242 0.124596
vt 3.021266 0.120530
vt 3.027768 0.123260
vt 3.014612 0.037441
vt 3.045485 0.006234
vt 3.043761 0.012843
vt 3.036494 0.009007
vt 3.157037 0.026544
vt 3.109454 0.695942
vt 3.117675 0.747213
vt 3.109107 0.745848
vt 3.043138 0.046704
vt 3.052175 0.018407
vt 3.166864 0.026204
vt 3.056330 0.048947
vt 3.342792 0.616941
vt 3.321541 0.621155
vt 3.331828 0.616461
vt 3.023837 0.027227
vt 3.026527 0.035621
vt 3.034410 0.034140
vt 3.137000 0.016072
vt 3.057360 0.681060
vt 3.045117 0.696584
vt 3.044520 0.670736
vt 3.009007 0.737569
vt 3.000337 0.712364
vt 3.028733 0.680715
vt 3.149037 0.886405
vt 3.171512 0.881564
vt 3.170526 0.902240
vt 3.079769 0.678844
vt 3.071198 0.660107
vt 3.084185 0.658032
vt 3.059010 0.666427
vt 3.178437 0.596981
vt 3.192217 0.554817
vt 3.191146 0.602616
vt 3.179787 0.626715
vt 3.121768 0.681980
vt 3.106495 0.667617
vt 3.120234 0.643428
vt 3.094789 0.663595
vt 3.101412 0.687674
vt 3.140861 0.685055
vt 3.136727 0.659376
vt 3.325461 0.667089
vt 3.301982 0.632921
vt 3.180274 0.656017
vt 3.209787 0.605180
vt 3.189212 0.661325
vt 3.235136 0.624092
vt 3.256250 0.590461
vt 3.261548 0.623590
vt 3.275275 0.880877
vt 3.255557 0.881355
vt 3.261184 0.654544
vt 3.245582 0.638039
vt 3.266687 0.642032
vt 3.169518 0.654590
vt 3.036207 0.101379
vt 3.030396 0.105559
vt 3.038493 0.092841
vt 3.065853 0.702961
vt 3.145897 0.562371
vt 3.153698 0.602211
vt 3.128334 0.596869
vt 3.392498 0.611926
vt 3.397525 0.581152
vt 3.410233 0.596944
vt 3.091922 0.691080
vt 3.057669 0.760648
vt 3.081245 0.743140
vt 3.095837 0.753875
vt 3.090777 0.717173
vt 3.102046 0.714938
vt 3.106684 0.796490
vt 3.009478 0.794410
vt 3.007433 0.773713
vt 3.020354 0.796055
vt 3.401972 0.650186
vt 3.428464 0.626352
vt 3.414678 0.651367
vt 3.122562 0.866898
vt 3.127549 0.878478
vt 3.116567 0.881968
vt 3.144839 0.861832
vt 3.167452 0.848894
vt 3.179320 0.862486
vt 3.363514 0.611508
vt 3.356821 0.634703
vt 3.359644 0.657757
vt 3.137822 0.844521
vt 3.141628 0.770139
vt 3.141878 0.830316
vt 3.302771 0.672182
vt 3.290455 0.694478
vt 3.087347 0.799249
vt 3.060123 0.740132
vt 3.036716 0.796652
vt 3.032491 0.756797
vt 3.063289 0.823826
vt 3.054715 0.798800
vt 3.177943 0.831079
vt 3.148668 0.840324
vt 3.150316 0.826724
vt 3.044769 0.624194
vt 3.066271 0.623317
vt 3.054785 0.652562
vt 3.098430 0.648681
vt 3.161637 0.921862
vt 3.172866 0.950767
vt 3.152587 0.935391
vt 3.181036 0.546330
vt 3.377095 0.599899
vt 3.380895 0.572623
vt 3.284429 0.636712
vt 3.269763 0.683929
vt 3.010670 0.662016
vt 3.027572 0.644935
vt 3.153988 0.955690
vt 3.085038 0.624811
vt 3.125416 0.717804
vt 3.103274 0.623103
vt 3.127855 0.782222
vt 3.127137 0.740548
vt 3.341760 0.549629
vt 3.184498 0.936917
vt 3.189064 0.914648
vt 3.339295 0.666835
vt 3.022258 0.112640
vt 3.025229 0.093700
vt 3.376399 0.627174
vt 3.129310 0.826002
vt 3.376951 0.029619
vt 3.370802 0.029833
vt 3.374972 0.014520
vt 3.161247 0.967583
vt 3.203069 0.873520
vt 3.153533 0.872544
vt 3.221144 0.853334
vt 3.242554 0.895714
vt 3.213384 0.965715
vt 3.271393 0.891760
vt 3.270408 0.903045
vt 3.216073 0.837927
vt 3.238129 0.863981
vt 3.105442 0.835809
vt 3.089051 0.824028
vt 3.076047 0.845442
vt 3.229735 0.951517
vt 3.243537 0.960444
vt 3.213000 0.952834
vt 3.030583 0.853331
vt 3.067434 0.860217
vt 3.230947 0.823572
vt 3.243467 0.832462
vt 3.002403 0.363261
vt 3.009357 0.360154
vt 3.007051 0.366403
vt 3.220667 0.921909
vt 3.248333 0.912756
vt 3.193382 0.895934
vt 3.079319 0.908585
vt 3.077399 0.914887
vt 3.068617 0.911901
vt 3.016397 0.853999
vt 3.130644 0.865503
vt 3.135010 0.875519
vt 3.249320 0.844174
vt 3.261938 0.970224
vt 3.266728 0.966624
vt 3.080952 0.919353
vt 3.279450 0.947763
vt 3.278116 0.951898
vt 3.272007 0.947181
vt 3.288371 0.928935
vt 3.282883 0.928977
vt 3.289801 0.920730
vt 3.266485 0.941325
vt 3.274818 0.942112
vt 3.273032 0.952937
vt 3.279406 0.954151
vt 3.058954 0.343201
vt 3.056998 0.326529
vt 3.060926 0.330885
vt 3.016344 0.125623
vt 3.265255 0.951718
vt 3.096172 0.899467
vt 3.086998 0.903038
vt 3.107716 0.885452
vt 3.071279 0.918979
vt 3.240042 0.940596
vt 3.249912 0.928848
vt 3.257158 0.948568
vt 3.090091 0.868010
vt 3.075754 0.886837
vt 3.112018 0.876118
vt 3.278774 0.941132
vt 3.275274 0.918706
vt 3.275137 0.909247
vt 3.070477 0.902046
vt 3.227857 0.017860
vt 3.220350 0.015935
vt 3.222202 0.003019
vt 3.268146 0.026281
vt 3.262251 0.029897
vt 3.260899 0.022788
vt 3.071700 0.342571
vt 3.073567 0.333355
vt 3.077550 0.343220
vt 3.357281 0.012239
vt 3.360400 0.027126
vt 3.355179 0.030945
vt 3.223909 0.023432
vt 3.225919 0.028492
vt 3.088636 0.374449
vt 3.086229 0.369856
vt 3.097924 0.375974
vt 3.095287 0.357671
vt 3.096230 0.362347
vt 3.081644 0.361237
vt 3.017529 0.111387
vt 3.017434 0.095051
vt 3.011653 0.102872
vt 3.006074 0.115425
vt 3.003624 0.102093
vt 3.212689 0.027033
vt 3.216967 0.024130
vt 3.218138 0.029516
vt 3.221970 0.031798
vt 3.217255 0.033736
vt 3.057357 0.363685
vt 3.055557 0.370475
vt 3.046398 0.366942
vt 3.047523 0.371383
vt 3.221636 0.029468
vt 3.065864 0.317859
vt 3.070659 0.315484
vt 3.072415 0.320439
vt 3.954098 0.236251
vt 3.957755 0.188023
vt 3.974971 0.228836
vt 3.067801 0.328426
vt 3.272671 0.928195
vt 3.281477 0.938320
vt 3.068134 0.320940
vt 3.110585 0.889607
vt 3.108704 0.893628
vt 3.094417 0.907019
vt 3.015112 0.121182
vt 3.270788 0.924199
vt 3.017626 0.869841
vt 3.006267 0.355919
vt 3.022173 0.351942
vt 3.893161 0.269991
vt 3.903060 0.272678
vt 3.905090 0.284921
vt 3.104441 0.894213
vt 3.091499 0.379000
vt 3.363985 0.014015
vt 3.041915 0.858445
vt 3.081515 0.339867
vt 3.084984 0.335771
vt 3.091317 0.346087
vt 3.270151 0.962479
vt 3.363525 0.005271
vt 3.226840 0.034807
vt 3.032734 0.352000
vt 3.021933 0.345750
vt 3.290398 0.902382
vt 3.291167 0.910878
vt 3.073575 0.325574
vt 3.295987 0.877561
vt 3.295410 0.884591
vt 3.099765 0.883337
vt 3.062201 0.322236
vt 3.027463 0.882844
vt 3.076217 0.318232
vt 3.252654 0.966654
vt 3.269249 0.015463
vt 3.276833 0.027514
vt 3.248131 0.016051
vt 3.254527 0.028007
vt 3.244968 0.027858
vt 3.065196 0.322569
vt 3.047744 0.361606
vt 3.042460 0.362118
vt 3.031487 0.030937
vt 3.935793 0.227851
vt 3.931959 0.199578
vt 3.940886 0.193181
vt 3.947093 0.182735
vt 3.977812 0.190997
vt 3.040147 0.027767
vt 3.159257 0.036614
vt 3.143345 0.048367
vt 3.140869 0.041112
vt 3.940684 0.265993
vt 3.934536 0.245041
vt 3.946710 0.241970
vt 3.012129 0.114280
vt 3.955353 0.245011
vt 3.254424 0.012618
vt 3.254922 0.007646
vt 3.257395 0.012310
vt 3.104204 0.371828
vt 3.105080 0.378252
vt 3.261624 0.015701
vt 3.098239 0.367928
vt 3.104215 0.362623
vt 3.260753 0.012278
vt 3.928231 0.248848
vt 3.914194 0.253991
vt 3.918673 0.241272
vt 3.256043 0.017056
vt 3.233108 0.026362
vt 3.305112 0.566873
vt 3.322711 0.557295
vt 3.299206 0.607002
vt 3.334445 0.552601
vt 3.375669 0.539115
vt 3.400901 0.554213
vt 3.270586 0.607428
vt 3.286198 0.577823
vt 0.743545 0.956192
vt 2.473381 0.725005
vt 2.473688 0.636848
vt 2.489448 0.699304
vt 2.416044 0.636666
vt 2.426477 0.619603
vt 2.435704 0.681634
vt 2.028666 0.025415
vt 2.033625 0.024402
vt 2.028349 0.046155
vt 2.375773 0.609202
vt 2.364150 0.611994
vt 2.363651 0.590900
vt 2.321902 0.909547
vt 2.320381 0.920987
vt 2.276457 0.928573
vt 2.353828 0.903806
vt 2.318908 0.825444
vt 2.300490 0.826039
vt 2.308609 0.801121
vt 2.329455 0.858010
vt 2.324655 0.893759
vt 2.313020 0.878189
vt 2.765340 0.173476
vt 2.773276 0.162070
vt 2.775327 0.176103
vt 2.214706 0.922057
vt 2.236324 0.911457
vt 2.239899 0.921567
vt 2.382230 0.603594
vt 2.372486 0.588738
vt 2.254855 0.819398
vt 2.266317 0.804796
vt 2.355488 0.682006
vt 2.370055 0.706476
vt 2.342761 0.696116
vt 2.209221 0.800860
vt 2.194333 0.811571
vt 2.200046 0.796539
vt 2.290175 0.744146
vt 2.294106 0.732391
vt 2.301219 0.729569
vt 2.338079 0.637599
vt 2.342982 0.635303
vt 2.336334 0.656175
vt 2.445778 0.609264
vt 2.446370 0.629867
vt 2.215509 0.819733
vt 2.245361 0.797711
vt 2.213356 0.807802
vt 2.354208 0.669761
vt 2.374734 0.676908
vt 2.389810 0.594989
vt 2.482916 0.748177
vt 2.491831 0.742890
vt 2.496216 0.772017
vt 2.382833 0.577206
vt 2.379838 0.584220
vt 2.227639 0.932891
vt 2.343452 0.619013
vt 2.352856 0.630182
vt 2.470571 0.612262
vt 2.462427 0.614538
vt 2.468578 0.603098
vt 2.381244 0.738757
vt 2.387963 0.729038
vt 2.349993 0.650011
vt 2.423333 0.408054
vt 2.433071 0.401197
vt 2.424573 0.430014
vt 2.463796 0.668168
vt 2.379451 0.748984
vt 2.335628 0.700077
vt 2.420425 0.576737
vt 2.430369 0.571187
vt 2.432334 0.574301
vt 2.354084 0.915860
vt 2.171724 0.867962
vt 2.174860 0.873655
vt 2.171569 0.870375
vt 2.261441 0.935917
vt 2.176736 0.830464
vt 2.169586 0.841128
vt 2.166587 0.833562
vt 2.747484 0.110166
vt 2.740421 0.106061
vt 2.747883 0.079012
vt 2.193832 0.906202
vt 2.197502 0.917018
vt 2.187808 0.908725
vt 2.500932 0.628965
vt 2.506176 0.630039
vt 2.502356 0.660313
vt 2.209224 0.904988
vt 2.215642 0.893655
vt 2.501626 0.613930
vt 2.368001 0.635016
vt 2.477487 0.592029
vt 2.470887 0.593891
vt 2.472632 0.586741
vt 2.417222 0.537989
vt 2.408327 0.545202
vt 2.388256 0.541331
vt 2.478040 0.622188
vt 2.491931 0.609704
vt 2.490660 0.644509
vt 2.320391 0.722516
vt 2.348281 0.742477
vt 2.345073 0.758395
vt 2.279054 0.748617
vt 2.279364 0.729463
vt 2.283859 0.748746
vt 2.329378 0.657156
vt 2.334628 0.663052
vt 2.324687 0.660118
vt 2.270850 0.860543
vt 2.464601 0.452672
vt 2.466798 0.457569
vt 2.440306 0.452356
vt 2.320275 0.748795
vt 2.316880 0.755383
vt 2.314562 0.733529
vt 2.345463 0.604576
vt 2.345120 0.677002
vt 2.578462 0.042665
vt 2.548873 0.039236
vt 2.574554 0.032637
vt 2.928240 0.579705
vt 2.928323 0.603019
vt 2.928198 0.597766
vt 2.312771 0.932716
vt 2.354447 0.890027
vt 2.755726 0.081187
vt 2.756042 0.111463
vt 2.189483 0.884643
vt 2.177279 0.883928
vt 2.020491 0.030407
vt 2.392823 0.592174
vt 2.543770 0.030134
vt 2.548238 0.020371
vt 2.575850 0.026099
vt 2.577866 0.048033
vt 2.549561 0.045922
vt 2.401431 0.584821
vt 2.441672 0.593043
vt 2.452288 0.596353
vt 2.429046 0.592334
vt 2.416113 0.596170
vt 2.423278 0.586443
vt 2.184851 0.845437
vt 2.198607 0.834428
vt 2.204449 0.864890
vt 2.348562 0.597392
vt 2.392102 0.552418
vt 2.371624 0.549861
vt 2.005619 0.044980
vt 2.009899 0.064400
vt 2.004207 0.083046
vt 2.181262 0.794600
vt 2.411300 0.576661
vt 2.302031 0.714350
vt 2.307004 0.720969
vt 2.298669 0.717693
vt 2.220026 0.849519
vt 2.753534 0.147781
vt 2.746922 0.130536
vt 2.753291 0.124854
vt 2.486526 0.724182
vt 2.548496 0.009368
vt 2.547422 0.003166
vt 2.576831 0.002414
vt 2.742527 0.040158
vt 2.739145 0.079245
vt 2.414507 0.408792
vt 2.411932 0.388836
vt 2.763335 0.112717
vt 2.763262 0.081564
vt 2.302880 0.859369
vt 2.315784 0.690522
vt 2.302484 0.692974
vt 2.309422 0.683190
vt 2.933143 0.654638
vt 2.921104 0.658560
vt 2.901330 0.645725
vt 2.285664 0.720900
vt 2.291518 0.712684
vt 2.289073 0.718601
vt 2.516901 0.016867
vt 2.516457 0.028064
vt 2.909297 0.621671
vt 2.929969 0.620578
vt 2.901325 0.632649
vt 2.415912 0.432675
vt 2.426532 0.355632
vt 2.418186 0.355242
vt 2.423043 0.339813
vt 2.767460 0.046186
vt 2.774439 0.054940
vt 2.767567 0.057512
vt 2.753977 0.043352
vt 2.409134 0.376245
vt 2.403229 0.383264
vt 2.432383 0.353408
vt 2.767848 0.029622
vt 2.759938 0.023866
vt 2.770895 0.027125
vt 2.758556 0.050012
vt 2.413110 0.342552
vt 2.407383 0.342827
vt 2.413979 0.335364
vt 2.015261 0.046794
vt 2.411252 0.356720
vt 2.427997 0.374820
vt 2.915721 0.611659
vt 2.897725 0.601182
vt 2.748335 0.042908
vt 2.021237 0.069454
vt 2.031550 0.082911
vt 2.018681 0.083797
vt 2.754568 0.027720
vt 2.750728 0.029867
vt 2.935243 0.628868
vt 2.025379 0.114710
vt 2.033385 0.113582
vt 2.767558 0.137286
vt 2.761206 0.124143
vt 2.503265 0.019243
vt 2.497636 0.023948
vt 2.481450 0.020236
vt 2.572758 0.016850
vt 2.466120 0.474238
vt 2.472244 0.470430
vt 2.468088 0.478119
vt 2.418460 0.091575
vt 2.425368 0.101506
vt 2.416847 0.109731
vt 2.407886 0.580887
vt 2.411376 0.607780
vt 2.021850 0.013882
vt 2.014142 0.012041
vt 2.022261 0.004019
vt 2.507861 0.011918
vt 2.013057 0.029490
vt 2.514407 0.036709
vt 2.495071 0.043778
vt 2.500852 0.032908
vt 2.483241 0.038892
vt 2.482345 0.030332
vt 2.482889 0.034804
vt 2.477284 0.029743
vt 2.934776 0.645303
vt 2.518391 0.742235
vt 2.521578 0.753640
vt 2.514820 0.754192
vt 2.013911 0.004339
vt 2.510979 0.713333
vt 2.505905 0.754828
vt 2.505818 0.731699
vt 2.434427 0.534567
vt 2.435521 0.545702
vt 2.429643 0.055183
vt 2.425588 0.028115
vt 2.432290 0.028875
vt 2.520607 0.722417
vt 2.528346 0.742367
vt 2.438335 0.474708
vt 2.406013 0.480424
vt 2.394324 0.472514
vt 2.532986 0.753222
vt 2.532310 0.714600
vt 2.543398 0.744501
vt 2.527803 0.720493
vt 2.446745 0.584086
vt 2.527103 0.682259
vt 2.527293 0.686996
vt 2.523211 0.684016
vt 2.386088 0.443093
vt 2.404212 0.450121
vt 2.384126 0.448824
vt 2.406414 0.552167
vt 2.388897 0.561931
vt 2.406976 0.031191
vt 2.402704 0.014382
vt 2.406773 0.004296
vt 2.362309 0.558655
vt 2.378849 0.558576
vt 2.537808 0.706840
vt 2.513921 0.693091
vt 2.520616 0.696949
vt 2.521888 0.706146
vt 2.380430 0.488100
vt 2.378941 0.483935
vt 2.399952 0.486424
vt 2.422328 0.458597
vt 2.382932 0.463641
vt 2.402211 0.466554
vt 2.414836 0.002271
vt 2.418555 0.027647
vt 2.428772 0.000581
vt 2.428810 0.084111
vt 2.419464 0.068900
vt 2.399713 0.459973
vt 2.378561 0.456772
vt 2.407054 0.070310
vt 2.410828 0.090003
vt 2.406663 0.099057
vt 2.431327 0.068841
vt 2.438529 0.463253
vt 2.269999 0.776363
vt 2.305660 0.784114
vt 2.454625 0.463264
vt 2.455512 0.468337
vt 2.449928 0.460972
vt 2.457952 0.458891
vt 2.474944 0.462135
vt 2.469372 0.460288
vt 2.472074 0.454914
vt 2.320290 0.767228
vt 2.412387 0.104753
vt 2.431678 0.098343
vt 2.402639 0.444345
vt 2.436079 0.728458
vt 2.404696 0.712427
vt 2.328234 0.676485
vt 2.320293 0.683795
vt 2.316724 0.678398
vt 2.781542 0.166460
vt 2.777742 0.183299
vt 2.187861 0.868338
vt 2.256775 0.787398
vt 2.243459 0.790430
vt 2.461638 0.728580
vt 2.777342 0.127188
vt 2.779516 0.147920
vt 2.772838 0.137105
vt 2.307750 0.770907
vt 2.308655 0.735793
vt 2.301064 0.761321
vt 2.302288 0.746260
vt 2.767983 0.148867
vt 2.419888 0.378130
vt 2.468719 0.469702
vt 2.296028 0.750057
vt 2.202100 0.927813
vt 2.203013 0.933874
vt 2.420039 0.675342
vt 2.398683 0.654781
vt 2.399712 0.617494
vt 2.771264 0.187748
vt 2.281341 0.719688
vt 2.761039 0.186909
vt 2.754674 0.178030
vt 2.750791 0.169119
vt 2.756923 0.161064
vt 2.885437 0.451893
vt 2.878669 0.436217
vt 2.909499 0.451222
vt 2.179998 0.805200
vt 2.449430 0.469815
vt 2.361207 0.551887
vt 2.361151 0.546039
vt 2.233252 0.884983
vt 2.514608 0.712202
vt 2.506170 0.710475
vt 2.892624 0.591514
vt 2.749988 0.024354
vt 2.293575 0.716832
vt 2.387129 0.573622
vt 2.911205 0.427788
vt 2.913327 0.440354
vt 2.169180 0.857940
vt 2.359951 0.777631
vt 2.008856 0.012129
vt 2.406432 0.409732
vt 2.407607 0.433533
vt 2.401358 0.435636
vt 2.260426 0.916443
vt 2.762773 0.028010
vt 3.288293 0.864958
vt 3.293357 0.864217
vt 3.047471 0.912227
vt 3.117023 0.025418
vt 3.118356 0.036351
vt 3.112867 0.029108
vt 3.116099 0.014819
vt 3.113136 0.016875
vt 3.019231 0.050896
vt 3.010618 0.047337
vt 3.124368 0.013308
vt 3.124250 0.021964
vt 3.005710 0.046155
vt 3.001644 0.042022
vt 3.026484 0.050101
vt 1.197933 0.269588
vt 1.788602 0.076466
vt 1.817286 0.122311
vt 1.079061 0.331148
vt 1.057600 0.330199
vt 1.062749 0.263259
vt 1.085332 0.373236
vt 1.109913 0.404433
vt 1.092149 0.410813
vt 1.024920 0.374334
vt 1.062639 0.367416
vt 1.032254 0.387278
vt 1.889820 0.063140
vt 1.846760 0.078154
vt 1.867733 0.030137
vt 1.835097 0.157328
vt 1.871413 0.130906
vt 1.856435 0.207339
vt 1.859199 0.109703
vt 1.169742 0.298837
vt 1.125382 0.358515
vt 1.108625 0.323029
vt 1.122608 0.299666
vt 1.948160 0.233758
vt 1.960477 0.160570
vt 1.959518 0.250276
vt 1.044158 0.431183
vt 1.028376 0.442588
vt 1.058836 0.400326
vt 1.918661 0.120302
vt 1.944496 0.100386
vt 1.944538 0.134737
vt 1.016500 0.331188
vt 1.081129 0.254212
vt 1.073841 0.391602
vt 1.851192 0.027035
vt 1.075889 0.422410
vt 1.787166 0.175333
vt 1.881130 0.202845
vt 1.171196 0.243390
vt 1.012182 0.463436
vt 1.168434 0.351029
vt 1.139034 0.229696
vt 1.831310 0.020392
vt 1.816938 0.074240
vt 1.899199 0.116074
vt 0.439197 0.027447
vt 0.500058 0.003480
vt 1.799731 0.342366
vt 1.134140 0.459827
vt 1.109985 0.462839
vt 1.131137 0.402369
vt 1.207609 0.684698
vt 1.207731 0.697284
vt 1.195422 0.701115
vt 1.177054 0.431634
vt 1.193611 0.439253
vt 1.187123 0.468942
vt 1.198308 0.388259
vt 1.818634 0.399605
vt 1.033418 0.492582
vt 1.213196 0.472985
vt 1.152820 0.419289
vt 1.156486 0.389057
vt 1.929869 0.221555
vt 1.911522 0.231615
vt 1.902356 0.203930
vt 1.816196 0.221405
vt 1.837417 0.290054
vt 1.873985 0.274433
vt 1.918225 0.282497
vt 1.938958 0.283107
vt 1.897309 0.287127
vt 1.205307 0.646866
vt 1.832570 0.350237
vt 1.822920 0.308436
vt 1.854379 0.313631
vt 1.895122 0.322333
vt 1.880942 0.307438
vt 1.233900 0.468847
vt 1.083761 0.476022
vt 1.066111 0.467438
vt 1.100472 0.503498
vt 1.909850 0.316547
vt 1.923670 0.317037
vt 1.834730 0.394756
vt 1.786613 0.470429
vt 1.806391 0.480524
vt 1.811811 0.448996
vt 1.182836 0.388598
vt 1.191136 0.551683
vt 1.180480 0.574907
vt 1.025033 0.523223
vt 1.014677 0.513265
vt 0.325258 0.125015
vt 0.282016 0.248989
vt 0.287369 0.153597
vt 0.393373 0.027870
vt 0.382811 0.105363
vt 0.387400 0.154452
vt 0.447539 0.117323
vt 0.393374 0.207907
vt 0.462626 0.203584
vt 0.223266 0.049425
vt 0.254730 0.073464
vt 0.209798 0.069288
vt 0.222464 0.120604
vt 0.089722 0.146041
vt 0.029510 0.049885
vt 0.081290 0.037166
vt 0.038840 0.139130
vt 0.008165 0.142000
vt 0.047752 0.215201
vt 0.134603 0.130606
vt 0.180997 0.110000
vt 0.190312 0.149303
vt 0.129379 0.077887
vt 0.133728 0.003510
vt 0.175851 0.013743
vt 0.186496 0.066644
vt 0.500021 0.420105
vt 0.468885 0.421675
vt 0.489474 0.414522
vt 0.461711 0.416346
vt 0.480498 0.445419
vt 0.448811 0.441286
vt 0.467776 0.439300
vt 0.486926 0.407358
vt 0.485604 0.434104
vt 0.453498 0.426799
vt 0.461682 0.428529
vt 0.479197 0.329910
vt 0.466561 0.313171
vt 0.500000 0.255641
vt 0.461823 0.255294
vt 0.536692 0.251702
vt 0.346653 0.720947
vt 0.389088 0.750664
vt 0.362108 0.764841
vt 0.289668 0.761170
vt 0.429948 0.641125
vt 0.469195 0.657009
vt 0.419336 0.670785
vt 0.303781 0.282338
vt 0.341975 0.298566
vt 0.285784 0.321983
vt 0.441315 0.615377
vt 0.455791 0.604837
vt 0.429852 0.506795
vt 0.448175 0.530293
vt 0.432847 0.554996
vt 0.402270 0.367390
vt 0.415899 0.451845
vt 0.391690 0.418612
vt 0.285933 0.403706
vt 0.305561 0.354136
vt 0.350607 0.346956
vt 0.443381 0.513160
vt 0.433102 0.470529
vt 0.453251 0.498668
vt 0.484909 0.502933
vt 0.461353 0.518591
vt 0.477664 0.534833
vt 0.468302 0.498262
vt 0.478965 0.507111
vt 0.481526 0.522448
vt 0.487579 0.529300
vt 0.475384 0.513750
vt 0.483006 0.513631
vt 0.256052 0.958280
vt 0.261778 0.956687
vt 0.261154 0.958812
vt 0.262314 0.965181
vt 0.265287 0.958924
vt 0.441994 0.425425
vt 0.217726 0.376886
vt 0.251892 0.355797
vt 0.235902 0.400662
vt 0.431430 0.723408
vt 0.470213 0.457345
vt 0.318758 0.593003
vt 0.301981 0.672187
vt 0.278046 0.594755
vt 0.322682 0.430571
vt 0.360841 0.404914
vt 0.235429 0.561267
vt 0.329317 0.528089
vt 0.331868 0.475931
vt 0.386502 0.467520
vt 0.351203 0.530892
vt 0.457229 0.377748
vt 0.485338 0.354582
vt 0.487533 0.341637
vt 0.448726 0.355894
vt 0.448729 0.336512
vt 0.275622 0.435014
vt 0.289697 0.479442
vt 0.486451 0.397505
vt 0.279996 0.367587
vt 0.226342 0.682847
vt 0.242469 0.649763
vt 0.460524 0.548449
vt 0.232769 0.529917
vt 0.510051 0.351717
vt 0.498566 0.659317
vt 0.402191 0.495442
vt 0.369944 0.537142
vt 0.402816 0.653083
vt 0.383597 0.644471
vt 0.425854 0.254162
vt 0.405220 0.292313
vt 0.467897 0.503457
vt 0.465062 0.512914
vt 0.153509 0.368882
vt 0.192650 0.382343
vt 0.195524 0.424380
vt 0.238293 0.720626
vt 0.491212 0.543890
vt 0.444939 0.589468
vt 0.460272 0.576215
vt 0.401356 0.551497
vt 0.008440 0.659056
vt 0.014584 0.610989
vt 0.040626 0.675915
vt 0.106803 0.478100
vt 0.149149 0.528877
vt 0.122516 0.566313
vt 0.181933 0.670756
vt 0.159576 0.708428
vt 0.154342 0.648185
vt 0.079153 0.594176
vt 0.091057 0.648342
vt 0.068497 0.659770
vt 0.052324 0.584975
vt 0.067369 0.532051
vt 0.074447 0.473072
vt 0.031936 0.470244
vt 0.038573 0.375075
vt 0.055268 0.746358
vt 0.093187 0.726392
vt 0.082162 0.775777
vt 0.204850 0.754031
vt 0.141123 0.751530
vt 0.126788 0.794366
vt 0.205494 0.794997
vt 0.191001 0.839401
vt 0.127820 0.849782
vt 0.095059 0.545129
vt 0.021061 0.712283
vt 0.113747 0.693230
vt 0.030488 0.567428
vt 0.004337 0.568961
vt 0.184057 0.872842
vt 0.130226 0.643231
vt 0.382440 0.832931
vt 0.336955 0.876072
vt 0.303860 0.827136
vt 1.708735 0.917994
vt 1.689860 0.850327
vt 1.678004 0.952522
vt 1.199801 0.231743
vt 1.130803 0.174262
vt 1.114022 0.219923
vt 1.723646 0.854561
vt 1.056125 0.216544
vt 1.015763 0.255221
vt 1.070175 0.212079
vt 1.083420 0.212918
vt 1.025293 0.216135
vt 1.179297 0.167084
vt 1.169006 0.191730
vt 1.199950 0.159275
vt 1.745580 0.878621
vt 1.786350 0.911755
vt 1.796020 0.871553
vt 1.097820 0.208195
vt 1.094888 0.256281
vt 1.217136 0.207512
vt 1.219941 0.232726
vt 1.228817 0.234249
vt 1.815626 0.956235
vt 1.776309 0.985279
vt 1.006361 0.214451
vt 1.660654 0.914952
vt 1.652058 0.970637
vt 1.108023 0.265739
vt 1.037073 0.045979
vt 1.054375 0.051375
vt 1.058972 0.162779
vt 1.077122 0.144499
vt 1.786721 0.685219
vt 1.788312 0.592381
vt 1.744240 0.714833
vt 1.678875 0.593962
vt 1.662293 0.724581
vt 1.888238 0.822339
vt 1.876195 0.803362
vt 1.837751 0.823390
vt 1.009602 0.111722
vt 1.017552 0.019370
vt 1.042933 0.903415
vt 1.053925 0.909949
vt 1.046500 0.927700
vt 1.754844 0.798097
vt 1.736084 0.777117
vt 1.716044 0.605172
vt 1.852390 0.754440
vt 1.820278 0.717110
vt 1.798918 0.814733
vt 1.204000 0.113600
vt 1.849347 0.704911
vt 1.877000 0.732388
vt 1.027459 0.154464
vt 1.002565 0.166919
vt 1.061535 0.935824
vt 1.067224 0.963839
vt 1.035980 0.950694
vt 1.066467 0.886555
vt 1.095967 0.099587
vt 1.089771 0.059337
vt 1.107929 0.064849
vt 1.085260 0.922369
vt 1.076287 0.913850
vt 1.089193 0.913377
vt 1.208564 0.075997
vt 1.228023 0.077771
vt 1.947077 0.554978
vt 1.916103 0.562316
vt 1.951543 0.589518
vt 1.065665 0.790482
vt 1.062189 0.804990
vt 1.052767 0.797210
vt 1.080408 0.822801
vt 1.079130 0.841691
vt 1.067499 0.824006
vt 1.074690 0.022874
vt 1.072033 0.062289
vt 1.038605 0.011417
vt 1.957731 0.667688
vt 1.952777 0.689973
vt 1.965086 0.660949
vt 1.025339 0.989905
vt 1.011994 0.982945
vt 1.148042 0.127358
vt 1.117954 0.095499
vt 1.140470 0.087923
vt 1.089788 0.119419
vt 1.115912 0.138203
vt 1.058833 0.871593
vt 1.070473 0.865072
vt 1.857288 0.555834
vt 1.823611 0.549605
vt 1.824050 0.580130
vt 1.790252 0.742027
vt 1.069390 0.804901
vt 1.078280 0.800521
vt 1.985154 0.607768
vt 1.049297 0.787539
vt 1.066797 0.853329
vt 1.925130 0.752068
vt 1.919225 0.746296
vt 1.885604 0.613551
vt 1.856619 0.613170
vt 1.879367 0.676032
vt 1.052155 0.895760
vt 1.987555 0.592227
vt 1.971982 0.581906
vt 1.087262 0.932536
vt 1.086906 0.974886
vt 1.822708 0.638349
vt 1.750798 0.558027
vt 1.694232 0.548689
vt 1.918220 0.633912
vt 1.953455 0.623597
vt 1.922904 0.601317
vt 1.902833 0.685019
vt 1.936099 0.707236
vt 3.986464 0.975017
vt 3.984930 0.994705
vt 3.968089 0.954184
vt 3.942046 0.691922
vt 3.992109 0.715745
vt 3.949063 0.712020
vt 3.990599 0.946343
vt 3.992653 0.665269
vt 3.947686 0.538773
vt 3.962538 0.516633
vt 3.979484 0.537962
vt 3.953174 0.553323
vt 3.992541 0.747007
vt 3.977386 0.726868
vt 3.939632 0.512124
vt 3.939242 0.496653
vt 0.249626 0.213571
vt 0.186731 0.201303
vt 0.239191 0.163051
vt 0.206686 0.255957
vt 0.336033 0.229242
vt 0.422054 0.226230
vt 0.347817 0.263907
vt 0.155488 0.276684
vt 0.002318 0.217170
vt 0.119483 0.170415
vt 0.103048 0.223620
vt 1.197565 0.522427
vt 1.103495 0.541327
vt 1.094017 0.531885
vt 1.115173 0.513019
vt 1.116962 0.469182
vt 1.124489 0.485202
vt 1.094164 0.487211
vt 2.357407 0.230049
vt 2.374813 0.226204
vt 2.356629 0.286064
vt 2.221925 0.294397
vt 2.226922 0.190052
vt 2.259531 0.202171
vt 0.268494 0.003828
vt 0.351257 0.003480
vt 1.865678 0.479135
vt 1.852572 0.493748
vt 1.857217 0.463935
vt 1.119250 0.567075
vt 1.147395 0.528718
vt 1.163778 0.570414
vt 2.253285 0.047051
vt 2.288193 0.086196
vt 2.237721 0.093340
vt 2.217554 0.053392
vt 2.221660 0.087532
vt 2.203150 0.084066
vt 1.898855 0.499262
vt 1.882582 0.507680
vt 1.888521 0.469567
vt 2.071832 0.187777
vt 2.052101 0.160488
vt 2.080445 0.162028
vt 2.204190 0.209373
vt 2.187779 0.207236
vt 2.371049 0.169672
vt 2.386443 0.186750
vt 2.379297 0.203134
vt 1.066740 0.726404
vt 1.088691 0.739621
vt 1.093257 0.759759
vt 1.106131 0.557810
vt 1.079117 0.565535
vt 2.318872 0.217044
vt 2.345780 0.201852
vt 2.321759 0.273090
vt 2.099914 0.164682
vt 2.081804 0.142665
vt 2.414525 0.215845
vt 2.391967 0.225913
vt 2.395236 0.206160
vt 2.364031 0.203444
vt 2.350961 0.175686
vt 1.059521 0.683993
vt 1.077521 0.695954
vt 1.062915 0.706024
vt 2.021905 0.170997
vt 2.037973 0.229951
vt 2.020392 0.219209
vt 1.178403 0.524604
vt 1.187858 0.490712
vt 1.141351 0.511263
vt 1.158541 0.511005
vt 1.121088 0.527034
vt 1.133937 0.504695
vt 1.160526 0.486820
vt 1.145438 0.502752
vt 1.169026 0.491534
vt 1.152539 0.479459
vt 1.135928 0.494281
vt 1.075963 0.591850
vt 1.062402 0.602573
vt 1.870631 0.414746
vt 1.853838 0.372931
vt 1.878525 0.353346
vt 1.131223 0.614520
vt 1.164953 0.460365
vt 2.253832 0.143797
vt 1.056041 0.595966
vt 1.047691 0.592445
vt 1.052743 0.570880
vt 1.975278 0.332609
vt 1.986428 0.326768
vt 1.990615 0.336301
vt 1.076315 0.649028
vt 1.052549 0.643474
vt 1.066499 0.621441
vt 2.118395 0.140013
vt 2.105242 0.129058
vt 2.115367 0.118825
vt 1.920332 0.354903
vt 1.899657 0.429864
vt 1.903636 0.396742
vt 1.112437 0.702938
vt 1.138113 0.689947
vt 1.142627 0.701416
vt 0.104529 0.003480
vt 1.141930 0.727547
vt 1.120898 0.738315
vt 2.324836 0.087380
vt 2.382208 0.059776
vt 2.343789 0.106504
vt 1.042370 0.597438
vt 1.028476 0.586411
vt 2.116606 0.157941
vt 2.115277 0.187338
vt 0.192737 0.003480
vt 0.212149 0.013811
vt 0.236684 0.011424
vt 2.181674 0.059772
vt 2.183920 0.091828
vt 2.150550 0.136152
vt 2.151604 0.095355
vt 2.135491 0.169290
vt 1.139927 0.501310
vt 1.903062 0.362740
vt 1.912629 0.371603
vt 1.837719 0.476530
vt 1.829684 0.433570
vt 1.089547 0.671726
vt 1.093606 0.638994
vt 2.176780 0.142271
vt 2.405223 0.270622
vt 2.366106 0.132514
vt 2.386993 0.099480
vt 2.299745 0.210013
vt 2.324532 0.160962
vt 1.931757 0.344997
vt 1.054530 0.610969
vt 1.128538 0.638527
vt 1.181515 0.632519
vt 1.026987 0.581146
vt 1.852625 0.411149
vt 1.044395 0.541471
vt 1.027285 0.567960
vt 1.188777 0.614439
vt 1.896032 0.520101
vt 1.142442 0.665864
vt 2.403600 0.199681
vt 2.152599 0.178945
vt 2.156805 0.271940
vt 2.209288 0.118139
vt 2.386673 0.161865
vt 2.256640 0.000574
vt 2.283443 0.003038
vt 1.863736 0.347972
vt 1.867963 0.325296
vt 1.046667 0.605103
vt 2.227998 0.019967
vt 2.357747 0.034835
vt 2.160987 0.072535
vt 1.158731 0.710238
vt 2.301454 0.052221
vt 1.055583 0.664855
vt 1.106994 0.752846
vt 1.179930 0.687009
vt 1.177060 0.709067
vt 1.967436 0.320551
vt 1.979659 0.298102
vt 2.956784 0.882478
vt 2.983600 0.884544
vt 2.969662 0.903516
vt 2.952229 0.901523
vt 2.929977 0.917265
vt 2.251920 0.601201
vt 2.271223 0.625883
vt 2.220276 0.716695
vt 2.161211 0.674683
vt 2.141712 0.673042
vt 2.168451 0.602018
vt 2.128141 0.651343
vt 2.140963 0.550151
vt 2.159124 0.545371
vt 2.062100 0.670638
vt 2.085282 0.498936
vt 2.103263 0.592140
vt 2.132242 0.533870
vt 2.116017 0.593383
vt 2.048037 0.656477
vt 2.064402 0.517677
vt 2.035667 0.674581
vt 2.042933 0.738015
vt 2.012778 0.713563
vt 2.101069 0.677669
vt 2.102838 0.739969
vt 2.085283 0.750158
vt 2.311435 0.587081
vt 2.326180 0.611474
vt 2.284896 0.647966
vt 2.345007 0.510713
vt 2.225568 0.756906
vt 2.211699 0.666874
vt 2.239316 0.583628
vt 2.175457 0.706852
vt 2.196480 0.660226
vt 2.242683 0.513078
vt 2.267064 0.504952
vt 2.201032 0.772405
vt 2.023935 0.756123
vt 2.962043 0.862037
vt 2.295605 0.557970
vt 2.304928 0.494230
vt 2.317349 0.523229
vt 2.123262 0.508471
vt 2.147922 0.485118
vt 2.979322 0.967833
vt 2.963898 0.979646
vt 2.943454 0.955629
vt 2.075700 0.712056
vt 2.241047 0.757933
vt 2.218140 0.791438
vt 2.989564 0.904807
vt 2.193423 0.550930
vt 2.249735 0.761643
vt 2.145308 0.728308
vt 2.955680 0.222785
vt 2.934475 0.237709
vt 2.932037 0.220779
vt 2.055073 0.477019
vt 2.275669 0.529714
vt 2.204484 0.784746
vt 2.986578 0.923271
vt 2.975390 0.934535
vt 2.149492 0.759136
vt 2.118355 0.756088
vt 2.063648 0.751220
vt 2.109870 0.472946
vt 2.197435 0.398885
vt 2.199898 0.478693
vt 2.948528 0.972716
vt 2.168366 0.765582
vt 2.196130 0.705804
vt 3.640951 0.651349
vt 3.605137 0.657929
vt 3.644921 0.634732
vt 3.508545 0.730959
vt 3.496320 0.720341
vt 3.548484 0.712503
vt 3.651599 0.816095
vt 3.679013 0.781880
vt 3.675726 0.816712
vt 3.699307 0.896465
vt 3.668915 0.882083
vt 3.705757 0.876824
vt 3.594713 0.937689
vt 3.568024 0.953788
vt 3.565817 0.926175
vt 3.583789 0.639807
vt 3.570640 0.611812
vt 3.606443 0.608848
vt 3.646291 0.788659
vt 3.606239 0.800816
vt 3.626543 0.777164
vt 3.645970 0.851442
vt 3.678108 0.852154
vt 3.646403 0.872765
vt 3.633751 0.893074
vt 3.633649 0.666665
vt 3.572730 0.677830
vt 3.575657 0.693587
vt 3.676132 0.835984
vt 3.542464 0.690806
vt 3.559787 0.887241
vt 3.574297 0.871006
vt 3.628873 0.763410
vt 3.570396 0.786447
vt 3.560573 0.763431
vt 3.612406 0.817690
vt 3.580541 0.841921
vt 3.574372 0.820633
vt 3.311449 0.885107
vt 3.362224 0.874959
vt 3.417003 0.884564
vt 3.286419 0.728652
vt 3.349759 0.710626
vt 3.294735 0.747843
vt 3.289187 0.779152
vt 3.307196 0.792466
vt 3.284898 0.801205
vt 3.120416 0.492780
vt 3.139129 0.505627
vt 3.122155 0.525608
vt 3.299574 0.871166
vt 3.296432 0.859642
vt 3.378001 0.862331
vt 3.426572 0.661114
vt 3.483415 0.644604
vt 3.483527 0.670840
vt 3.440710 0.690357
vt 3.540743 0.681134
vt 3.422147 0.715126
vt 3.523068 0.892493
vt 3.504771 0.906200
vt 3.500849 0.887412
vt 3.474074 0.879303
vt 3.480427 0.857158
vt 3.498560 0.870215
vt 3.533257 0.671914
vt 3.480164 0.798121
vt 3.468771 0.786395
vt 3.502607 0.769366
vt 3.522157 0.789461
vt 3.529350 0.817755
vt 3.494380 0.833548
vt 3.486792 0.818998
vt 3.343768 0.743925
vt 3.439921 0.733560
vt 3.353872 0.761993
vt 3.380840 0.804675
vt 3.364547 0.821145
vt 3.303441 0.825344
vt 3.336425 0.840244
vt 3.420588 0.831700
vt 3.504785 0.752605
vt 3.457688 0.750029
vt 3.388419 0.717016
vt 3.390332 0.703469
vt 3.464938 0.764424
vt 3.390788 0.785215
vt 3.356478 0.779009
vt 3.459143 0.894499
vt 3.431514 0.941375
vt 3.398503 0.921253
vt 3.461406 0.926063
vt 3.535054 0.837643
vt 3.523834 0.852660
vt 3.054633 0.527358
vt 3.076648 0.527691
vt 3.059795 0.557361
vt 3.525012 0.661557
vt 3.569671 0.659069
vt 3.590163 0.710460
vt 3.621941 0.732501
vt 3.562428 0.747686
vt 3.608912 0.927206
vt 3.292799 0.817017
vt 3.329834 0.805225
vt 3.555535 0.904990
vt 3.503220 0.709389
vt 3.291653 0.842321
vt 3.613832 0.704876
vt 3.624402 0.910752
vt 3.633596 0.921026
vt 3.374442 0.685546
vt 3.517467 0.636494
vt 3.550525 0.610798
vt 3.561436 0.597830
vt 3.638952 0.571130
vt 3.321089 0.921513
vt 3.395132 0.895884
vt 3.270357 0.539502
vt 3.267613 0.558174
vt 3.257569 0.555474
vt 3.512405 0.805398
vt 3.498823 0.916742
vt 3.414696 0.908102
vt 3.569625 0.803767
vt 3.634478 0.681712
vt 3.186736 0.503182
vt 3.167955 0.514871
vt 3.166567 0.494322
vt 3.561031 0.860210
vt 2.294548 0.489911
vt 2.275618 0.460547
vt 2.294599 0.450550
vt 2.250624 0.301500
vt 2.282433 0.201030
vt 2.387440 0.305886
vt 2.320626 0.343210
vt 2.343452 0.264631
vt 2.139655 0.285511
vt 2.138197 0.370349
vt 2.100040 0.236986
vt 2.085062 0.359307
vt 2.090739 0.255041
vt 2.109928 0.428037
vt 2.089854 0.450576
vt 2.103715 0.373022
vt 2.163973 0.422059
vt 2.033042 0.414932
vt 2.019243 0.409852
vt 2.067787 0.352604
vt 2.367699 0.464002
vt 2.344109 0.469760
vt 2.351238 0.444787
vt 2.047944 0.362634
vt 2.022507 0.324070
vt 2.291647 0.307984
vt 2.065703 0.419082
vt 2.354621 0.542198
vt 2.263804 0.425708
vt 2.254262 0.476435
vt 2.331326 0.389981
vt 2.314234 0.452149
vt 2.196016 0.286123
vt 2.253546 0.391780
vt 2.239154 0.446395
vt 2.156521 0.379808
vt 2.374121 0.357344
vt 2.095767 0.185689
vt 2.411445 0.310797
vt 2.214238 0.400400
vt 2.228146 0.411679
vt 3.648899 0.581781
vt 3.639597 0.606990
vt 3.648921 0.692342
vt 3.648369 0.710087
vt 3.721858 0.715080
vt 3.674461 0.754105
vt 3.663733 0.732817
vt 3.722626 0.748500
vt 3.687715 0.767658
vt 3.725024 0.775406
vt 3.788653 0.761340
vt 3.716710 0.794101
vt 3.750382 0.865088
vt 3.751449 0.879843
vt 3.628525 0.560668
vt 3.617665 0.550745
vt 3.677236 0.528223
vt 3.735626 0.842699
vt 3.757859 0.839581
vt 3.728113 0.813475
vt 3.749035 0.812547
vt 3.773639 0.570661
vt 3.824101 0.517277
vt 3.837329 0.530479
vt 3.851642 0.549746
vt 3.742760 0.565987
vt 3.772580 0.534048
vt 3.839886 0.569150
vt 3.842713 0.584307
vt 3.758959 0.592514
vt 3.854016 0.614310
vt 3.856536 0.631184
vt 3.783942 0.655806
vt 3.841622 0.710103
vt 3.824432 0.695356
vt 3.909033 0.675668
vt 3.854524 0.943736
vt 3.894481 0.941634
vt 3.917971 0.970299
vt 3.803574 0.925909
vt 3.849154 0.917806
vt 3.768209 0.498133
vt 3.723128 0.533902
vt 3.722566 0.510279
vt 3.887797 0.489786
vt 3.898676 0.517861
vt 3.938707 0.854115
vt 3.979859 0.834597
vt 3.981760 0.858928
vt 3.931796 0.651159
vt 3.897255 0.638284
vt 3.963138 0.627178
vt 3.909721 0.600480
vt 3.871750 0.592112
vt 3.932480 0.576903
vt 3.992154 0.919509
vt 3.993621 0.930780
vt 3.938910 0.911151
vt 3.981340 0.809695
vt 3.939361 0.812830
vt 3.663654 0.591689
vt 3.694719 0.613699
vt 3.722022 0.587714
vt 3.838009 0.655374
vt 3.733329 0.692217
vt 3.796296 0.779093
vt 3.765928 0.790978
vt 3.812473 0.804152
vt 3.919077 0.546854
vt 3.678595 0.690527
vt 3.662203 0.615319
vt 3.692057 0.671207
vt 3.874622 0.874460
vt 3.940693 0.889757
vt 3.880059 0.890548
vt 3.917684 0.771891
vt 3.962150 0.752411
vt 3.953090 0.786052
vt 3.828878 0.824109
vt 3.829993 0.783218
vt 3.872392 0.813761
vt 3.942440 0.871707
vt 3.982216 0.888279
vt 3.971998 0.938366
vt 3.760590 0.608371
vt 3.837634 0.729276
vt 3.830920 0.761938
vt 3.727152 0.727468
vt 3.870998 0.859721
vt 3.890472 0.923927
vt 3.729892 0.674950
vt 3.705474 0.844956
vt 3.958284 0.981780
vt 3.905728 0.741927
vt 3.921684 0.796547
vt 3.877008 0.906296
vt 3.802471 0.898452
vt 3.776408 0.884013
vt 3.988012 0.791078
vt 3.703383 0.646091
vt 3.851906 0.669017
vt 3.862024 0.845098
vt 3.969269 0.589645
vt 3.926028 0.484752
vt 3.833977 0.487210
vt 3.929893 0.614172
vt 0.474602 0.508794
vt 0.469356 0.510554
vt 0.471561 0.507118
vt 0.469707 0.507421
vt 0.257639 0.964606
vt 0.318714 0.936736
vt 0.318814 0.944341
vt 0.318084 0.947789
vt 0.315840 0.955022
vt 0.322908 0.957447
vt 0.442185 0.882150
vt 0.447009 0.886937
vt 0.441446 0.888152
vt 0.331292 0.952344
vt 0.325686 0.951168
vt 0.328607 0.940194
vt 0.413921 0.980264
vt 0.416958 0.992860
vt 0.385636 0.976112
vt 0.377807 0.981011
vt 0.180553 0.900171
vt 0.189786 0.888709
vt 0.206476 0.903478
vt 0.367799 0.895855
vt 0.373800 0.895352
vt 0.366598 0.943978
vt 0.285879 0.905399
vt 0.291034 0.914003
vt 0.262398 0.913846
vt 0.383757 0.845490
vt 0.420247 0.965997
vt 0.405535 0.962471
vt 0.403650 0.949267
vt 0.395547 0.952567
vt 0.391256 0.952765
vt 0.390338 0.891502
vt 0.398463 0.886721
vt 0.397549 0.908838
vt 0.419500 0.852981
vt 0.380507 0.886739
vt 0.220851 0.912138
vt 0.170905 0.916079
vt 0.210540 0.419512
vt 0.204631 0.447674
vt 0.435111 0.865685
vt 0.427871 0.880535
vt 0.414651 0.893479
vt 0.459571 0.879621
vt 0.458155 0.891810
vt 0.449466 0.867800
vt 0.428540 0.902529
vt 0.432468 0.911904
vt 0.416270 0.903586
vt 0.426890 0.891037
vt 0.442141 0.974001
vt 0.438625 0.956263
vt 0.443823 0.961914
vt 0.419111 0.972352
vt 0.431422 0.948603
vt 0.439092 0.934877
vt 0.168761 0.888690
vt 0.147600 0.889876
vt 0.389711 0.932871
vt 0.438896 0.832788
vt 0.439015 0.822612
vt 0.456737 0.829461
vt 0.386896 0.952033
vt 0.385613 0.962116
vt 0.372621 0.942520
vt 0.417475 0.873423
vt 0.464487 0.885487
vt 0.445025 0.878893
vt 0.441808 0.921273
vt 0.453319 0.914940
vt 0.403368 0.926482
vt 0.413569 0.923257
vt 0.408617 0.834042
vt 0.431703 0.826083
vt 0.381582 0.915693
vt 0.442418 0.985441
vt 0.460809 0.964360
vt 0.458735 0.898887
vt 0.243568 0.920363
vt 0.200887 0.917949
vt 0.427503 0.919551
vt 0.461017 0.934336
vt 0.233512 0.908242
vt 0.232263 0.893951
vt 0.259915 0.897676
vt 0.470899 0.917839
vt 0.406664 0.846308
vt 0.476919 0.881764
vt 0.450278 0.857058
vt 0.402013 0.890794
vt 0.417962 0.946995
vt 0.476642 0.977551
vt 0.227717 0.414471
vt 0.221151 0.414610
vt 0.160541 0.584833
vt 0.208636 0.548078
vt 0.188184 0.620420
vt 0.203135 0.484444
vt 0.206239 0.515565
vt 0.214729 0.607682
vt 0.253327 0.947713
vt 0.241578 0.952779
vt 0.257839 0.936840
vt 0.473429 0.510894
vt 0.273740 0.942140
vt 0.269993 0.948193
vt 0.429557 0.601196
vt 0.429126 0.596685
vt 0.435129 0.598657
vt 0.061425 0.939890
vt 0.071514 0.931219
vt 0.073850 0.942218
vt 0.114061 0.921941
vt 0.094624 0.920019
vt 0.111615 0.913901
vt 0.045158 0.939649
vt 0.364703 0.584250
vt 0.352799 0.579865
vt 0.364648 0.612540
vt 0.419296 0.613461
vt 0.440419 0.600891
vt 0.436837 0.597930
vt 0.426140 0.585920
vt 0.386147 0.612433
vt 0.411094 0.624911
vt 0.383987 0.579099
vt 0.395738 0.610267
vt 0.384429 0.595356
vt 0.393161 0.603188
vt 0.400323 0.576069
vt 0.396166 0.589038
vt 0.081849 0.933703
vt 0.402570 0.591791
vt 0.388537 0.598402
vt 0.409846 0.605453
vt 0.070632 0.919170
vt 0.055722 0.922724
vt 0.418944 0.588862
vt 0.141709 0.926388
vt 0.133485 0.934803
vt 0.126235 0.949799
vt 0.101427 0.946856
vt 0.147672 0.937786
vt 0.025420 0.937871
vt 0.021609 0.926581
vt 0.034660 0.926551
vt 3.002608 0.310476
vt 3.002982 0.303772
vt 3.007913 0.306750
vt 3.845901 0.319213
vt 3.848314 0.334251
vt 3.841188 0.337168
vt 3.853089 0.330322
vt 3.831629 0.339821
vt 3.815490 0.344049
vt 3.803812 0.336273
vt 3.819139 0.351882
vt 3.812010 0.352039
vt 3.856293 0.308839
vt 3.984335 0.345113
vt 3.968064 0.364216
vt 3.971642 0.340589
vt 3.946650 0.341325
vt 3.940628 0.341956
vt 3.950041 0.327240
vt 3.825921 0.323863
vt 3.810926 0.331485
vt 3.977473 0.368149
vt 3.989182 0.373493
vt 3.838857 0.310272
vt 3.832787 0.293872
vt 3.821752 0.345442
vt 3.097772 0.003790
vt 3.106302 0.020264
vt 3.094249 0.023697
vt 3.999784 0.363214
vt 3.994410 0.345998
vt 3.015136 0.334137
vt 3.022444 0.342518
vt 3.004506 0.337548
vt 3.083881 0.048069
vt 3.074546 0.043130
vt 3.084540 0.039463
vt 3.020431 0.295505
vt 3.025302 0.303838
vt 3.010045 0.298466
vt 3.093985 0.036636
vt 3.092909 0.043502
vt 3.036393 0.337912
vt 3.066853 0.034372
vt 3.065360 0.015891
vt 3.078557 0.035333
vt 3.018377 0.081618
vt 3.021641 0.087144
vt 3.013675 0.085710
vt 3.075798 0.022741
vt 3.096929 0.037522
vt 3.099157 0.045999
vt 3.050167 0.331504
vt 3.041236 0.323089
vt 3.054177 0.318023
vt 3.086515 0.451747
vt 3.103079 0.468026
vt 3.087249 0.477172
vt 3.025435 0.328193
vt 3.012676 0.322629
vt 3.024089 0.315676
vt 3.758867 0.156817
vt 3.773831 0.128975
vt 3.764542 0.180547
vt 3.057558 0.014837
vt 3.084028 0.021035
vt 3.084864 0.017354
vt 3.090358 0.012984
vt 3.104847 0.002050
vt 3.030250 0.482264
vt 3.023936 0.468709
vt 3.057498 0.480776
vt 3.759974 0.229114
vt 3.773616 0.232159
vt 3.041881 0.330941
vt 3.109883 0.002773
vt 3.040913 0.308181
vt 3.050658 0.308700
vt 3.784359 0.126762
vt 3.781801 0.151884
vt 3.042185 0.299515
vt 3.764858 0.123018
vt 3.744030 0.114759
vt 3.733099 0.151836
vt 3.750851 0.186076
vt 3.831973 0.114859
vt 3.852844 0.112375
vt 3.851954 0.144297
vt 3.869863 0.451827
vt 3.853765 0.403793
vt 3.862642 0.402933
vt 3.817975 0.116296
vt 3.824059 0.136619
vt 3.874904 0.132391
vt 3.871559 0.172075
vt 3.304607 0.459447
vt 3.287745 0.434377
vt 3.299359 0.426983
vt 3.129518 0.446604
vt 3.791138 0.109443
vt 3.808530 0.136111
vt 3.180798 0.444002
vt 3.173510 0.472416
vt 3.161095 0.455984
vt 3.198810 0.448310
vt 3.218613 0.408493
vt 3.226696 0.445141
vt 3.139234 0.436132
vt 3.148365 0.458218
vt 3.271234 0.470424
vt 3.280553 0.496068
vt 3.275421 0.514188
vt 3.058061 0.464892
vt 3.086206 0.417853
vt 3.107105 0.435801
vt 3.074803 0.457329
vt 3.076057 0.481995
vt 3.948506 0.371533
vt 3.125863 0.405924
vt 3.148534 0.406383
vt 3.044075 0.440032
vt 3.822767 0.196907
vt 3.795097 0.176781
vt 3.821110 0.173246
vt 3.042790 0.516778
vt 3.297638 0.496762
vt 3.287179 0.474047
vt 3.304994 0.481369
vt 3.297219 0.523668
vt 3.807864 0.203944
vt 3.228119 0.462052
vt 3.775161 0.188129
vt 3.912691 0.442077
vt 3.881239 0.430973
vt 3.903316 0.424645
vt 3.850905 0.209831
vt 3.867091 0.222624
vt 3.853745 0.232472
vt 3.821048 0.238204
vt 3.789356 0.236603
vt 3.325979 0.454028
vt 3.057097 0.433207
vt 3.256218 0.421479
vt 3.242487 0.462428
vt 3.228558 0.524062
vt 3.736158 0.265038
vt 3.727845 0.200156
vt 3.738321 0.194948
vt 3.019903 0.448704
vt 3.008641 0.458280
vt 3.851308 0.162743
vt 3.841548 0.185626
vt 3.183198 0.383300
vt 3.186934 0.421233
vt 3.275100 0.432985
vt 3.772473 0.106357
vt 3.743304 0.264118
vt 3.314596 0.496960
vt 3.810923 0.053989
vt 3.831575 0.058980
vt 3.821320 0.088033
vt 3.099185 0.495356
vt 3.157223 0.477510
vt 3.162541 0.432813
vt 3.011131 0.066876
vt 3.006549 0.070560
vt 3.892955 0.454249
vt 3.234920 0.407566
vt 3.241760 0.531477
vt 3.810510 0.098745
vt 3.805900 0.085296
vt 3.206092 0.395140
vt 3.260388 0.468889
vt 3.749081 0.265578
vt 3.991852 0.400122
vt 3.996143 0.447314
vt 3.982725 0.434138
vt 3.927326 0.423367
vt 3.948925 0.402290
vt 3.941120 0.442301
vt 3.964049 0.382452
vt 3.967764 0.400922
vt 3.787566 0.258537
vt 3.898276 0.399800
vt 3.789940 0.341902
vt 3.784923 0.330008
vt 3.949317 0.460788
vt 3.791868 0.052275
vt 3.790875 0.080864
vt 3.999177 0.378912
vt 3.125671 0.346391
vt 3.132939 0.343071
vt 3.132754 0.347952
vt 3.907220 0.368457
vt 3.925870 0.391763
vt 3.871669 0.390275
vt 3.830595 0.272540
vt 3.815457 0.286839
vt 3.885719 0.373831
vt 3.897383 0.345027
vt 3.928869 0.367580
vt 3.744570 0.294567
vt 3.876529 0.356951
vt 3.871678 0.360353
vt 3.872330 0.353000
vt 3.859179 0.293630
vt 3.844250 0.265758
vt 3.799910 0.279938
vt 3.928217 0.340482
vt 3.915237 0.344605
vt 3.920239 0.333610
vt 3.862886 0.361832
vt 3.851846 0.354411
vt 3.854339 0.350061
vt 3.801655 0.350168
vt 3.796420 0.355483
vt 3.795031 0.352329
vt 3.929204 0.319381
vt 3.923446 0.315119
vt 3.918177 0.323141
vt 3.193058 0.024272
vt 3.187885 0.037304
vt 3.185742 0.026045
vt 3.771590 0.331644
vt 3.772569 0.327624
vt 3.776211 0.332559
vt 3.232750 0.367266
vt 3.224370 0.371005
vt 3.222138 0.364605
vt 3.892839 0.334370
vt 3.892678 0.328824
vt 3.900720 0.328041
vt 3.882773 0.336199
vt 3.880218 0.344816
vt 3.879745 0.338687
vt 3.855479 0.379965
vt 3.765079 0.324554
vt 3.765005 0.314386
vt 3.938508 0.322244
vt 3.934182 0.320674
vt 3.906510 0.342813
vt 3.204192 0.367485
vt 3.210806 0.368088
vt 3.200428 0.373757
vt 3.797812 0.321281
vt 3.303646 0.021723
vt 3.308285 0.029900
vt 3.297925 0.023807
vt 3.782786 0.297816
vt 3.773178 0.263952
vt 3.753418 0.297776
vt 3.762299 0.318178
vt 3.761827 0.298156
vt 3.892313 0.344360
vt 3.760944 0.274308
vt 3.794791 0.344627
vt 3.792179 0.347551
vt 3.227701 0.375033
vt 3.221666 0.378659
vt 3.864529 0.341852
vt 3.867388 0.338064
vt 3.869027 0.347883
vt 3.346985 0.024158
vt 3.330026 0.019878
vt 3.337276 0.016978
vt 3.013947 0.055745
vt 3.019238 0.055138
vt 3.019724 0.073972
vt 3.127275 0.354633
vt 3.134801 0.353682
vt 3.207183 0.361540
vt 3.231313 0.360974
vt 3.224969 0.381917
vt 3.207686 0.383871
vt 3.370210 0.065413
vt 3.373537 0.051245
vt 3.379395 0.068139
vt 3.157552 0.359137
vt 3.144522 0.354450
vt 3.158072 0.352623
vt 3.145879 0.348639
vt 3.162076 0.347748
vt 3.347420 0.014086
vt 3.332855 0.005205
vt 3.326125 0.023631
vt 3.320378 0.020896
vt 3.324309 0.017881
vt 3.328847 0.029873
vt 3.340954 0.029050
vt 3.349125 0.038074
vt 3.167352 0.353152
vt 3.210785 0.377111
vt 3.200984 0.378378
vt 3.321706 0.012242
vt 3.326988 0.011511
vt 3.325244 0.014261
vt 3.189085 0.017436
vt 3.183234 0.017005
vt 3.166025 0.363962
vt 3.023613 0.082640
vt 3.178486 0.026072
vt 3.182873 0.008866
vt 3.943035 0.332851
vt 3.332826 0.015332
vt 3.289798 0.023668
vt 3.294013 0.017784
vt 3.294925 0.023486
vt 3.311500 0.024721
vt 3.806427 0.349428
vt 3.799844 0.341862
vt 3.845009 0.290679
vt 3.027518 0.082031
vt 3.107475 0.344037
vt 3.114093 0.338225
vt 3.358049 0.057593
vt 3.362033 0.052385
vt 3.364025 0.060891
vt 3.200143 0.017667
vt 3.204434 0.034332
vt 3.101905 0.338673
vt 3.097721 0.344932
vt 3.191327 0.011639
vt 3.193425 0.010616
vt 3.189966 0.004534
vt 3.859265 0.346727
vt 3.946799 0.292008
vt 3.933764 0.288074
vt 3.943005 0.270392
vt 3.199689 0.366339
vt 3.782363 0.340095
vt 3.779662 0.335699
vt 3.026162 0.073175
vt 3.030321 0.084458
vt 3.176325 0.012509
vt 3.325922 0.005942
vt 3.179198 0.037278
vt 3.172449 0.034945
vt 3.102263 0.353805
vt 3.097897 0.340210
vt 3.348930 0.019854
vt 3.110574 0.352077
vt 3.921567 0.193008
vt 3.929803 0.198323
vt 3.925913 0.231679
vt 3.914965 0.182738
vt 3.904577 0.189300
vt 3.885578 0.190621
vt 3.887058 0.229271
vt 3.909555 0.236050
vt 3.900055 0.241042
vt 3.890385 0.242333
vt 3.883490 0.244308
vt 3.295122 0.020953
vt 3.912828 0.273068
vt 3.921474 0.263748
vt 3.929204 0.274557
vt 3.296149 0.029653
vt 3.367538 0.049583
vt 3.367178 0.042481
vt 3.374882 0.045067
vt 3.379073 0.049904
vt 3.288674 0.018332
vt 3.294020 0.014254
vt 3.309234 0.017390
vt 3.301423 0.007573
vt 3.298822 0.017985
vt 3.953331 0.274384
vt 3.969776 0.272109
vt 3.983495 0.272484
vt 3.980686 0.288626
vt 3.288436 0.544195
vt 3.092790 0.521937
vt 3.086061 0.529778
vt 1.086064 0.875488
vt 1.993108 0.596448
vt 1.987953 0.609179
vt 0.270150 0.964376
vt 2.856632 0.199140
vt 2.837764 0.169350
vt 2.869936 0.187032
vt 2.837964 0.984536
vt 2.818770 0.965666
vt 2.878262 0.977047
vt 2.852172 0.141250
vt 2.839921 0.152668
vt 2.800888 0.110274
vt 2.903169 0.934262
vt 2.854255 0.914923
vt 2.892381 0.902126
vt 2.693822 0.089912
vt 2.701751 0.042510
vt 2.701714 0.096521
vt 2.922710 0.899707
vt 2.856946 0.877512
vt 2.885114 0.871298
vt 2.832581 0.051650
vt 2.821529 0.024309
vt 2.831405 0.021810
vt 2.936545 0.109997
vt 2.939894 0.166563
vt 2.927371 0.166672
vt 2.757528 0.923712
vt 2.761339 0.927002
vt 2.757993 0.926893
vt 2.904813 0.958700
vt 2.862481 0.954164
vt 2.882891 0.165679
vt 2.511318 0.071490
vt 2.522805 0.064978
vt 2.527475 0.074848
vt 2.011131 0.806875
vt 2.025926 0.801248
vt 2.026437 0.806186
vt 2.901477 0.972104
vt 2.844774 0.100819
vt 2.825375 0.107769
vt 2.921237 0.054872
vt 2.877038 0.066291
vt 2.889180 0.047267
vt 2.776583 0.940053
vt 2.778677 0.932169
vt 2.793406 0.939566
vt 2.821804 0.062736
vt 2.839168 0.065245
vt 2.777190 0.923741
vt 2.768887 0.928431
vt 2.841119 0.018183
vt 2.852192 0.024350
vt 2.840867 0.035632
vt 2.881578 0.114355
vt 2.869513 0.087192
vt 2.864000 0.849318
vt 2.874972 0.843124
vt 2.929819 0.874768
vt 2.917246 0.851896
vt 2.939055 0.871768
vt 2.860452 0.929088
vt 2.812889 0.938566
vt 2.802557 0.923564
vt 2.792042 0.909152
vt 2.804292 0.896850
vt 2.814013 0.912068
vt 2.779168 0.890661
vt 2.908056 0.076454
vt 2.938927 0.395486
vt 2.965077 0.385444
vt 2.959248 0.397537
vt 2.042326 0.787204
vt 2.042121 0.793281
vt 2.029258 0.785355
vt 2.825267 0.086981
vt 2.818176 0.089107
vt 2.794437 0.857185
vt 2.819647 0.869682
vt 2.796589 0.871464
vt 2.807607 0.100120
vt 2.798748 0.093057
vt 2.816241 0.150059
vt 2.806195 0.149621
vt 2.784341 0.103220
vt 2.462885 0.081337
vt 2.469883 0.066225
vt 2.458726 0.112195
vt 2.926000 0.099450
vt 2.904521 0.152396
vt 2.769167 0.915531
vt 2.856022 0.041252
vt 2.907118 0.173009
vt 2.904809 0.198046
vt 2.386289 0.503799
vt 2.385934 0.510046
vt 2.386053 0.513294
vt 2.688644 0.034890
vt 2.660990 0.041591
vt 2.665486 0.029571
vt 2.792969 0.951851
vt 2.791152 0.959239
vt 2.778789 0.969019
vt 2.780129 0.963146
vt 2.838103 0.885525
vt 2.949111 0.068881
vt 2.943512 0.084589
vt 2.940494 0.055121
vt 2.895113 0.016941
vt 2.890627 0.020960
vt 2.892174 0.014470
vt 2.860787 0.009942
vt 2.868665 0.033030
vt 2.095474 0.068859
vt 2.092385 0.093360
vt 2.085680 0.068737
vt 2.414106 0.519218
vt 2.401298 0.510338
vt 2.419030 0.511050
vt 2.780242 0.853158
vt 2.778470 0.859255
vt 2.883260 0.012690
vt 2.890059 0.012077
vt 2.811411 0.849456
vt 2.848237 0.850434
vt 2.471551 0.107534
vt 2.762041 0.880753
vt 2.772477 0.882477
vt 2.760944 0.886242
vt 2.769720 0.901468
vt 2.944603 0.197987
vt 2.953327 0.181083
vt 2.954826 0.198524
vt 2.041952 0.003024
vt 2.040041 0.034280
vt 2.037223 0.003234
vt 2.920389 0.881028
vt 2.879167 0.836509
vt 2.480653 0.532342
vt 2.456676 0.518508
vt 2.484123 0.522621
vt 2.811862 0.994755
vt 2.799411 0.985768
vt 2.841106 0.993811
vt 2.882141 0.988781
vt 2.533039 0.068902
vt 2.534875 0.058390
vt 2.539864 0.065877
vt 2.045487 0.801727
vt 2.041720 0.079417
vt 2.054343 0.072255
vt 2.052193 0.088389
vt 2.838342 0.830885
vt 2.842654 0.827914
vt 2.844579 0.835377
vt 2.593267 0.014137
vt 2.598219 0.007012
vt 2.621130 0.013233
vt 2.449868 0.113526
vt 2.447098 0.103151
vt 2.457054 0.104424
vt 2.855900 0.840644
vt 2.801332 0.957316
vt 2.830290 0.949051
vt 2.950367 0.860894
vt 2.957820 0.099315
vt 2.951100 0.155964
vt 2.950508 0.119266
vt 2.765847 0.874513
vt 2.906255 0.021323
vt 2.904752 0.036658
vt 2.874249 0.006291
vt 2.766968 0.908543
vt 2.780697 0.948444
vt 2.934325 0.193998
vt 2.920407 0.196673
vt 2.787670 0.844852
vt 2.926520 0.037018
vt 2.930512 0.030113
vt 2.933809 0.035541
vt 2.782195 0.887875
vt 2.807047 0.970534
vt 2.046323 0.019289
vt 2.053448 0.006286
vt 2.453636 0.529213
vt 2.413358 0.526079
vt 2.838971 0.837494
vt 2.828447 0.840320
vt 2.488039 0.067095
vt 2.476583 0.075437
vt 2.475020 0.068774
vt 2.708370 0.034481
vt 2.707312 0.061955
vt 2.695723 0.044269
vt 2.861729 0.209406
vt 2.879075 0.205791
vt 2.905875 0.984185
vt 2.920440 0.976919
vt 2.439558 0.113283
vt 2.885402 0.826227
vt 2.866047 0.819008
vt 2.877213 0.810041
vt 2.880960 0.146039
vt 2.770463 0.954786
vt 2.862924 0.809478
vt 2.055063 0.797166
vt 2.060597 0.796732
vt 2.054856 0.802936
vt 2.075017 0.000704
vt 2.080986 0.005543
vt 2.079226 0.029908
vt 2.449103 0.080195
vt 2.460560 0.060642
vt 2.701667 0.024093
vt 2.457955 0.020159
vt 2.447747 0.029097
vt 2.449148 0.014391
vt 2.715260 0.063857
vt 2.717494 0.025082
vt 2.453933 0.050000
vt 2.446220 0.046721
vt 2.967228 0.326072
vt 2.965393 0.345081
vt 2.934299 0.326809
vt 2.460007 0.031314
vt 2.451612 0.511753
vt 2.479446 0.512020
vt 2.732255 0.061715
vt 2.723132 0.054386
vt 2.729074 0.020235
vt 2.463753 0.048752
vt 2.440592 0.024785
vt 2.455408 0.008275
vt 2.464113 0.013577
vt 2.706604 0.009119
vt 2.710197 0.021869
vt 2.064021 0.035922
vt 2.058875 0.050982
vt 2.047106 0.035645
vt 2.041243 0.768132
vt 2.040603 0.774699
vt 2.022387 0.765686
vt 2.469660 0.032833
vt 2.721980 0.030962
vt 2.723791 0.009583
vt 2.448316 0.009617
vt 2.798255 0.997756
vt 2.796994 0.993532
vt 2.047519 0.054921
vt 2.451440 0.490968
vt 2.445026 0.503610
vt 2.415753 0.498863
vt 2.052483 0.106302
vt 2.045122 0.106294
vt 2.046759 0.094970
vt 2.965047 0.366536
vt 2.968171 0.384686
vt 2.776065 0.968022
vt 2.772923 0.964572
vt 2.401492 0.505015
vt 2.067780 0.101484
vt 2.061465 0.106476
vt 2.061249 0.088270
vt 2.931128 0.372605
vt 2.929574 0.384118
vt 2.116829 0.058160
vt 2.113307 0.047975
vt 2.115560 0.026053
vt 2.128785 0.049325
vt 2.131374 0.070118
vt 2.126796 0.059828
vt 2.954362 0.359956
vt 2.944876 0.042767
vt 2.954858 0.045409
vt 2.389062 0.519796
vt 2.135276 0.071912
vt 2.143036 0.042303
vt 2.133738 0.014294
vt 2.126884 0.017920
vt 2.135005 0.003058
vt 2.120982 0.032113
vt 2.121760 0.001766
vt 2.428443 0.139891
vt 2.417823 0.131868
vt 2.418126 0.116254
vt 2.622009 0.038135
vt 2.594957 0.028250
vt 2.617464 0.029228
vt 2.457579 0.498154
vt 2.144139 0.053249
vt 2.152122 0.016375
vt 2.418628 0.147324
vt 2.409675 0.162894
vt 2.409490 0.192014
vt 2.412519 0.188689
vt 2.419008 0.197815
vt 2.434528 0.138017
vt 2.426701 0.165808
vt 2.659163 0.005081
vt 2.623514 0.003431
vt 2.419734 0.182943
vt 2.428483 0.184456
vt 2.425340 0.193911
vt 2.139581 0.019646
vt 2.121351 0.071273
vt 2.127345 0.072804
vt 2.125198 0.076241
vt 2.960959 0.313927
vt 2.420710 0.192631
vt 2.105073 0.005011
vt 2.102323 0.030803
vt 2.099095 0.009723
vt 2.122638 0.056951
vt 2.417074 0.162473
vt 2.118317 0.071601
vt 2.113749 0.062436
vt 2.684507 0.018207
vt 2.678412 0.024361
vt 2.659988 0.018873
vt 2.637907 0.027838
vt 2.090266 0.027554
vt 2.087560 0.000993
vt 2.108117 0.032427
vt 2.103853 0.070535
vt 2.675814 0.002137
vt 2.686553 0.013509
vt 2.639026 0.012951
vt 2.078339 0.064802
vt 2.079035 0.083155
vt 2.100621 0.091079
vt 2.085022 0.050470
vt 2.823916 0.174953
vt 2.934397 0.339309
vt 2.588949 0.021105
vt 2.588090 0.013208
vt 2.104967 0.099715
vt 2.097493 0.107053
vt 2.085868 0.084577
vt 2.085796 0.104848
vt 2.606247 0.022371
vt 2.608697 0.018264
vt 2.861040 0.812702
vt 2.956580 0.061869
vt 2.856046 0.857718
vt 2.901486 0.824243
vt 2.869536 0.800892
vt 2.026428 0.779235
vt 2.003179 0.782190
vt 2.001627 0.773472
vt 2.010596 0.800712
vt 2.018726 0.793118
vt 2.015891 0.771492
vt 2.047049 0.782671
vt 2.497228 0.055384
vt 2.517132 0.053592
vt 2.508863 0.059584
vt 2.530289 0.052723
vt 2.094360 0.042706
vt 2.756435 0.934784
vt 2.045383 0.807229
vt 2.536794 0.074119
vt 2.056436 0.779164
vt 2.055081 0.784006
vt 2.930433 0.458748
vt 2.939657 0.449704
vt 2.960090 0.452265
vt 2.942908 0.979420
vt 2.962993 0.287879
vt 2.961674 0.305196
vt 2.935300 0.293896
vt 2.387995 0.498521
vt 2.382926 0.500873
vt 2.057073 0.788172
vt 2.060982 0.787951
vt 2.133047 0.037274
vt 2.790580 0.877047
vt 2.964674 0.463360
vt 2.945058 0.990054
vt 2.899947 0.219796
vt 2.917437 0.226030
vt 3.963018 0.339373
vt 3.967231 0.333864
vt 3.994257 0.333207
vt 3.989705 0.333706
vt 3.824830 0.350895
vt 3.828292 0.347071
vt 3.957877 0.333846
vt 3.963446 0.333012
vt 3.077921 0.001472
vt 3.065512 0.000391
vt 3.005599 0.318768
vt 3.004859 0.329746
vt 3.001791 0.327275
vt 3.015542 0.308456
vt 5.520236 0.771808
vt 5.554363 0.718150
vt 5.532179 0.800075
vt 5.666562 0.376544
vt 5.673501 0.400061
vt 5.648143 0.399082
vt 5.621924 0.587726
vt 5.631585 0.461672
vt 5.671799 0.564335
vt 5.570527 0.632158
vt 5.597851 0.719329
vt 5.562559 0.672657
vt 5.571652 0.467854
vt 5.582746 0.576198
vt 5.633571 0.799141
vt 5.714085 0.707123
vt 5.741207 0.742217
vt 5.474339 0.874614
vt 5.453900 0.846008
vt 5.481846 0.807409
vt 5.762456 0.767646
vt 5.711099 0.838786
vt 5.673606 0.595580
vt 5.670723 0.630435
vt 5.677795 0.429291
vt 5.679392 0.516868
vt 5.596690 0.410143
vt 5.627074 0.416106
vt 5.627810 0.391280
vt 5.599337 0.355180
vt 5.698223 0.405056
vt 5.460546 0.825643
vt 5.695081 0.667829
vt 5.501494 0.619200
vt 5.463385 0.639220
vt 5.528912 0.582128
vt 5.522998 0.603514
vt 5.533396 0.527640
vt 5.414549 0.691486
vt 5.375810 0.690377
vt 5.394122 0.646328
vt 5.430123 0.816638
vt 5.420019 0.808784
vt 5.437261 0.794521
vt 5.454774 0.791473
vt 5.408721 0.746611
vt 5.482583 0.767087
vt 5.457171 0.777788
vt 5.449130 0.758325
vt 5.555119 0.654451
vt 5.562814 0.547720
vt 5.550455 0.565914
vt 5.512648 0.706263
vt 5.505456 0.689577
vt 5.528795 0.680197
vt 5.550801 0.516451
vt 5.536012 0.711589
vt 5.514006 0.729402
vt 5.449775 0.706885
vt 5.463827 0.683460
vt 5.469562 0.701080
vt 5.562812 0.614177
vt 5.540321 0.664849
vt 5.524116 0.654971
vt 5.548809 0.641661
vt 5.484178 0.646236
vt 5.567744 0.586353
vt 5.564422 0.574310
vt 5.497128 0.745376
vt 5.461500 0.731573
vt 5.431137 0.733711
vt 5.498750 0.529742
vt 5.570827 0.264173
vt 5.554410 0.289820
vt 5.536268 0.246115
vt 5.285321 0.506691
vt 5.256440 0.506895
vt 5.262789 0.456550
vt 5.437962 0.865721
vt 5.442174 0.909468
vt 5.425760 0.887832
vt 5.886999 0.780612
vt 5.899109 0.825709
vt 5.880127 0.811645
vt 5.891006 0.838619
vt 5.899542 0.840431
vt 5.924876 0.814515
vt 5.569838 0.866318
vt 5.579739 0.832084
vt 5.589109 0.849862
vt 5.573509 0.897752
vt 5.591049 0.894792
vt 5.887197 0.846781
vt 5.863204 0.861315
vt 5.862001 0.821515
vt 5.886215 0.876682
vt 5.469109 0.163135
vt 5.459139 0.122995
vt 5.482958 0.144487
vt 5.501809 0.476682
vt 5.491048 0.494220
vt 5.487270 0.464695
vt 5.559989 0.481240
vt 5.540691 0.492984
vt 5.540160 0.461778
vt 5.427958 0.171311
vt 5.414266 0.182838
vt 5.405834 0.161127
vt 5.438540 0.150554
vt 5.520872 0.485991
vt 5.729514 0.051682
vt 5.721793 0.002944
vt 5.746283 0.030136
vt 5.595005 0.101608
vt 5.589761 0.055786
vt 5.619922 0.077807
vt 5.704630 0.329859
vt 5.713182 0.283262
vt 5.718765 0.314090
vt 5.772927 0.293092
vt 5.748021 0.281258
vt 5.764141 0.261072
vt 5.696958 0.304485
vt 5.694300 0.282189
vt 5.760295 0.076896
vt 5.752080 0.055735
vt 5.757763 0.048024
vt 5.703827 0.858160
vt 5.687023 0.869995
vt 5.692519 0.844344
vt 5.647537 0.863716
vt 5.644863 0.848681
vt 5.654390 0.868998
vt 5.776279 0.064222
vt 5.778307 0.086345
vt 5.798507 0.087347
vt 5.758906 0.087576
vt 5.444609 0.193843
vt 5.457356 0.168224
vt 5.596019 0.129457
vt 5.573607 0.108478
vt 5.517797 0.291499
vt 5.530688 0.268660
vt 5.751162 0.309549
vt 5.735841 0.290284
vt 5.507752 0.446062
vt 5.870813 0.085417
vt 5.859491 0.049869
vt 5.869125 0.039363
vt 5.681148 0.041543
vt 5.690638 0.020249
vt 5.694446 0.048987
vt 5.486553 0.180777
vt 5.676551 0.863597
vt 5.426451 0.927363
vt 5.507451 0.270264
vt 5.668617 0.311948
vt 5.665619 0.276181
vt 5.677668 0.282178
vt 5.259830 0.531089
vt 5.240383 0.509882
vt 5.905360 0.773225
vt 5.922387 0.775568
vt 5.574673 0.298213
vt 5.742029 0.057643
vt 5.887614 0.196340
vt 5.881080 0.170938
vt 5.886961 0.163174
vt 5.457480 0.870268
vt 5.669722 0.825617
vt 5.902661 0.085711
vt 5.902177 0.044898
vt 5.907684 0.047200
vt 5.560439 0.834076
vt 5.552837 0.891169
vt 5.928422 0.168336
vt 5.922459 0.191660
vt 5.923394 0.163413
vt 5.794837 0.076512
vt 5.796854 0.048392
vt 5.543085 0.860601
vt 5.548315 0.855457
vt 5.689235 0.334342
vt 5.633891 0.091983
vt 5.613397 0.106729
vt 5.898435 0.146534
vt 5.750047 0.449216
vt 5.830305 0.529639
vt 5.737281 0.536335
vt 5.888022 0.653528
vt 5.838885 0.680276
vt 5.820089 0.627763
vt 5.847972 0.593854
vt 5.752763 0.612194
vt 5.731098 0.604100
vt 5.726140 0.575985
vt 5.752410 0.632954
vt 5.775808 0.646315
vt 5.749042 0.679974
vt 5.728792 0.687437
vt 5.720027 0.664060
vt 5.705506 0.672539
vt 5.701634 0.650139
vt 5.744344 0.712921
vt 5.785193 0.688268
vt 5.792158 0.670373
vt 5.807167 0.700932
vt 5.764889 0.732184
vt 5.763724 0.710639
vt 5.856668 0.730581
vt 5.887155 0.717966
vt 5.875883 0.739971
vt 5.840888 0.779277
vt 5.838578 0.803441
vt 5.828936 0.774687
vt 5.849732 0.822334
vt 5.862173 0.799029
vt 5.822968 0.823692
vt 5.791274 0.781297
vt 5.817167 0.796836
vt 5.813702 0.774855
vt 5.804310 0.759279
vt 5.835505 0.718281
vt 5.852687 0.701251
vt 5.821843 0.742157
vt 5.774155 0.755093
vt 5.821644 0.707735
vt 5.800061 0.720853
vt 5.695127 0.580216
vt 5.686094 0.605172
vt 5.692114 0.558162
vt 5.720465 0.429356
vt 5.881236 0.772704
vt 5.878136 0.766815
vt 5.888570 0.742324
vt 5.769941 0.662424
vt 5.702776 0.621795
vt 5.745101 0.693238
vt 5.103389 0.058710
vt 5.117476 0.083306
vt 5.092731 0.089621
vt 5.152555 0.046916
vt 5.169632 0.073571
vt 5.150773 0.090646
vt 5.138719 0.061321
vt 5.528738 0.179503
vt 5.567079 0.170540
vt 5.551404 0.186708
vt 5.506073 0.161198
vt 5.536228 0.165344
vt 5.529513 0.134564
vt 5.569776 0.125777
vt 5.566581 0.141490
vt 5.172844 0.527152
vt 5.181651 0.560438
vt 5.152911 0.549935
vt 5.000681 0.041339
vt 5.013670 0.016247
vt 5.031953 0.031897
vt 5.017861 0.056185
vt 5.047648 0.023881
vt 5.065909 0.029255
vt 5.056371 0.078538
vt 5.351724 0.602074
vt 5.364516 0.629704
vt 5.345282 0.634029
vt 5.378669 0.600564
vt 5.388490 0.636878
vt 5.629514 0.133152
vt 5.626362 0.169342
vt 5.608906 0.141185
vt 5.762075 0.448622
vt 5.786868 0.406996
vt 5.788293 0.436027
vt 5.602527 0.042162
vt 5.612099 0.015695
vt 5.617190 0.060682
vt 5.632633 0.043050
vt 5.651168 0.018365
vt 5.651424 0.059593
vt 5.762141 0.217742
vt 5.767420 0.245169
vt 5.759240 0.254461
vt 5.810472 0.287694
vt 5.832631 0.270182
vt 5.826839 0.310396
vt 5.856299 0.271782
vt 5.871972 0.289066
vt 5.866270 0.291031
vt 5.744900 0.217672
vt 5.740133 0.273848
vt 5.720979 0.219701
vt 5.714638 0.255447
vt 5.788987 0.131286
vt 5.793047 0.098160
vt 5.801626 0.148251
vt 5.835534 0.142063
vt 5.829099 0.160175
vt 5.814589 0.091236
vt 5.840491 0.097196
vt 5.701554 0.870944
vt 5.721638 0.898069
vt 5.697774 0.903913
vt 5.741467 0.867746
vt 5.747941 0.900718
vt 5.846561 0.139361
vt 5.853374 0.105804
vt 5.853712 0.144527
vt 5.890175 0.104146
vt 5.870420 0.098272
vt 5.249861 0.568252
vt 5.272716 0.560681
vt 5.263228 0.591561
vt 5.885792 0.903970
vt 5.905513 0.886276
vt 5.915715 0.925280
vt 5.290399 0.547426
vt 5.275949 0.537366
vt 5.260368 0.550148
vt 5.743920 0.201217
vt 5.641939 0.001544
vt 5.290603 0.593512
vt 5.301000 0.572989
vt 5.824740 0.025041
vt 5.853273 0.056710
vt 5.818138 0.058835
vt 5.604964 0.177529
vt 5.120112 0.112427
vt 5.365175 0.653942
vt 5.752755 0.388068
vt 5.773671 0.396948
vt 5.760489 0.402536
vt 5.120440 0.055044
vt 5.583298 0.157580
vt 5.925118 0.902583
vt 5.079314 0.015423
vt 5.409202 0.617744
vt 5.804490 0.043572
vt 5.893579 0.138830
vt 5.889302 0.142444
vt 5.650070 0.140982
vt 5.614571 0.190217
vt 5.656328 0.173516
vt 5.160543 0.517854
vt 5.172000 0.630582
vt 5.127764 0.669333
vt 5.108139 0.646251
vt 5.164695 0.723036
vt 5.196714 0.766644
vt 5.143046 0.808856
vt 5.099614 0.886474
vt 5.180563 0.877734
vt 5.192630 0.934647
vt 5.061785 0.743522
vt 5.123519 0.779673
vt 5.094654 0.829881
vt 5.097553 0.761433
vt 5.082400 0.953780
vt 5.034730 0.877443
vt 5.081959 0.917870
vt 5.065003 0.870472
vt 5.165806 0.993414
vt 5.221363 0.717728
vt 5.103379 0.623022
vt 5.157918 0.703306
vt 5.179051 0.689589
vt 5.165054 0.670645
vt 5.195553 0.665889
vt 5.139928 0.687263
vt 5.217255 0.056423
vt 5.227851 0.035818
vt 5.262022 0.064554
vt 5.259171 0.099343
vt 5.282652 0.247499
vt 5.231489 0.220748
vt 5.209526 0.316941
vt 5.309410 0.366009
vt 5.289154 0.448248
vt 5.362693 0.416220
vt 5.335318 0.334685
vt 5.294809 0.050582
vt 5.333303 0.080964
vt 5.308555 0.089966
vt 5.056933 0.492889
vt 5.079055 0.474091
vt 5.124270 0.536983
vt 5.155221 0.400240
vt 5.228942 0.463610
vt 5.185578 0.495945
vt 5.131619 0.415482
vt 5.218017 0.180717
vt 5.179345 0.085572
vt 5.219160 0.085372
vt 5.222893 0.253459
vt 5.314759 0.232386
vt 5.324597 0.289287
vt 5.242985 0.020052
vt 5.191336 0.069401
vt 5.317343 0.202794
vt 5.414480 0.466486
vt 5.370838 0.481102
vt 5.421912 0.533508
vt 5.378283 0.522122
vt 5.302023 0.006326
vt 5.268378 0.046535
vt 5.275176 0.009738
vt 5.204413 0.012223
vt 5.374078 0.259527
vt 5.371213 0.237034
vt 5.394037 0.273547
vt 5.516866 0.345198
vt 5.469728 0.331848
vt 5.491047 0.290665
vt 5.396654 0.185807
vt 5.416094 0.424362
vt 5.431722 0.443366
vt 5.446600 0.415709
vt 5.440798 0.439785
vt 5.353726 0.274871
vt 5.349923 0.301319
vt 5.329352 0.268952
vt 5.329459 0.240754
vt 5.344301 0.219334
vt 5.354543 0.183950
vt 5.335593 0.227393
vt 5.433098 0.292803
vt 5.393542 0.344608
vt 5.367465 0.345861
vt 5.364544 0.330759
vt 5.412830 0.305833
vt 5.328871 0.150498
vt 5.389298 0.368162
vt 5.357947 0.370930
vt 5.483398 0.359395
vt 5.400057 0.399291
vt 5.412027 0.405421
vt 5.445736 0.362917
vt 5.468332 0.385434
vt 5.440567 0.385540
vt 5.380438 0.389447
vt 5.368097 0.034895
vt 5.348113 0.020412
vt 5.343013 0.313257
vt 5.429742 0.335822
vt 5.498610 0.413519
vt 5.475185 0.395870
vt 5.510862 0.406702
vt 5.500762 0.433711
vt 5.426284 0.357386
vt 5.449992 0.089064
vt 5.459721 0.076354
vt 5.458470 0.111770
vt 5.532162 0.049280
vt 5.519500 0.022665
vt 5.551423 0.003879
vt 5.481838 0.055162
vt 5.510282 0.101657
vt 5.475076 0.101650
vt 5.359917 0.927173
vt 5.356623 0.890420
vt 5.382209 0.911308
vt 5.911656 0.315011
vt 5.908955 0.350538
vt 5.902023 0.305382
vt 5.366841 0.868594
vt 5.866199 0.508220
vt 5.849722 0.537689
vt 5.847952 0.494205
vt 5.894086 0.501150
vt 5.873250 0.475127
vt 5.889910 0.496834
vt 5.907605 0.414516
vt 5.890292 0.467462
vt 5.888293 0.408892
vt 5.886323 0.532694
vt 5.868510 0.540026
vt 5.005364 0.193529
vt 5.008939 0.161564
vt 5.025294 0.211901
vt 5.023862 0.147179
vt 5.013411 0.556955
vt 5.004662 0.532873
vt 5.029702 0.547123
vt 5.064683 0.544132
vt 5.077104 0.557517
vt 5.035901 0.567123
vt 5.602961 0.220415
vt 5.585010 0.213789
vt 5.607656 0.187159
vt 5.621183 0.202291
vt 5.691149 0.100131
vt 5.674080 0.054989
vt 5.697247 0.075262
vt 5.671879 0.103035
vt 5.651762 0.103370
vt 5.789392 0.186168
vt 5.776839 0.199965
vt 5.754967 0.182808
vt 5.397791 0.860652
vt 5.379327 0.849539
vt 5.391777 0.837548
vt 5.439937 0.851391
vt 5.429317 0.862678
vt 5.431798 0.837788
vt 5.802102 0.235370
vt 5.818696 0.249856
vt 5.792573 0.252033
vt 5.778105 0.250148
vt 5.029809 0.506795
vt 5.037908 0.530039
vt 5.434709 0.076135
vt 5.422968 0.097749
vt 5.418256 0.068322
vt 5.859072 0.474254
vt 5.620731 0.218876
vt 5.583364 0.241057
vt 5.786446 0.206494
vt 5.800008 0.197652
vt 5.822168 0.221121
vt 5.725161 0.170058
vt 5.717347 0.196355
vt 5.696239 0.149196
vt 5.878550 0.376735
vt 5.878978 0.403626
vt 5.858939 0.393513
vt 5.779848 0.222107
vt 5.042325 0.165744
vt 5.042560 0.197896
vt 5.852420 0.355443
vt 5.835453 0.382274
vt 5.661059 0.177999
vt 5.673332 0.165159
vt 5.680602 0.194519
vt 5.859876 0.425540
vt 5.757026 0.199031
vt 5.386809 0.868261
vt 5.749656 0.156750
vt 5.771511 0.170330
vt 5.393887 0.928193
vt 5.411149 0.817869
vt 5.570118 0.052414
vt 5.515978 0.061460
vt 5.574455 0.022423
vt 5.842495 0.414336
vt 5.833897 0.398534
vt 5.867488 0.318414
vt 5.886700 0.302550
vt 5.548546 0.201556
vt 5.566495 0.218332
vt 5.554831 0.229567
vt 5.589153 0.038262
vt 5.395277 0.071453
vt 5.406902 0.026972
vt 5.203403 0.292031
vt 5.186676 0.333869
vt 5.188930 0.299760
vt 5.054917 0.324668
vt 5.009154 0.313592
vt 5.056135 0.267398
vt 5.026314 0.235482
vt 5.057753 0.194862
vt 5.163580 0.192332
vt 5.215117 0.233234
vt 5.208697 0.258082
vt 5.199666 0.235827
vt 5.142031 0.270731
vt 5.142141 0.294421
vt 5.118637 0.301823
vt 5.113015 0.248733
vt 5.163333 0.247463
vt 5.167016 0.309643
vt 5.177011 0.319085
vt 5.171054 0.320911
vt 5.158740 0.362467
vt 5.143226 0.366331
vt 5.146520 0.337921
vt 5.123090 0.357953
vt 5.133309 0.370114
vt 5.096671 0.343415
vt 5.055290 0.352668
vt 5.046570 0.478775
vt 5.042345 0.385521
vt 5.045549 0.406539
vt 5.019361 0.388425
vt 5.059852 0.375451
vt 5.115407 0.415705
vt 5.098960 0.409226
vt 5.110602 0.390876
vt 5.131498 0.389378
vt 5.070953 0.367457
vt 5.167015 0.124010
vt 5.200250 0.209660
vt 5.168461 0.343115
vt 5.193618 0.275660
vt 5.186611 0.278869
vt 5.182447 0.274723
vt 5.055439 0.461537
vt 5.082987 0.451358
vt 5.082644 0.431508
vt 5.100350 0.426216
vt 5.073474 0.399133
vt 5.053322 0.419173
vt 5.069641 0.433176
vt 5.045269 0.446474
vt 5.032603 0.456098
vt 5.188989 0.360596
vt 5.401793 0.114228
vt 5.383021 0.144113
vt 5.388217 0.119891
vt 5.330243 0.136580
vt 5.346198 0.109708
vt 5.352334 0.154000
vt 5.361100 0.121341
vt 5.371773 0.555204
vt 5.342582 0.573289
vt 5.333417 0.556497
vt 5.375448 0.109911
vt 5.031110 0.102235
vt 5.049548 0.111572
vt 5.031380 0.138543
vt 5.506654 0.238333
vt 5.522269 0.206465
vt 5.538158 0.228786
vt 5.095094 0.099637
vt 5.096277 0.130231
vt 5.078310 0.112548
vt 5.474704 0.249125
vt 5.479012 0.207054
vt 5.499168 0.204937
vt 5.535612 0.204656
vt 5.048312 0.622444
vt 5.057362 0.596662
vt 5.065237 0.627117
vt 5.578030 0.305458
vt 5.586867 0.281465
vt 5.596092 0.285420
vt 5.619534 0.324309
vt 5.616774 0.284416
vt 5.626849 0.313058
vt 5.042518 0.590435
vt 5.025985 0.594532
vt 5.638442 0.284379
vt 5.649577 0.249695
vt 5.642430 0.271767
vt 5.624015 0.251199
vt 5.725680 0.340634
vt 5.735930 0.368253
vt 5.719118 0.371612
vt 5.737903 0.324816
vt 5.711922 0.331371
vt 5.753577 0.101180
vt 5.764618 0.130803
vt 5.752902 0.143311
vt 5.806267 0.192738
vt 5.824370 0.179307
vt 5.814172 0.198197
vt 5.702853 0.121951
vt 5.713350 0.094402
vt 5.712943 0.134756
vt 5.729451 0.154561
vt 5.726891 0.110921
vt 5.729232 0.093864
vt 5.814355 0.394850
vt 5.788426 0.365532
vt 5.828865 0.384309
vt 5.902025 0.573600
vt 5.921004 0.546587
vt 5.918607 0.585005
vt 5.882611 0.544739
vt 5.874113 0.577546
vt 5.894171 0.212561
vt 5.907684 0.247431
vt 5.901521 0.254164
vt 5.880204 0.281239
vt 5.864593 0.253958
vt 5.633637 0.815254
vt 5.645579 0.843429
vt 5.630943 0.858200
vt 5.823904 0.878677
vt 5.827074 0.927870
vt 5.807880 0.903225
vt 5.618166 0.825723
vt 5.618526 0.802661
vt 5.509423 0.258993
vt 5.732224 0.081555
vt 5.617150 0.268203
vt 5.108625 0.122164
vt 5.045197 0.647944
vt 5.018664 0.628042
vt 5.846276 0.179740
vt 5.831370 0.221939
vt 5.759846 0.327271
vt 5.751965 0.340744
vt 5.313992 0.572448
vt 5.309415 0.560047
vt 5.841442 0.870244
vt 5.822595 0.859868
vt 5.360700 0.526888
vt 5.607216 0.860793
vt 5.595487 0.841139
vt 5.016790 0.123969
vt 5.848506 0.900456
vt 5.591731 0.320406
vt 5.063210 0.105601
vt 5.047477 0.156974
vt 5.859024 0.249889
vt 5.862833 0.214650
vt 5.385252 0.171146
vt 5.329076 0.526591
vt 5.338438 0.508899
vt 5.880575 0.208403
vt 5.350722 0.176401
vt 5.340047 0.102294
vt 5.229690 0.591685
vt 5.270125 0.634799
vt 5.193337 0.645998
vt 5.254462 0.801645
vt 5.188957 0.833962
vt 5.240226 0.707007
vt 5.284905 0.810151
vt 5.289052 0.886477
vt 5.305067 0.922698
vt 5.331661 0.745447
vt 5.319628 0.873623
vt 5.301533 0.756460
vt 5.257058 0.688606
vt 5.267373 0.669085
vt 5.361226 0.870757
vt 5.218295 0.684713
vt 5.230113 0.677412
vt 5.229918 0.662776
vt 4.863941 0.985265
vt 4.818746 0.987876
vt 4.832104 0.943528
vt 4.889679 0.951126
vt 4.801390 0.921314
vt 4.862646 0.901606
vt 4.906743 0.962655
vt 4.923958 0.898724
vt 4.991853 0.933807
vt 4.972633 0.149048
vt 4.855538 0.032199
vt 4.914083 0.007933
vt 4.960957 0.020496
vt 4.831398 0.074151
vt 4.914088 0.173312
vt 4.867216 0.160750
vt 4.515556 0.512700
vt 4.468153 0.416695
vt 4.379426 0.528830
vt 4.607656 0.614573
vt 4.677520 0.455207
vt 4.597595 0.381844
vt 4.518647 0.276775
vt 4.391529 0.339343
vt 4.114582 0.911139
vt 4.097981 0.914140
vt 4.088493 0.893063
vt 4.095790 0.878380
vt 4.065622 0.937522
vt 4.066614 0.910691
vt 4.083148 0.929460
vt 4.135350 0.893053
vt 4.114732 0.861316
vt 4.792501 0.346047
vt 4.964330 0.358730
vt 4.798203 0.111704
vt 4.466455 0.809306
vt 4.364276 0.967546
vt 4.575942 0.978902
vt 4.065053 0.887056
vt 4.081149 0.905115
vt 4.049894 0.919442
vt 4.045223 0.954187
vt 4.029176 0.929666
vt 4.129025 0.965040
vt 4.125440 0.937445
vt 4.147949 0.932826
vt 4.101057 0.940584
vt 4.877836 0.594490
vt 4.667750 0.230437
vt 4.069480 0.964449
vt 4.097279 0.971756
vt 4.199862 0.258372
vt 4.133881 0.538383
vt 4.273473 0.447091
vt 4.701444 0.798214
vt 4.069819 0.733275
vt 4.243481 0.724468
vt 4.431398 0.671744
vt 4.713285 0.612437
vt 6.595892 0.407537
vt 6.682421 0.058912
vt 6.940708 0.316732
vt 6.526348 0.625514
vt 6.941002 0.682171
vt 6.770488 0.904734
vt 6.473297 0.374536
vt 6.058850 0.317514
vt 6.316515 0.059144
vt 4.841321 0.937886
vt 4.795877 0.931223
vt 4.820460 0.989460
vt 4.828874 0.894863
vt 4.873788 0.905426
vt 4.991667 0.930840
vt 4.932309 0.989095
vt 4.976239 0.977351
vt 4.925148 0.896515
vt 4.901844 0.952079
vt 4.966600 0.896657
vt 4.613769 0.620273
vt 4.473700 0.538724
vt 4.601670 0.498431
vt 4.439626 0.979523
vt 4.262263 0.853417
vt 4.500066 0.819577
vt 4.070119 0.912369
vt 4.069434 0.888841
vt 4.044911 0.910532
vt 4.114744 0.895009
vt 4.095654 0.911014
vt 4.109601 0.924256
vt 4.084291 0.840567
vt 4.047997 0.854648
vt 4.088093 0.864635
vt 4.548742 0.073496
vt 4.368153 0.207151
vt 4.292077 0.088460
vt 4.052931 0.931592
vt 4.827532 0.767840
vt 4.828847 0.572061
vt 4.990377 0.538242
vt 4.137232 0.952978
vt 4.136858 0.909895
vt 4.123156 0.940734
vt 4.091883 0.943604
vt 4.067766 0.948189
vt 4.074912 0.969256
vt 4.411233 0.706334
vt 4.316957 0.509334
vt 4.036577 0.890794
vt 4.023128 0.932251
vt 4.082761 0.927364
vt 4.899193 0.329930
vt 4.061311 0.873285
vt 4.014744 0.893359
vt 4.727434 0.274683
vt 4.590645 0.343167
vt 4.509092 0.275658
vt 4.042206 0.961688
vt 4.207957 0.644338
vt 4.042440 0.660393
vt 4.694372 0.465715
vt 4.514288 0.445410
vt 4.106474 0.970371
vt 4.136563 0.382609
vt 4.682831 0.708123
vt 4.383919 0.385314
vt 6.682421 0.058912
vt 6.449449 0.376887
vt 6.622212 0.449314
vt 6.940995 0.682187
vt 6.551363 0.622752
vt 6.373393 0.474525
vt 6.022588 0.499997
vt 6.427443 0.605881
vt 6.622149 0.550662
vt 1.208508 0.335046
vt 1.417895 0.286853
vt 1.328460 0.280858
vt 1.659317 0.056347
vt 1.437756 0.395013
vt 1.629043 0.129951
vt 1.787895 0.011288
vt 1.226397 0.675227
vt 1.245368 0.689152
vt 0.769151 0.138775
vt 1.437483 0.520103
vt 0.759720 0.197070
vt 0.530365 0.207028
vt 0.512169 0.148439
vt 0.529903 0.421627
vt 0.491259 0.609643
vt 0.800626 0.264099
vt 0.548451 0.334641
vt 0.527376 0.355367
vt 0.610629 0.242226
vt 0.949774 0.588292
vt 0.422796 0.802073
vt 0.959842 0.761884
vt 0.996791 0.498281
vt 0.874903 0.723801
vt 0.797812 0.442274
vt 0.886076 0.276022
vt 0.813100 0.648618
vt 0.737034 0.878538
vt 0.501665 0.814162
vt 0.803028 0.595447
vt 1.193478 0.849095
vt 1.221841 0.907498
vt 1.199050 0.878978
vt 1.195654 0.895878
vt 1.327112 0.987268
vt 1.427940 0.214950
vt 1.271672 0.171885
vt 1.442588 0.263543
vt 1.446500 0.216113
vt 1.205915 0.935513
vt 1.589552 0.675039
vt 1.570336 0.678335
vt 1.491455 0.868710
vt 1.509311 0.835070
vt 1.464681 0.727079
vt 1.152140 0.972064
vt 1.157413 0.937815
vt 1.167919 0.955090
vt 1.112479 0.871125
vt 1.130240 0.940946
vt 1.510829 0.805234
vt 1.574941 0.801123
vt 1.536291 0.722185
vt 1.640091 0.743164
vt 1.253851 0.077613
vt 1.108988 0.960441
vt 1.137853 0.986143
vt 1.345363 0.070342
vt 1.240494 0.118408
vt 1.626803 0.721815
vt 1.104515 0.823847
vt 1.521871 0.696281
vt 1.506594 0.705105
vt 1.342958 0.030404
vt 1.623250 0.703866
vt 1.572595 0.996833
vt 1.608354 0.998347
vt 1.361746 0.027286
vt 1.629011 0.959446
vt 1.103168 0.989588
vt 3.681991 0.188716
vt 3.717389 0.191220
vt 3.662226 0.511818
vt 3.725678 0.358146
vt 0.872826 0.218956
vt 0.808341 0.216904
vt 0.997608 0.244252
vt 1.311422 0.510914
vt 1.388945 0.712928
vt 1.386029 0.624321
vt 1.323689 0.491977
vt 1.318753 0.506127
vt 1.676279 0.332060
vt 1.635907 0.335644
vt 1.314080 0.500641
vt 1.643938 0.312869
vt 0.828414 0.003480
vt 1.663463 0.370876
vt 1.378569 0.640041
vt 1.399692 0.652739
vt 2.423039 0.283274
vt 1.339212 0.745022
vt 2.475327 0.224269
vt 2.604645 0.063891
vt 1.671911 0.486041
vt 1.314586 0.726607
vt 2.407867 0.798096
vt 2.392959 0.780675
vt 2.710142 0.671477
vt 2.712717 0.734154
vt 2.698931 0.735184
vt 2.683671 0.838441
vt 2.555570 0.624817
vt 2.687896 0.786194
vt 2.780643 0.530475
vt 2.410945 0.817947
vt 2.428122 0.815355
vt 2.411301 0.862248
vt 2.364725 0.845273
vt 2.707643 0.511079
vt 2.661745 0.839544
vt 2.491105 0.804420
vt 2.498527 0.787889
vt 3.406529 0.182705
vt 3.410350 0.163741
vt 3.373044 0.098935
vt 3.337179 0.205980
vt 3.046809 0.097725
vt 3.018543 0.188481
vt 3.236807 0.360250
vt 3.019120 0.207354
vt 3.280918 0.385500
vt 3.060749 0.066250
vt 3.373789 0.520502
vt 3.391217 0.535577
vt 3.293964 0.400817
vt 3.240402 0.575239
vt 3.267655 0.579476
vt 3.432036 0.088424
vt 3.155477 0.049625
vt 3.222290 0.552802
vt 3.203837 0.583805
vt 2.546556 0.514343
vt 2.698666 0.474537
vt 2.455941 0.393826
vt 2.633026 0.474801
vt 2.519264 0.524184
vt 3.649109 0.031631
vt 3.478490 0.098530
vt 3.621898 0.084258
vt 3.480286 0.330897
vt 3.463851 0.195456
vt 3.716390 0.141735
vt 3.724515 0.099018
vt 3.652083 0.220842
vt 0.527635 0.507519
vt 0.550464 0.885408
vt 0.555145 0.878792
vt 0.554043 0.886540
vt 0.866720 0.890847
vt 0.630873 0.939144
vt 0.775947 0.414567
vt 0.697792 0.912518
vt 0.789446 0.419571
vt 0.569782 0.826022
vt 0.791610 0.886943
vt 0.523094 0.975613
vt 0.846802 0.901083
vt 0.877842 0.877350
vt 0.784013 0.562366
vt 0.728585 0.962340
vt 0.526019 0.509428
vt 0.960957 0.943066
vt 0.905165 0.919836
vt 0.873537 0.915784
vt 0.579925 0.601802
vt 0.909407 0.934492
vt 0.907125 0.939253
vt 0.857620 0.925733
vt 3.297189 0.890768
vt 0.577896 0.594918
vt 0.607529 0.599595
vt 3.123696 0.046117
vt 3.114328 0.040378
vt 3.022738 0.895994
vt 3.028099 0.898901
vt 3.064709 0.919035
vt 3.271755 0.835124
vt 3.282842 0.865199
vt 3.269957 0.826430
vt 3.279730 0.830804
vt 3.063466 0.922242
vt 3.033076 0.048812
vt 3.245141 0.821939
vt 3.030292 0.003504
vt 3.352865 0.544520
vt 3.040509 0.015035
vt 3.030828 0.012636
vt 3.135746 0.028733
vt 3.126762 0.035692
vt 3.046940 0.837610
vt 3.233077 0.654217
vt 3.210942 0.640301
vt 3.149215 0.725607
vt 3.392838 0.648747
vt 3.146670 0.639960
vt 3.129709 0.617056
vt 3.372542 0.654635
vt 3.300973 0.693607
vt 3.171885 0.618235
vt 3.420312 0.586791
vt 3.231836 0.674546
vt 3.159795 0.646741
vt 3.201305 0.664968
vt 3.214888 0.668425
vt 3.107438 0.612681
vt 3.117587 0.794392
vt 3.083632 0.915430
vt 3.072108 0.363891
vt 3.289654 0.916937
vt 3.112485 0.884129
vt 3.043260 0.357535
vt 3.130834 0.851616
vt 3.009288 0.370497
vt 3.021588 0.365930
vt 3.010592 0.348480
vt 3.301729 0.897838
vt 3.296247 0.904870
vt 3.114545 0.859754
vt 3.122268 0.846447
vt 3.234321 0.967350
vt 3.078813 0.921059
vt 3.282423 0.898124
vt 3.010229 0.093165
vt 3.362603 0.036892
vt 3.366514 0.029712
vt 3.284241 0.930809
vt 3.232295 0.002370
vt 3.100565 0.907665
vt 3.099376 0.908340
vt 3.026039 0.358715
vt 3.086212 0.909643
vt 3.213215 0.005268
vt 3.241384 0.026216
vt 3.239477 0.022614
vt 3.076097 0.362754
vt 3.075893 0.371595
vt 3.056490 0.357722
vt 3.049819 0.354727
vt 3.067980 0.357089
vt 3.032753 0.360790
vt 3.029623 0.369101
vt 3.000940 0.351698
vt 3.207708 0.006663
vt 3.378963 0.008520
vt 3.081189 0.356326
vt 3.069201 0.350695
vt 3.064701 0.376537
vt 3.371724 0.005838
vt 3.082908 0.323354
vt 3.237420 0.007482
vt 3.098757 0.902408
vt 3.036852 0.363757
vt 3.274745 0.823623
vt 3.281252 0.826755
vt 3.071489 0.357536
vt 3.012078 0.120142
vt 3.108611 0.370040
vt 3.038443 0.358212
vt 3.982638 0.260877
vt 3.963248 0.259475
vt 3.974670 0.244840
vt 3.961865 0.243777
vt 3.005653 0.120666
vt 3.955976 0.261760
vt 3.261035 0.006944
vt 3.926453 0.241659
vt 3.909316 0.243450
vt 3.884907 0.274152
vt 3.887931 0.289832
vt 3.115380 0.005614
vt 3.984575 0.246484
vt 3.972336 0.238587
vt 1.583467 0.669939
vt 2.451674 0.585575
vt 2.454396 0.585894
vt 2.372426 0.764916
vt 2.258252 0.904490
vt 2.421726 0.547524
vt 2.433630 0.583573
vt 2.345541 0.847953
vt 2.481243 0.606985
vt 2.183080 0.894787
vt 2.262304 0.781738
vt 2.333028 0.809977
vt 2.355262 0.836136
vt 2.476750 0.601618
vt 2.378714 0.642409
vt 2.248298 0.778332
vt 2.372498 0.475993
vt 2.290171 0.764432
vt 2.177711 0.815125
vt 2.323593 0.707554
vt 2.482593 0.022222
vt 2.424618 0.108674
vt 2.437856 0.439412
vt 2.200213 0.881853
vt 2.416903 0.440830
vt 2.170208 0.829806
vt 2.172367 0.824834
vt 2.508345 0.694101
vt 2.184453 0.901935
vt 2.392592 0.576055
vt 2.006772 0.026828
vt 2.282111 0.766801
vt 2.355730 0.594329
vt 2.759211 0.119710
vt 2.499056 0.008772
vt 2.513715 0.006886
vt 2.772306 0.117139
vt 2.734584 0.116248
vt 2.778119 0.064705
vt 2.778903 0.091574
vt 2.403534 0.360160
vt 2.402245 0.375718
vt 2.484331 0.014747
vt 2.010083 0.115525
vt 2.010942 0.081988
vt 2.763262 0.042284
vt 2.895488 0.581559
vt 2.918018 0.572355
vt 2.332700 0.931283
vt 2.352562 0.928819
vt 2.422264 0.558936
vt 2.442427 0.557240
vt 2.497049 0.029827
vt 2.028253 0.008412
vt 2.546150 0.736280
vt 2.436422 0.483827
vt 2.516083 0.679896
vt 2.518075 0.683495
vt 2.443090 0.563300
vt 2.961440 0.559844
vt 2.941885 0.567257
vt 2.935340 0.555537
vt 2.355739 0.550099
vt 2.955914 0.536547
vt 2.933995 0.525149
vt 2.964511 0.529585
vt 2.452545 0.482367
vt 2.514298 0.685047
vt 2.368221 0.541381
vt 2.438394 0.446661
vt 2.967878 0.516469
vt 2.933293 0.512008
vt 2.960054 0.499253
vt 2.966584 0.504793
vt 2.247377 0.784722
vt 2.469319 0.464747
vt 2.936451 0.545735
vt 2.960495 0.542620
vt 2.259610 0.760991
vt 2.295285 0.768189
vt 2.896883 0.422092
vt 2.956111 0.568057
vt 2.436587 0.008426
vt 2.781046 0.112016
vt 2.777344 0.044225
vt 2.329893 0.653105
vt 2.001000 0.114650
vt 2.510106 0.684136
vt 3.029500 0.909976
vt 1.805008 0.004219
vt 1.916657 0.037873
vt 1.016800 0.352307
vt 1.031423 0.297629
vt 1.095834 0.331714
vt 1.938224 0.043248
vt 1.196302 0.661711
vt 1.851218 0.270281
vt 1.963343 0.292153
vt 1.943815 0.311295
vt 1.148913 0.457403
vt 1.817640 0.479763
vt 1.972227 0.272750
vt 0.267696 0.110854
vt 0.468247 0.405837
vt 0.133023 0.347495
vt 0.239349 0.480246
vt 0.248211 0.448976
vt 0.064254 0.803912
vt 0.095216 0.830368
vt 0.263989 0.875290
vt 0.031452 0.520749
vt 0.003227 0.498113
vt 0.078317 0.353445
vt 0.105651 0.613764
vt 0.085214 0.276071
vt 0.044564 0.312207
vt 0.002758 0.393281
vt 1.858396 0.912724
vt 1.844266 0.879853
vt 1.758602 0.987757
vt 1.736094 0.935454
vt 1.663636 0.853043
vt 1.791688 0.538585
vt 1.821116 0.531337
vt 1.717421 0.977412
vt 1.018592 0.940660
vt 1.003222 0.955090
vt 1.787888 0.557957
vt 1.669334 0.782821
vt 1.889115 0.532533
vt 1.855721 0.528371
vt 1.917261 0.539368
vt 1.887254 0.581278
vt 1.889472 0.553785
vt 1.168577 0.081225
vt 1.134662 0.048128
vt 1.010199 0.936093
vt 1.030838 0.923272
vt 1.000543 0.057276
vt 1.652139 0.571976
vt 3.988451 0.564038
vt 3.992252 0.584291
vt 3.981103 0.604875
vt 3.978454 0.998433
vt 3.969952 0.995676
vt 3.995685 0.621984
vt 3.989413 0.643389
vt 2.054650 0.142437
vt 1.090745 0.709128
vt 1.949566 0.331792
vt 1.961447 0.332842
vt 2.198001 0.036007
vt 2.428743 0.253151
vt 2.262381 0.103399
vt 1.049102 0.623833
vt 2.094842 0.142203
vt 2.166206 0.043492
vt 1.938904 0.332851
vt 1.243142 0.729819
vt 1.257560 0.730577
vt 1.252315 0.733054
vt 2.438538 0.217894
vt 2.435028 0.230680
vt 1.234541 0.735545
vt 2.008273 0.150702
vt 2.959413 0.988501
vt 1.902104 0.480303
vt 2.957935 0.237527
vt 2.016189 0.554996
vt 2.002597 0.550086
vt 2.094699 0.758530
vt 2.160706 0.489528
vt 2.224804 0.570886
vt 2.226597 0.478272
vt 2.181236 0.770667
vt 2.229358 0.798009
vt 2.134241 0.457333
vt 2.010668 0.756020
vt 2.011372 0.481480
vt 2.999967 0.871192
vt 2.864806 0.250272
vt 2.153636 0.450493
vt 2.958484 0.253756
vt 2.948773 0.254489
vt 2.972818 0.993847
vt 3.627396 0.748627
vt 3.535566 0.865824
vt 3.579586 0.592278
vt 3.598980 0.857759
vt 3.558478 0.916045
vt 3.312365 0.900746
vt 3.309444 0.892161
vt 3.289668 0.762326
vt 3.156458 0.514488
vt 3.387759 0.849575
vt 3.489274 0.952256
vt 3.510503 0.930030
vt 3.469348 0.811729
vt 3.528574 0.876482
vt 3.539723 0.957617
vt 3.435776 0.721656
vt 3.280323 0.721151
vt 3.276394 0.561010
vt 3.572062 0.585012
vt 3.377570 0.674029
vt 3.698008 0.910618
vt 3.389924 0.944018
vt 3.102971 0.536626
vt 2.032833 0.472656
vt 2.120245 0.369456
vt 2.125676 0.283505
vt 2.172863 0.285788
vt 2.072364 0.242092
vt 2.275879 0.293926
vt 2.388754 0.382723
vt 3.901579 0.567229
vt 3.766160 0.624646
vt 3.704561 0.626187
vt 3.752160 0.903074
vt 3.771874 0.641957
vt 3.726778 0.659592
vt 3.932854 0.833585
vt 3.992388 0.903858
vt 3.913978 0.470786
vt 3.763904 0.920266
vt 3.871368 0.472234
vt 0.207888 0.889878
vt 0.472860 0.511361
vt 0.251753 0.970571
vt 0.289337 0.924495
vt 0.451176 0.934080
vt 0.422528 0.831953
vt 0.449873 0.884151
vt 0.154040 0.902195
vt 0.131824 0.876866
vt 0.309334 0.910934
vt 0.132774 0.890684
vt 0.420684 0.604920
vt 0.264886 0.974371
vt 0.275299 0.971354
vt 0.239028 0.969450
vt 0.097826 0.932641
vt 0.081483 0.927907
vt 0.037215 0.915427
vt 0.411798 0.601470
vt 0.420075 0.601802
vt 0.059681 0.915105
vt 0.090895 0.935259
vt 3.956284 0.352302
vt 0.425190 0.595645
vt 3.998497 0.344052
vt 3.945085 0.320564
vt 3.948630 0.320471
vt 3.955718 0.324203
vt 3.954941 0.329441
vt 3.110669 0.334151
vt 3.981770 0.469334
vt 3.835874 0.099838
vt 3.970776 0.466378
vt 3.107961 0.033035
vt 3.826210 0.154460
vt 3.934487 0.467573
vt 3.784003 0.096311
vt 3.195433 0.471863
vt 3.763376 0.091574
vt 3.744686 0.082297
vt 3.773074 0.057734
vt 3.840302 0.234405
vt 3.324441 0.483376
vt 3.068428 0.429884
vt 3.851893 0.075915
vt 3.722474 0.136298
vt 3.105680 0.412658
vt 3.076725 0.421426
vt 3.777953 0.083978
vt 3.210740 0.517364
vt 3.865575 0.096892
vt 3.979740 0.401859
vt 3.964849 0.433474
vt 3.959754 0.470340
vt 3.140309 0.359208
vt 3.156387 0.367631
vt 3.136862 0.367604
vt 3.853775 0.457919
vt 3.862988 0.272265
vt 3.187373 0.010958
vt 3.737345 0.292000
vt 3.306890 0.036704
vt 3.009524 0.053783
vt 3.128748 0.338097
vt 3.854165 0.367106
vt 3.184249 0.011038
vt 3.740927 0.311684
vt 3.747559 0.312637
vt 3.904898 0.327352
vt 3.004028 0.062265
vt 3.000093 0.055422
vt 3.801637 0.359731
vt 3.766164 0.328711
vt 3.873939 0.337593
vt 3.874619 0.343802
vt 3.776350 0.337594
vt 3.773960 0.342135
vt 3.886135 0.334807
vt 3.348045 0.029919
vt 3.349022 0.001263
vt 3.348368 0.006676
vt 3.910826 0.325959
vt 3.776058 0.342916
vt 3.775771 0.317598
vt 3.198977 0.038473
vt 3.204040 0.038190
vt 3.914246 0.323382
vt 3.143720 0.352282
vt 3.358356 0.047141
vt 3.381113 0.062568
vt 3.170823 0.358216
vt 3.027768 0.058859
vt 3.036142 0.063739
vt 3.036383 0.077544
vt 3.199791 0.382333
vt 3.755804 0.314715
vt 3.195265 0.007072
vt 3.889561 0.333034
vt 3.785132 0.344689
vt 3.033227 0.085837
vt 3.964113 0.292084
vt 3.902931 0.264232
vt 3.906063 0.244485
vt 3.889428 0.267317
vt 3.364959 0.040229
vt 3.914838 0.264993
vt 3.935495 0.272998
vt 3.930723 0.265086
vt 3.961016 0.274488
vt 1.081872 0.792440
vt 2.923314 0.845075
vt 2.698040 0.098519
vt 2.070362 0.075007
vt 2.775990 0.863925
vt 2.932549 0.079768
vt 2.850670 0.014184
vt 2.711360 0.006989
vt 2.719343 0.003099
vt 2.718650 0.007807
vt 2.005934 0.767398
vt 2.918168 0.025888
vt 2.439864 0.066617
vt 2.399304 0.499021
vt 2.498807 0.072398
vt 2.790317 0.966423
vt 2.959333 0.478574
vt 2.930663 0.471165
vt 2.803936 0.843096
vt 2.820191 0.840350
vt 2.853471 0.010198
vt 2.860557 0.825136
vt 2.858280 0.818977
vt 2.623504 0.021339
vt 2.924831 0.025803
vt 2.820255 0.044650
vt 2.813271 0.025670
vt 2.779008 0.877528
vt 2.773611 0.868682
vt 2.792351 0.979086
vt 2.902519 0.012398
vt 2.494298 0.080077
vt 2.482321 0.487317
vt 2.479621 0.503367
vt 2.717416 0.092572
vt 2.707564 0.089626
vt 2.834286 0.831572
vt 2.051698 0.774087
vt 2.958282 0.441819
vt 2.932337 0.429065
vt 2.967303 0.430834
vt 2.727886 0.088510
vt 2.705698 0.004675
vt 2.696239 0.022949
vt 2.398334 0.493569
vt 2.390255 0.492213
vt 2.417300 0.488562
vt 2.432504 0.110774
vt 2.687616 0.089595
vt 2.469947 0.052782
vt 2.065999 0.004665
vt 2.072050 0.003897
vt 2.071732 0.034475
vt 2.728504 0.008635
vt 2.965841 0.410489
vt 2.935602 0.413904
vt 2.952190 0.403662
vt 2.473570 0.057043
vt 2.114398 0.002028
vt 2.436660 0.119849
vt 2.430315 0.119507
vt 2.611140 0.038627
vt 2.406842 0.111426
vt 2.060220 0.114693
vt 2.051165 0.113663
vt 2.143520 0.003614
vt 2.659568 0.045663
vt 2.409368 0.132189
vt 2.590122 0.029028
vt 2.686241 0.050099
vt 2.681868 0.045359
vt 2.014117 0.787786
vt 2.592148 0.021105
vt 2.866189 0.803147
vt 2.811466 0.086985
vt 2.513052 0.077858
vt 2.006581 0.789930
vt 2.481731 0.046911
vt 2.955583 0.279807
vt 5.550640 0.404934
vt 5.555634 0.373017
vt 2.940443 0.304693
vt 3.835970 0.343743
vt 5.761321 0.867979
vt 5.637198 0.346880
vt 5.628168 0.353648
vt 5.535897 0.844443
vt 5.787211 0.887588
vt 5.694029 0.360802
vt 5.602030 0.803221
vt 5.545379 0.620405
vt 5.368999 0.663002
vt 5.388536 0.750637
vt 5.438240 0.831804
vt 5.433535 0.745198
vt 5.444647 0.753563
vt 5.483639 0.670257
vt 5.469160 0.738314
vt 5.496991 0.720431
vt 5.503458 0.639605
vt 5.235054 0.482963
vt 5.302089 0.519288
vt 5.297284 0.481002
vt 5.903382 0.209601
vt 5.462632 0.886618
vt 5.460729 0.926680
vt 5.894038 0.017955
vt 5.883526 0.037909
vt 5.880770 0.017057
vt 5.595983 0.858335
vt 5.842995 0.846407
vt 5.847685 0.875728
vt 5.625234 0.117552
vt 5.870553 0.891708
vt 5.422239 0.139162
vt 5.523332 0.515076
vt 5.557659 0.091260
vt 5.570610 0.076562
vt 5.732099 0.301200
vt 5.729455 0.287631
vt 5.792503 0.279852
vt 5.788191 0.306995
vt 5.794103 0.315977
vt 5.773711 0.028717
vt 5.746900 0.069918
vt 5.469481 0.482076
vt 5.219488 0.497447
vt 5.544971 0.507127
vt 5.307629 0.492175
vt 5.803759 0.055723
vt 5.707100 0.567352
vt 5.193893 0.507824
vt 5.195586 0.526249
vt 5.881071 0.774897
vt 5.851547 0.789313
vt 5.844019 0.761215
vt 5.785979 0.735827
vt 5.513480 0.130796
vt 5.077428 0.058719
vt 5.228915 0.552832
vt 5.212733 0.571117
vt 5.219269 0.524872
vt 5.800952 0.396821
vt 5.806499 0.425042
vt 5.593768 0.147564
vt 5.664942 0.146401
vt 5.659719 0.135961
vt 5.669192 0.030557
vt 5.662624 0.014134
vt 5.816892 0.265048
vt 5.809566 0.006549
vt 5.860940 0.045796
vt 5.837025 0.001980
vt 5.859144 0.011393
vt 5.713531 0.920367
vt 5.891222 0.874001
vt 5.900611 0.928586
vt 5.908661 0.862890
vt 5.919310 0.872616
vt 5.857643 0.260976
vt 5.703490 0.232724
vt 5.366709 0.578982
vt 5.176889 0.579607
vt 5.092479 0.043603
vt 5.736169 0.922592
vt 5.341709 0.589771
vt 5.301705 0.565201
vt 5.844364 0.133016
vt 5.721251 0.863555
vt 5.604147 0.132008
vt 5.747826 0.427842
vt 5.089159 0.054676
vt 5.877657 0.170602
vt 5.003030 0.829317
vt 5.435060 0.500356
vt 5.452079 0.495119
vt 5.320647 0.474453
vt 5.348361 0.495406
vt 5.471673 0.473526
vt 5.450405 0.479359
vt 5.458327 0.462658
vt 5.481527 0.415951
vt 5.458105 0.449173
vt 5.372349 0.311797
vt 5.409142 0.371940
vt 5.475136 0.465437
vt 5.520790 0.318732
vt 5.395191 0.297646
vt 5.413319 0.330936
vt 5.454261 0.407837
vt 5.395854 0.887568
vt 5.874658 0.460859
vt 5.871286 0.428159
vt 5.864804 0.355668
vt 5.444072 0.049136
vt 5.022295 0.517636
vt 5.073015 0.517022
vt 5.040607 0.499102
vt 5.383893 0.072072
vt 5.374990 0.053601
vt 5.589125 0.167845
vt 5.559991 0.187984
vt 5.806499 0.167863
vt 5.794854 0.158601
vt 5.771778 0.138313
vt 5.829322 0.246279
vt 5.398827 0.870964
vt 5.459836 0.067419
vt 5.533244 0.101332
vt 5.526186 0.079020
vt 5.538658 0.088055
vt 5.745032 0.190537
vt 5.093744 0.539748
vt 5.883876 0.381446
vt 5.873898 0.292926
vt 5.909093 0.467579
vt 5.878565 0.357146
vt 5.642775 0.075516
vt 5.706416 0.094406
vt 5.918562 0.432591
vt 5.189167 0.223823
vt 5.169077 0.228796
vt 5.125651 0.319243
vt 5.002973 0.375868
vt 5.081788 0.403769
vt 5.460839 0.230528
vt 5.467557 0.203732
vt 5.163593 0.263364
vt 5.092946 0.375595
vt 5.008817 0.402097
vt 5.404791 0.151087
vt 5.306675 0.520991
vt 5.417158 0.123370
vt 5.497296 0.186359
vt 5.867422 0.200854
vt 5.863602 0.177434
vt 5.643901 0.320498
vt 5.653307 0.290987
vt 5.598908 0.333108
vt 5.063483 0.583834
vt 5.680797 0.247946
vt 5.632995 0.222256
vt 5.654023 0.220241
vt 5.643851 0.206021
vt 5.770310 0.115862
vt 5.824884 0.167347
vt 5.849925 0.431307
vt 5.852870 0.468611
vt 5.824987 0.455392
vt 5.840786 0.359394
vt 5.833797 0.364420
vt 5.835629 0.326986
vt 5.811535 0.482325
vt 5.788741 0.326214
vt 5.815195 0.321059
vt 5.884942 0.598169
vt 5.621621 0.219617
vt 5.612766 0.243308
vt 5.807291 0.882858
vt 5.838116 0.923548
vt 5.702356 0.358103
vt 5.799461 0.434570
vt 5.798625 0.469921
vt 5.674097 0.218713
vt 5.851132 0.891427
vt 5.012558 0.584418
vt 5.761203 0.365591
vt 5.746346 0.385498
vt 5.076726 0.154048
vt 5.603975 0.811565
vt 5.851399 0.219405
vt 5.823286 0.426099
vt 5.900714 0.540579
vt 5.006593 0.616051
vt 5.857091 0.466164
vt 5.812831 0.869959
vt 5.328695 0.659049
vt 5.275567 0.974709
vt 5.330975 0.930746
vt 5.390227 0.828689
vt 4.194292 0.880542
vt 4.965594 0.980971
vt 4.968494 0.897293
vt 4.990489 0.059001
vt 4.837683 0.122244
vt 4.996774 0.107095
vt 4.492250 0.094954
vt 4.041449 0.898389
vt 4.084269 0.846946
vt 4.064158 0.862490
vt 4.043361 0.876135
vt 4.029368 0.866194
vt 4.357373 0.030681
vt 4.011757 0.916561
vt 6.403784 0.592485
vt 6.022589 0.595066
vt 6.499383 0.977368
vt 6.161891 0.837251
vt 4.091043 0.894408
vt 6.374090 0.475477
vt 6.625614 0.524567
vt 4.863384 0.984659
vt 4.889038 0.952879
vt 4.990489 0.059001
vt 4.945839 0.014249
vt 4.945707 0.167028
vt 4.843959 0.043753
vt 4.831398 0.090625
vt 4.882464 0.014218
vt 4.990458 0.122378
vt 4.843984 0.137466
vt 4.882333 0.166997
vt 4.111862 0.865539
vt 4.137585 0.880023
vt 4.776778 0.096006
vt 4.624161 0.918890
vt 6.499412 0.977368
vt 6.770487 0.904734
vt 6.095200 0.229667
vt 6.316515 0.059144
vt 6.550459 0.377723
vt 1.262686 0.990956
vt 2.762824 0.197990
vt 0.912541 0.925880
vt 3.113205 0.624103
vt 3.302756 0.900258
vt 3.237966 0.024650
vt 3.090459 0.910024
vt 2.428586 0.440323
vt 1.012939 0.484768
vt 1.828044 0.983885
vt 3.991104 0.768999
vt 3.333425 0.934871
vt 0.086546 0.928132
vt 3.999968 0.473218
vt 3.269766 0.424989
vt 5.798652 0.189923
s 1
usemtl UDIM.Skin.001
f 280/1/280 571/2/571 360/3/360
f 785/4/785 234/5/234 326/6/326
f 326/6/326 234/5/234 340/7/340
f 875/8/875 571/2/571 234/5/234
f 234/5/234 785/4/785 875/8/875
f 280/1/280 475/9/475 823/10/823
f 291/11/291 313/12/313 910/13/910
f 412/14/412 792/15/792 294/16/294
f 312/17/312 653/18/653 378/19/378
f 20/20/20 882/21/882 413/22/413
f 332/23/332 475/9/475 411/24/411
f 432/25/432 280/1/280 431/26/431
f 474/27/474 568/28/568 417/29/417
f 417/29/417 433/30/433 474/27/474
f 360/3/360 571/2/571 888/31/888
f 20/20/20 324/32/324 882/21/882
f 392/33/392 669/34/669 411/35/411
f 653/18/653 312/17/312 385/36/385
f 432/25/432 234/5/234 670/37/670
f 432/25/432 340/7/340 234/5/234
f 432/25/432 431/26/431 655/38/655
f 693/39/693 231/40/231 882/21/882
f 287/41/287 313/12/313 2533/42/2533
f 416/43/416 431/26/431 823/10/823
f 426/44/426 447/45/447 693/39/693
f 823/10/823 431/26/431 280/1/280
f 782/46/782 904/47/904 412/14/412
f 785/4/785 864/48/864 661/49/661
f 904/47/904 895/50/895 413/22/413
f 1935/51/1935 733/52/733 291/11/291
f 289/53/289 45/54/45 1936/55/1936
f 35/56/35 427/57/427 28/58/28
f 17/59/17 567/60/567 35/56/35
f 665/61/665 463/62/463 908/63/908
f 275/64/275 45/54/45 289/53/289
f 2060/65/2060 334/66/334 356/67/356
f 732/68/732 379/69/379 237/70/237
f 910/13/910 892/71/892 382/72/382
f 416/73/416 851/74/851 650/75/650
f 650/76/650 418/77/418 431/26/431
f 427/57/427 35/56/35 567/60/567
f 237/70/237 327/78/327 816/79/816
f 436/80/436 892/71/892 377/81/377
f 771/82/771 650/75/650 851/74/851
f 851/74/851 830/83/830 771/82/771
f 454/84/454 762/85/762 704/86/704
f 567/60/567 17/59/17 45/54/45
f 658/87/658 891/88/891 719/89/719
f 566/90/566 427/57/427 567/60/567
f 226/91/226 379/69/379 864/48/864
f 680/92/680 719/89/719 569/93/569
f 275/64/275 289/53/289 290/94/290
f 326/6/326 226/91/226 785/4/785
f 29/95/29 351/96/351 31/97/31
f 435/98/435 328/99/328 726/100/726
f 276/101/276 356/67/356 334/66/334
f 312/17/312 864/48/864 910/13/910
f 339/102/339 328/99/328 655/38/655
f 339/102/339 431/26/431 418/77/418
f 326/6/326 327/78/327 226/91/226
f 226/91/226 237/70/237 379/69/379
f 661/49/661 864/48/864 312/17/312
f 328/99/328 435/98/435 326/6/326
f 433/30/433 417/29/417 851/74/851
f 31/97/31 463/62/463 32/103/32
f 658/87/658 45/54/45 275/64/275
f 569/93/569 845/104/845 704/86/704
f 2060/65/2060 404/105/404 2014/106/2014
f 357/107/357 358/108/358 353/109/353
f 359/110/359 866/111/866 907/112/907
f 628/113/628 765/114/765 626/115/626
f 861/116/861 276/101/276 350/117/350
f 350/117/350 885/118/885 907/112/907
f 765/114/765 89/119/89 354/120/354
f 358/108/358 356/67/356 861/116/861
f 404/105/404 2060/65/2060 356/67/356
f 465/121/465 765/114/765 628/113/628
f 885/118/885 628/113/628 626/115/626
f 861/116/861 350/117/350 866/111/866
f 354/120/354 124/122/124 918/123/918
f 462/124/462 93/125/93 89/119/89
f 274/126/274 469/127/469 93/125/93
f 468/128/468 355/129/355 469/127/469
f 22/130/22 125/131/125 662/132/662
f 22/130/22 18/133/18 2148/134/2148
f 124/122/124 93/125/93 355/129/355
f 425/135/425 1763/136/1763 617/137/617
f 617/137/617 1763/136/1763 10/138/10
f 112/139/112 3571/140/3571 3572/141/3572
f 619/142/619 889/143/889 112/139/112
f 617/137/617 10/138/10 1753/144/1753
f 3570/145/3570 889/143/889 120/146/120
f 3571/140/3571 112/139/112 889/143/889
f 457/147/457 131/148/131 683/149/683
f 889/143/889 620/150/620 617/137/617
f 120/146/120 889/143/889 617/137/617
f 145/151/145 110/152/110 1749/153/1749
f 123/154/123 119/155/119 1751/156/1751
f 459/157/459 460/158/460 2130/159/2130
f 119/155/119 618/160/618 1761/161/1761
f 86/162/86 95/163/95 90/164/90
f 858/165/858 461/166/461 1030/167/1030
f 1018/168/1018 109/169/109 1026/170/1026
f 578/171/578 865/172/865 141/173/141
f 656/174/656 1033/175/1033 1031/176/1031
f 1030/167/1030 722/177/722 92/178/92
f 107/179/107 689/180/689 405/181/405
f 95/163/95 86/162/86 579/182/579
f 141/173/141 865/172/865 138/183/138
f 922/184/922 140/185/140 396/186/396
f 144/187/144 398/188/398 143/189/143
f 398/188/398 397/190/397 143/189/143
f 144/187/144 621/191/621 797/192/797
f 140/185/140 922/184/922 146/193/146
f 797/192/797 398/188/398 144/187/144
f 619/142/619 608/194/608 620/150/620
f 398/188/398 797/192/797 919/195/919
f 1372/196/1372 638/197/638 1369/198/1369
f 689/180/689 107/179/107 532/199/532
f 621/191/621 30/200/30 425/135/425
f 618/160/618 131/148/131 457/147/457
f 460/158/460 108/201/108 484/202/484
f 459/157/459 656/174/656 108/201/108
f 722/177/722 1030/167/1030 461/166/461
f 94/203/94 689/180/689 894/204/894
f 579/182/579 858/165/858 584/205/584
f 996/206/996 612/207/612 1003/208/1003
f 127/209/127 85/210/85 581/211/581
f 106/212/106 584/205/584 858/165/858
f 395/213/395 139/214/139 586/215/586
f 577/216/577 146/193/146 780/217/780
f 612/207/612 106/212/106 616/218/616
f 613/219/613 132/220/132 974/221/974
f 581/211/581 612/207/612 616/218/616
f 614/222/614 616/218/616 615/223/615
f 616/218/616 106/212/106 1034/224/1034
f 107/179/107 405/181/405 582/225/582
f 84/226/84 988/227/988 986/228/986
f 85/210/85 84/226/84 986/228/986
f 997/229/997 85/210/85 986/228/986
f 580/230/580 579/182/579 86/162/86
f 127/209/127 616/218/616 614/222/614
f 582/225/582 127/209/127 583/231/583
f 146/193/146 147/232/147 797/192/797
f 119/155/119 118/233/118 618/160/618
f 996/206/996 998/234/998 612/207/612
f 90/164/90 722/177/722 86/162/86
f 1369/198/1369 639/235/639 1371/236/1371
f 858/165/858 579/182/579 580/230/580
f 1769/237/1769 109/169/109 1018/168/1018
f 618/160/618 457/147/457 11/238/11
f 145/151/145 14/239/14 139/214/139
f 2299/240/2299 621/191/621 143/189/143
f 1030/167/1030 1027/241/1027 858/165/858
f 106/212/106 612/207/612 584/205/584
f 137/242/137 84/226/84 94/203/94
f 2079/243/2079 1763/136/1763 425/135/425
f 608/194/608 610/244/610 483/245/483
f 614/222/614 583/231/583 127/209/127
f 122/246/122 835/247/835 583/231/583
f 127/209/127 405/181/405 85/210/85
f 586/215/586 139/214/139 14/239/14
f 577/216/577 585/248/585 146/193/146
f 577/216/577 780/217/780 798/249/798
f 146/193/146 425/135/425 780/217/780
f 780/217/780 620/150/620 483/245/483
f 609/250/609 4/251/4 111/252/111
f 138/183/138 865/172/865 139/214/139
f 15/253/15 2132/254/2132 142/255/142
f 582/225/582 583/231/583 610/244/610
f 946/256/946 988/227/988 137/242/137
f 110/152/110 145/151/145 865/172/865
f 108/201/108 1031/176/1031 485/257/485
f 7/258/7 134/259/134 1779/260/1779
f 91/261/91 400/262/400 113/263/113
f 97/264/97 721/265/721 484/202/484
f 673/266/673 98/267/98 743/268/743
f 799/269/799 763/270/763 743/268/743
f 135/271/135 848/272/848 100/273/100
f 101/274/101 1/275/1 848/272/848
f 103/276/103 43/277/43 2/278/2
f 2/278/2 39/279/39 103/276/103
f 136/280/136 135/271/135 7/258/7
f 114/281/114 87/282/87 113/263/113
f 114/281/114 932/283/932 973/284/973
f 116/285/116 103/276/103 115/286/115
f 117/287/117 104/288/104 721/289/721
f 9/290/9 484/291/484 721/289/721
f 132/220/132 754/292/754 133/293/133
f 7/258/7 133/293/133 134/259/134
f 399/294/399 91/261/91 403/295/403
f 402/296/402 39/279/39 26/297/26
f 403/295/403 707/298/707 402/296/402
f 100/273/100 682/299/682 135/271/135
f 100/273/100 88/300/88 682/299/682
f 2131/301/2131 460/158/460 484/202/484
f 115/286/115 743/268/743 116/285/116
f 132/220/132 88/300/88 974/221/974
f 707/298/707 403/295/403 91/261/91
f 98/267/98 87/282/87 100/273/100
f 743/268/743 115/286/115 673/266/673
f 1/275/1 40/302/40 799/269/799
f 403/295/403 402/296/402 104/288/104
f 1779/260/1779 134/259/134 1776/303/1776
f 400/262/400 91/261/91 399/294/399
f 400/262/400 399/294/399 95/163/95
f 643/304/643 25/305/25 24/306/24
f 236/307/236 669/308/669 232/309/232
f 38/310/38 634/311/634 407/312/407
f 831/313/831 409/314/409 229/315/229
f 360/3/360 368/316/368 909/317/909
f 287/41/287 410/318/410 383/319/383
f 389/320/389 643/304/643 288/321/288
f 365/322/365 744/323/744 888/31/888
f 409/314/409 653/18/653 406/324/406
f 634/311/634 298/325/298 407/312/407
f 34/326/34 818/327/818 42/328/42
f 2310/329/2310 42/328/42 38/310/38
f 406/324/406 229/315/229 409/314/409
f 287/41/287 2354/330/2354 408/331/408
f 389/320/389 25/305/25 643/304/643
f 38/310/38 42/328/42 634/311/634
f 634/311/634 408/331/408 298/325/298
f 770/332/770 288/321/288 902/333/902
f 903/334/903 410/318/410 229/315/229
f 365/322/365 227/335/227 758/336/758
f 298/325/298 1942/337/1942 407/312/407
f 592/338/592 646/339/646 323/340/323
f 371/341/371 729/342/729 744/323/744
f 373/343/373 281/344/281 282/345/282
f 283/346/283 820/347/820 741/348/741
f 297/349/297 369/350/369 390/351/390
f 370/352/370 19/353/19 297/349/297
f 223/354/223 872/355/872 599/356/599
f 644/357/644 384/358/384 810/359/810
f 471/360/471 371/341/371 831/313/831
f 366/361/366 606/362/606 361/363/361
f 374/364/374 724/365/724 596/366/596
f 642/367/642 597/368/597 391/369/391
f 388/370/388 716/371/716 842/372/842
f 394/373/394 282/345/282 393/374/393
f 393/375/393 283/346/283 394/376/394
f 285/377/285 729/342/729 852/378/852
f 473/379/473 471/360/471 637/380/637
f 323/381/323 589/382/589 476/383/476
f 323/381/323 646/384/646 862/385/862
f 602/386/602 387/387/387 604/388/604
f 36/389/36 839/390/839 476/383/476
f 593/391/593 323/381/323 476/383/476
f 41/392/41 370/352/370 363/393/363
f 321/394/321 600/395/600 637/380/637
f 391/369/391 668/396/668 642/367/642
f 320/397/320 852/378/852 649/398/649
f 223/354/223 599/356/599 595/399/595
f 297/349/297 641/400/641 370/352/370
f 476/383/476 2480/401/2480 36/389/36
f 297/349/297 19/353/19 389/320/389
f 366/361/366 393/374/393 282/345/282
f 366/361/366 361/363/361 702/402/702
f 810/359/810 384/358/384 314/403/314
f 380/404/380 887/405/887 369/350/369
f 367/406/367 637/380/637 471/360/471
f 315/407/315 872/355/872 320/397/320
f 473/379/473 852/378/852 729/342/729
f 712/408/712 596/366/596 724/365/724
f 471/360/471 473/379/473 371/341/371
f 364/409/364 820/347/820 283/346/283
f 831/313/831 229/315/229 471/360/471
f 731/410/731 384/358/384 47/411/47
f 705/412/705 224/413/224 372/414/372
f 366/361/366 887/405/887 606/362/606
f 386/415/386 636/416/636 367/406/367
f 316/417/316 598/418/598 841/419/841
f 391/369/391 590/420/590 375/421/375
f 603/422/603 602/423/602 819/424/819
f 318/425/318 601/426/601 700/427/700
f 224/428/224 705/429/705 833/430/833
f 319/431/319 594/432/594 595/433/595
f 601/426/601 318/425/318 600/434/600
f 317/435/317 600/434/600 745/436/745
f 819/424/819 602/423/602 604/437/604
f 601/426/601 598/438/598 700/427/700
f 314/439/314 603/440/603 819/441/819
f 872/442/872 315/443/315 678/444/678
f 881/445/881 94/203/94 866/111/866
f 353/109/353 434/446/434 357/107/357
f 359/110/359 881/445/881 866/111/866
f 894/204/894 866/111/866 94/203/94
f 105/447/105 754/292/754 125/131/125
f 125/131/125 22/130/22 105/447/105
f 228/448/228 273/449/273 796/450/796
f 843/451/843 452/452/452 883/453/883
f 277/454/277 453/455/453 235/456/235
f 352/457/352 437/458/437 238/459/238
f 244/460/244 760/461/760 243/462/243
f 307/463/307 699/464/699 725/465/725
f 779/466/779 249/467/249 248/468/248
f 273/469/273 228/470/228 628/113/628
f 468/471/468 274/472/274 290/94/290
f 912/473/912 891/88/891 277/454/277
f 846/474/846 243/462/243 860/475/860
f 302/476/302 445/477/445 838/478/838
f 301/479/301 249/467/249 247/480/247
f 303/481/303 247/480/247 624/482/624
f 296/483/296 817/484/817 777/485/777
f 325/486/325 692/487/692 624/488/624
f 420/489/420 760/461/760 239/490/239
f 333/491/333 694/492/694 449/493/449
f 623/494/623 666/495/666 307/463/307
f 307/463/307 692/496/692 623/494/623
f 660/497/660 418/498/418 771/82/771
f 302/476/302 787/499/787 311/500/311
f 343/501/343 840/502/840 304/503/304
f 330/504/330 735/505/735 451/506/451
f 348/507/348 341/508/341 868/509/868
f 868/509/868 341/508/341 349/510/349
f 429/511/429 630/512/630 349/513/349
f 299/514/299 352/457/352 29/95/29
f 351/96/351 29/95/29 352/457/352
f 415/515/415 846/474/846 242/516/242
f 242/516/242 846/474/846 414/517/414
f 242/516/242 352/457/352 238/459/238
f 419/518/419 240/519/240 241/520/241
f 422/521/422 333/491/333 449/493/449
f 225/522/225 829/523/829 329/524/329
f 420/489/420 563/525/563 330/504/330
f 330/504/330 338/526/338 420/489/420
f 681/527/681 891/88/891 912/473/912
f 444/528/444 728/529/728 295/530/295
f 445/477/445 308/531/308 838/478/838
f 246/532/246 838/478/838 794/533/794
f 455/534/455 873/535/873 448/536/448
f 305/537/305 533/538/533 786/539/786
f 249/540/249 873/541/873 624/542/624
f 629/543/629 632/544/632 451/545/451
f 740/546/740 454/84/454 230/547/230
f 293/548/293 748/549/748 905/550/905
f 777/551/777 698/552/698 906/553/906
f 860/475/860 804/554/804 464/555/464
f 469/127/469 274/126/274 468/128/468
f 420/489/420 859/556/859 563/525/563
f 544/557/544 748/549/748 843/451/843
f 779/558/779 448/559/448 249/560/249
f 448/561/448 873/541/873 249/540/249
f 465/121/465 698/562/698 765/114/765
f 631/563/631 347/564/347 630/512/630
f 465/121/465 628/113/628 428/565/428
f 629/543/629 742/566/742 625/567/625
f 692/487/692 325/486/325 660/497/660
f 456/568/456 455/569/455 563/525/563
f 307/463/307 303/570/303 692/496/692
f 645/571/645 787/499/787 344/572/344
f 311/500/311 815/573/815 445/477/445
f 905/574/905 748/575/748 543/576/543
f 445/477/445 815/573/815 308/531/308
f 230/547/230 703/577/703 740/546/740
f 293/548/293 843/451/843 748/549/748
f 787/499/787 645/571/645 905/574/905
f 666/495/666 623/494/623 703/578/703
f 545/579/545 698/552/698 777/551/777
f 464/555/464 463/62/463 846/474/846
f 543/576/543 311/500/311 905/574/905
f 243/462/243 292/580/292 244/460/244
f 436/80/436 732/68/732 694/492/694
f 339/102/339 859/556/859 726/100/726
f 301/479/301 248/468/248 249/467/249
f 463/62/463 464/555/464 908/63/908
f 545/581/545 728/582/728 300/583/300
f 276/584/276 796/450/796 273/449/273
f 629/585/629 451/506/451 735/505/735
f 545/586/545 765/114/765 698/562/698
f 351/96/351 242/516/242 414/517/414
f 331/587/331 860/475/860 338/526/338
f 249/467/249 624/482/624 247/480/247
f 346/588/346 796/450/796 225/522/225
f 449/493/449 694/492/694 241/520/241
f 233/589/233 331/587/331 348/507/348
f 308/531/308 711/590/711 345/591/345
f 309/592/309 840/502/840 343/501/343
f 816/79/816 419/518/419 241/520/241
f 719/89/719 891/88/891 279/593/279
f 713/594/713 436/80/436 333/491/333
f 300/583/300 883/453/883 462/595/462
f 632/544/632 786/539/786 451/545/451
f 622/596/622 703/578/703 623/494/623
f 349/510/349 341/508/341 429/597/429
f 274/472/274 883/453/883 452/452/452
f 804/554/804 908/63/908 464/555/464
f 242/516/242 238/459/238 713/594/713
f 715/598/715 304/503/304 840/502/840
f 543/576/543 544/599/544 444/528/444
f 762/85/762 454/84/454 740/546/740
f 778/600/778 342/601/342 735/505/735
f 225/522/225 796/450/796 829/523/829
f 305/537/305 856/602/856 533/538/533
f 456/603/456 325/486/325 455/534/455
f 225/522/225 868/509/868 906/553/906
f 533/538/533 310/604/310 347/564/347
f 814/605/814 727/606/727 50/607/50
f 714/608/714 710/609/710 52/610/52
f 727/606/727 814/605/814 538/611/538
f 54/612/54 671/613/671 50/607/50
f 1572/614/1572 1560/615/1560 647/616/647
f 61/617/61 81/618/81 690/619/690
f 60/620/60 53/621/53 62/622/62
f 442/623/442 55/624/55 69/625/69
f 61/617/61 441/626/441 805/627/805
f 647/628/647 714/629/714 52/630/52
f 59/631/59 753/632/753 66/633/66
f 753/634/753 539/635/539 83/636/83
f 62/622/62 647/628/647 80/637/80
f 69/625/69 441/626/441 884/638/884
f 70/639/70 635/640/635 67/641/67
f 67/641/67 66/633/66 70/639/70
f 730/642/730 535/643/535 76/644/76
f 63/645/63 52/630/52 73/646/73
f 576/647/576 803/648/803 75/649/75
f 536/650/536 727/651/727 74/652/74
f 651/653/651 78/654/78 446/655/446
f 470/656/470 56/657/56 440/658/440
f 539/635/539 540/659/540 869/660/869
f 570/661/570 869/662/869 1497/663/1497
f 81/618/81 805/627/805 79/664/79
f 575/665/575 730/642/730 534/666/534
f 534/666/534 78/654/78 77/667/77
f 535/643/535 730/642/730 575/665/575
f 539/668/539 537/669/537 538/670/538
f 70/671/70 66/672/66 58/673/58
f 538/611/538 1401/674/1401 539/675/539
f 576/647/576 64/676/64 575/665/575
f 440/658/440 876/677/876 690/619/690
f 540/678/540 1497/663/1497 869/662/869
f 50/607/50 671/613/671 814/605/814
f 442/623/442 659/679/659 65/680/65
f 83/636/83 869/660/869 82/681/82
f 534/666/534 446/655/446 78/654/78
f 64/676/64 535/643/535 575/665/575
f 83/636/83 82/681/82 65/680/65
f 66/633/66 67/641/67 59/631/59
f 443/682/443 717/683/717 876/677/876
f 443/682/443 440/658/440 56/657/56
f 79/664/79 570/684/570 60/620/60
f 79/664/79 55/624/55 570/684/570
f 77/667/77 854/685/854 803/648/803
f 68/686/68 853/687/853 884/638/884
f 647/628/647 52/630/52 63/645/63
f 52/610/52 710/609/710 51/688/51
f 714/608/714 647/616/647 1560/615/1560
f 200/689/200 802/690/802 168/691/168
f 149/692/149 802/690/802 201/693/201
f 201/693/201 825/694/825 149/692/149
f 849/695/849 203/696/203 154/697/154
f 900/698/900 800/699/800 153/700/153
f 167/701/167 508/702/508 160/703/160
f 901/704/901 723/705/723 178/706/178
f 165/707/165 160/703/160 783/708/783
f 167/701/167 781/709/781 157/710/157
f 204/711/204 826/712/826 205/713/205
f 164/714/164 836/715/836 209/716/209
f 160/703/160 165/707/165 206/717/206
f 900/698/900 555/718/555 800/699/800
f 220/719/220 774/720/774 221/721/221
f 478/722/478 556/723/556 151/724/151
f 517/725/517 657/726/657 542/727/542
f 486/728/486 559/729/559 914/730/914
f 488/731/488 487/732/487 512/733/512
f 490/734/490 880/735/880 1068/736/1068
f 828/737/828 847/738/847 559/729/559
f 492/739/492 502/740/502 521/741/521
f 506/742/506 495/743/495 522/744/522
f 764/745/764 507/746/507 523/747/523
f 498/748/498 516/749/516 492/739/492
f 497/750/497 519/751/519 500/752/500
f 502/740/502 492/739/492 150/753/150
f 747/754/747 739/755/739 503/756/503
f 504/757/504 499/758/499 494/759/494
f 153/700/153 505/760/505 506/742/506
f 764/745/764 155/761/155 507/746/507
f 509/762/509 161/763/161 855/764/855
f 509/762/509 915/765/915 148/766/148
f 493/767/493 517/725/517 512/733/512
f 531/768/531 491/769/491 523/747/523
f 499/758/499 504/757/504 503/756/503
f 516/749/516 739/755/739 164/714/164
f 527/770/527 890/771/890 517/725/517
f 525/772/525 832/773/832 515/774/515
f 511/775/511 890/771/890 521/741/521
f 494/759/494 499/758/499 914/730/914
f 495/743/495 494/759/494 513/776/513
f 525/772/525 515/774/515 526/777/526
f 515/774/515 734/778/734 526/777/526
f 499/758/499 512/733/512 518/779/518
f 528/780/528 501/781/501 520/782/520
f 520/782/520 157/710/157 528/780/528
f 501/781/501 528/780/528 529/783/529
f 530/784/530 549/785/549 701/786/701
f 201/693/201 867/787/867 541/788/541
f 546/789/546 747/754/747 504/757/504
f 549/785/549 893/790/893 511/775/511
f 554/791/554 800/699/800 556/723/556
f 896/792/896 695/793/695 509/762/509
f 510/794/510 521/741/521 915/795/915
f 510/794/510 915/795/915 734/796/734
f 165/707/165 519/751/519 161/763/161
f 514/797/514 490/734/490 737/798/737
f 168/691/168 663/799/663 200/689/200
f 161/763/161 695/793/695 222/800/222
f 559/729/559 847/738/847 522/744/522
f 832/801/832 1084/802/1084 701/803/701
f 522/744/522 531/768/531 736/804/736
f 206/717/206 901/704/901 159/805/159
f 511/775/511 521/741/521 510/794/510
f 491/769/491 531/768/531 847/738/847
f 516/749/516 498/748/498 739/755/739
f 153/700/153 837/806/837 900/698/900
f 165/707/165 161/763/161 720/807/720
f 556/723/556 152/808/152 151/724/151
f 541/788/541 219/809/219 201/693/201
f 221/721/221 857/810/857 220/719/220
f 509/762/509 734/778/734 915/765/915
f 836/715/836 164/714/164 739/755/739
f 497/750/497 500/752/500 737/798/737
f 811/811/811 836/715/836 747/754/747
f 157/710/157 774/720/774 155/761/155
f 802/690/802 686/812/686 867/787/867
f 518/779/518 487/732/487 914/730/914
f 529/783/529 880/735/880 501/781/501
f 555/718/555 152/808/152 556/723/556
f 505/760/505 494/759/494 495/743/495
f 529/783/529 764/745/764 688/813/688
f 519/751/519 783/708/783 500/752/500
f 774/720/774 157/710/157 781/709/781
f 160/703/160 826/712/826 167/701/167
f 695/793/695 161/763/161 509/762/509
f 501/781/501 524/814/524 496/815/496
f 203/696/203 849/695/849 555/718/555
f 915/795/915 521/741/521 502/740/502
f 202/816/202 664/817/664 811/811/811
f 507/746/507 506/742/506 736/804/736
f 855/764/855 161/763/161 519/751/519
f 58/673/58 659/679/659 812/818/812
f 675/819/675 72/820/72 71/821/71
f 838/478/838 256/822/256 302/476/302
f 306/823/306 252/824/252 260/825/260
f 870/826/870 261/827/261 252/824/252
f 565/828/565 259/829/259 253/830/253
f 725/465/725 257/831/257 574/832/574
f 259/829/259 565/828/565 853/687/853
f 260/825/260 252/824/252 261/827/261
f 564/833/564 795/834/795 262/835/262
f 263/836/263 808/837/808 757/838/757
f 757/838/757 264/839/264 263/836/263
f 266/840/266 877/841/877 267/842/267
f 268/843/268 270/844/270 58/673/58
f 270/844/270 268/843/268 271/845/271
f 258/846/258 856/602/856 305/537/305
f 335/847/335 789/848/789 769/849/769
f 336/850/336 769/849/769 667/851/667
f 303/481/303 272/852/272 247/480/247
f 264/839/264 717/683/717 443/682/443
f 884/638/884 565/828/565 795/834/795
f 70/671/70 58/673/58 270/844/270
f 270/853/270 635/640/635 70/639/70
f 675/819/675 337/854/337 446/655/446
f 917/855/917 72/820/72 573/856/573
f 259/829/259 250/857/250 258/846/258
f 337/854/337 675/819/675 755/858/755
f 254/859/254 262/835/262 253/830/253
f 307/463/307 725/465/725 265/860/265
f 265/860/265 272/861/272 303/570/303
f 245/862/245 856/602/856 808/837/808
f 305/537/305 697/863/697 258/846/258
f 337/854/337 667/851/667 679/864/679
f 266/840/266 272/861/272 265/860/265
f 271/865/271 267/842/267 270/853/270
f 574/832/574 877/841/877 725/465/725
f 246/532/246 245/862/245 808/837/808
f 246/532/246 263/836/263 838/478/838
f 301/479/301 247/480/247 272/852/272
f 264/839/264 56/657/56 766/866/766
f 256/822/256 838/478/838 263/836/263
f 268/843/268 870/826/870 269/867/269
f 256/822/256 263/836/263 766/866/766
f 186/868/186 772/869/772 197/870/197
f 478/722/478 481/871/481 202/816/202
f 319/431/319 751/872/751 187/873/187
f 154/697/154 768/874/768 849/695/849
f 198/875/198 772/869/772 193/876/193
f 477/877/477 775/878/775 825/694/825
f 168/691/168 752/879/752 210/880/210
f 169/881/169 752/879/752 802/690/802
f 174/882/174 173/883/173 154/697/154
f 182/884/182 178/706/178 177/885/177
f 179/886/179 663/799/663 863/887/863
f 175/888/175 217/889/217 183/890/183
f 822/891/822 898/892/898 676/893/676
f 898/892/898 822/891/822 210/880/210
f 184/894/184 207/895/207 676/893/676
f 185/896/185 207/895/207 685/897/685
f 793/898/793 185/896/185 212/899/212
f 189/900/189 806/901/806 773/902/773
f 190/903/190 215/904/215 558/905/558
f 553/906/553 750/907/750 192/908/192
f 163/909/163 749/910/749 162/911/162
f 315/443/315 767/912/767 197/870/197
f 557/913/557 833/430/833 691/914/691
f 158/915/158 677/916/677 791/917/791
f 158/915/158 642/918/642 809/919/809
f 317/435/317 745/436/745 162/911/162
f 208/920/208 810/921/810 196/922/196
f 752/879/752 169/881/169 211/923/211
f 654/924/654 170/925/170 212/899/212
f 768/874/768 173/883/173 215/904/215
f 216/926/216 648/927/648 558/905/558
f 648/927/648 216/926/216 183/890/183
f 750/907/750 863/928/863 897/929/897
f 224/428/224 551/930/551 712/931/712
f 478/722/478 674/932/674 480/933/480
f 478/722/478 151/724/151 171/934/171
f 479/935/479 776/936/776 163/909/163
f 479/935/479 775/878/775 477/877/477
f 481/871/481 478/722/478 480/933/480
f 588/937/588 879/938/879 194/939/194
f 552/940/552 916/941/916 879/938/879
f 217/889/217 182/884/182 552/940/552
f 552/940/552 177/885/177 916/941/916
f 558/905/558 648/927/648 195/942/195
f 821/943/821 605/944/605 652/945/652
f 605/944/605 821/943/821 604/437/604
f 149/692/149 825/694/825 775/878/775
f 212/899/212 807/946/807 793/898/793
f 211/923/211 898/892/898 752/879/752
f 169/881/169 482/947/482 654/924/654
f 210/880/210 663/799/663 168/691/168
f 547/948/547 879/938/879 158/915/158
f 594/432/594 319/431/319 691/914/691
f 169/881/169 802/690/802 149/692/149
f 170/925/170 775/878/775 709/949/709
f 878/950/878 187/873/187 751/872/751
f 195/942/195 874/951/874 558/905/558
f 212/899/212 685/897/685 654/924/654
f 215/904/215 806/901/806 768/874/768
f 553/906/553 684/952/684 218/953/218
f 674/932/674 180/954/180 706/955/706
f 318/425/318 700/427/700 208/920/208
f 159/805/159 181/956/181 176/957/176
f 833/430/833 557/913/557 773/902/773
f 197/870/197 678/444/678 315/443/315
f 210/880/210 897/958/897 663/799/663
f 197/870/197 749/910/749 186/868/186
f 152/808/152 849/695/849 768/874/768
f 192/908/192 886/959/886 553/906/553
f 180/954/180 878/950/878 193/876/193
f 772/869/772 198/875/198 678/444/678
f 862/960/862 738/961/738 589/962/589
f 548/963/548 552/940/552 547/948/547
f 187/873/187 878/950/878 214/964/214
f 188/965/188 214/964/214 172/966/172
f 192/967/192 210/880/210 822/891/822
f 177/885/177 552/940/552 182/884/182
f 176/957/176 175/888/175 183/890/183
f 750/968/750 897/958/897 210/880/210
f 194/939/194 834/969/834 588/937/588
f 756/970/756 163/909/163 776/936/776
f 793/898/793 162/911/162 745/436/745
f 749/910/749 163/909/163 756/970/756
f 552/940/552 548/963/548 217/889/217
f 172/966/172 214/964/214 171/934/171
f 676/893/676 207/895/207 196/922/196
f 776/936/776 479/935/479 708/971/708
f 775/878/775 479/935/479 709/949/709
f 183/890/183 217/889/217 648/927/648
f 178/706/178 182/884/182 181/956/181
f 363/393/363 44/972/44 41/392/41
f 396/186/396 397/190/397 1013/973/1013
f 930/974/930 924/975/924 928/976/928
f 926/977/926 925/978/925 929/979/929
f 925/978/925 931/980/931 930/981/930
f 930/974/930 928/976/928 923/982/923
f 931/980/931 926/977/926 927/983/927
f 927/983/927 926/977/926 929/979/929
f 938/984/938 949/985/949 1010/986/1010
f 960/987/960 936/988/936 1008/989/1008
f 959/990/959 1009/991/1009 937/992/937
f 992/993/992 1004/994/1004 939/995/939
f 972/996/972 933/997/933 945/998/945
f 944/999/944 1008/989/1008 940/1000/940
f 972/996/972 940/1001/940 941/1002/941
f 987/1003/987 951/1004/951 949/985/949
f 954/1005/954 935/1006/935 953/1007/953
f 1003/1008/1003 1000/1009/1000 943/1010/943
f 1003/1008/1003 997/1011/997 1009/991/1009
f 955/1012/955 989/1013/989 981/1014/981
f 959/990/959 936/988/936 1000/1009/1000
f 962/1015/962 964/1016/964 963/1017/963
f 987/1003/987 938/984/938 996/1018/996
f 964/1016/964 957/1019/957 965/1020/965
f 966/1021/966 939/1022/939 967/1023/967
f 1011/1024/1011 976/1025/976 999/1026/999
f 980/1027/980 1007/1028/1007 977/1029/977
f 1000/1009/1000 952/1030/952 978/1031/978
f 1011/1024/1011 979/1032/979 943/1010/943
f 1007/1028/1007 1005/1033/1005 958/1034/958
f 963/1017/963 964/1016/964 989/1013/989
f 989/1013/989 955/1012/955 963/1017/963
f 975/1035/975 984/1036/984 928/976/928
f 964/1016/964 948/1037/948 991/1038/991
f 934/1039/934 992/993/992 1010/986/1010
f 947/1040/947 968/1041/968 939/1022/939
f 950/1042/950 994/1043/994 953/1007/953
f 1006/1044/1006 995/1045/995 981/1014/981
f 1001/1046/1001 968/1041/968 1002/1047/1002
f 971/1048/971 1002/1047/1002 933/997/933
f 953/1007/953 993/1049/993 950/1042/950
f 1006/1044/1006 950/1042/950 995/1045/995
f 977/1029/977 956/1050/956 951/1004/951
f 991/1038/991 948/1037/948 1006/1044/1006
f 988/227/988 946/256/946 986/228/986
f 956/1050/956 955/1012/955 951/1004/951
f 941/1002/941 997/1051/997 986/1052/986
f 1003/1008/1003 943/1010/943 996/1018/996
f 1012/1053/1012 938/984/938 1010/986/1010
f 957/1019/957 962/1015/962 942/1054/942
f 963/1017/963 956/1050/956 961/1055/961
f 940/1000/940 1008/989/1008 936/988/936
f 985/1056/985 954/1005/954 957/1019/957
f 944/1057/944 968/1041/968 947/1040/947
f 1012/1058/1012 969/1059/969 983/1060/983
f 958/1034/958 942/1054/942 962/1015/962
f 942/1054/942 958/1034/958 984/1036/984
f 977/1029/977 976/1025/976 980/1027/980
f 949/985/949 938/984/938 987/1003/987
f 958/1034/958 1005/1033/1005 984/1036/984
f 954/1005/954 960/987/960 935/1006/935
f 965/1020/965 953/1007/953 994/1043/994
f 959/990/959 1000/1009/1000 1003/1008/1003
f 985/1056/985 942/1054/942 975/1035/975
f 950/1042/950 993/1049/993 934/1039/934
f 936/988/936 959/990/959 937/992/937
f 968/1041/968 944/1057/944 945/998/945
f 989/1013/989 991/1038/991 981/1014/981
f 975/1035/975 952/1030/952 985/1056/985
f 945/998/945 940/1001/940 972/996/972
f 949/985/949 995/1045/995 934/1039/934
f 973/284/973 969/1061/969 990/1062/990
f 990/1062/990 88/300/88 973/284/973
f 921/1063/921 1016/1064/1016 1017/1065/1017
f 922/1066/922 1013/1067/1013 1017/1065/1017
f 147/232/147 922/184/922 1016/1068/1016
f 398/188/398 1013/1069/1013 397/190/397
f 920/1070/920 921/1063/921 1015/1071/1015
f 921/1063/921 920/1070/920 1016/1064/1016
f 922/1066/922 1017/1065/1017 1016/1064/1016
f 1054/1072/1054 1044/1073/1044 1049/1074/1049
f 1019/1075/1019 1022/1076/1022 1045/1077/1045
f 1022/1076/1022 1019/1075/1019 1046/1078/1046
f 1024/1079/1024 1023/1080/1023 1020/1081/1020
f 1029/1082/1029 1032/1083/1032 798/249/798
f 1042/1084/1042 1028/1085/1028 1036/1086/1036
f 1043/1087/1043 1039/1088/1039 1040/1089/1040
f 1026/170/1026 1038/1090/1038 1043/1087/1043
f 1035/1091/1035 1056/1092/1056 1029/1082/1029
f 1051/1093/1051 1042/1084/1042 1055/1094/1055
f 1039/1088/1039 1038/1090/1038 1058/1095/1058
f 1050/1096/1050 1023/1080/1023 1021/1097/1021
f 1048/1098/1048 1059/1099/1059 1051/1093/1051
f 1058/1095/1058 1049/1074/1049 1044/1073/1044
f 1052/1100/1052 1050/1101/1050 1057/1102/1057
f 1047/1103/1047 1055/1094/1055 1036/1086/1036
f 1052/1100/1052 1049/1074/1049 1058/1095/1058
f 1052/1100/1052 1054/1072/1054 1049/1074/1049
f 1036/1086/1036 1039/1088/1039 1060/1104/1060
f 1043/1087/1043 1040/1089/1040 1033/175/1033
f 1027/241/1027 1030/167/1030 1028/1085/1028
f 1035/1091/1035 1029/1082/1029 1037/1105/1037
f 1045/1077/1045 1047/1106/1047 1019/1075/1019
f 1040/1089/1040 1036/1086/1036 1028/1085/1028
f 1041/1107/1041 1050/1101/1050 1052/1100/1052
f 1019/1075/1019 1047/1106/1047 1060/1108/1060
f 1030/167/1030 92/178/92 1028/1085/1028
f 1037/1105/1037 1029/1082/1029 1042/1084/1042
f 1058/1095/1058 1044/1073/1044 1046/1109/1046
f 1052/1100/1052 1038/1090/1038 1041/1107/1041
f 1050/1101/1050 1041/1107/1041 1035/1091/1035
f 1037/1105/1037 1059/1099/1059 1053/1110/1053
f 1039/1088/1039 1043/1087/1043 1038/1090/1038
f 1047/1106/1047 1045/1077/1045 1051/1111/1051
f 1023/1080/1023 1059/1112/1059 1020/1081/1020
f 1053/1110/1053 1035/1091/1035 1037/1105/1037
f 1059/1099/1059 1050/1101/1050 1053/1110/1053
f 1048/1113/1048 1020/1081/1020 1059/1112/1059
f 1044/1114/1044 1025/1115/1025 1046/1078/1046
f 1682/1116/1682 1681/1117/1681 1313/1118/1313
f 1092/1119/1092 1102/1120/1102 1223/1121/1223
f 1087/1122/1087 1255/1123/1255 1314/1124/1314
f 1315/1125/1315 1266/1126/1266 1134/1127/1134
f 1306/1128/1306 1089/1129/1089 1169/1130/1169
f 1100/1131/1100 1169/1132/1169 1161/1133/1161
f 1100/1131/1100 1306/1134/1306 1169/1132/1169
f 1314/1124/1314 1173/1135/1173 1087/1122/1087
f 1147/1136/1147 1169/1132/1169 1260/1137/1260
f 1306/1128/1306 1100/1138/1100 1088/1139/1088
f 1298/1140/1298 1080/1141/1080 1079/1142/1079
f 1228/1143/1228 1088/1139/1088 1100/1138/1100
f 1173/1135/1173 1314/1124/1314 1172/1144/1172
f 1210/1145/1210 1261/1146/1261 1101/1147/1101
f 1242/1148/1242 1092/1149/1092 1155/1150/1155
f 1241/1151/1241 1155/1150/1155 1092/1149/1092
f 1347/1152/1347 1154/1153/1154 1327/1154/1327
f 1214/1155/1214 1210/1145/1210 1101/1147/1101
f 1155/1156/1155 1279/1157/1279 1146/1158/1146
f 1155/1150/1155 1305/1159/1305 1242/1148/1242
f 1230/1160/1230 1318/1161/1318 1114/1162/1114
f 1273/1163/1273 1223/1121/1223 1102/1120/1102
f 1223/1121/1223 1241/1164/1241 1092/1119/1092
f 1305/1159/1305 1155/1150/1155 1171/1165/1171
f 1102/1120/1102 1092/1119/1092 1228/1166/1228
f 1244/1167/1244 1111/1168/1111 1233/1169/1233
f 1159/1170/1159 1281/1171/1281 1214/1155/1214
f 1116/1172/1116 1223/1121/1223 1273/1163/1273
f 1092/1149/1092 1242/1148/1242 1150/1173/1150
f 1289/1174/1289 1250/1175/1250 1248/1176/1248
f 1291/1177/1291 1195/1178/1195 1063/1179/1063
f 1285/1180/1285 1160/1181/1160 1287/1182/1287
f 1112/1183/1112 1272/1184/1272 1253/1185/1253
f 1217/1186/1217 1272/1184/1272 1289/1174/1289
f 1249/1187/1249 490/1188/490 1288/1189/1288
f 1249/1187/1249 1288/1189/1288 1193/1190/1193
f 1063/1179/1063 1248/1176/1248 1250/1175/1250
f 1224/1191/1224 1170/1192/1170 1300/1193/1300
f 1177/1194/1177 1170/1192/1170 1290/1195/1290
f 1062/1196/1062 1224/1191/1224 1128/1197/1128
f 1191/1198/1191 1067/1199/1067 1111/1168/1111
f 1156/1200/1156 1069/1201/1069 1082/1202/1082
f 1190/1203/1190 1072/1204/1072 1215/1205/1215
f 1250/1175/1250 1079/1142/1079 1063/1179/1063
f 1243/1206/1243 1264/1207/1264 1161/1133/1161
f 1292/1208/1292 1205/1209/1205 1299/1210/1299
f 1156/1200/1156 1065/1211/1065 1193/1190/1193
f 1260/1212/1260 1167/1213/1167 1147/1214/1147
f 1247/1215/1247 1298/1140/1298 1250/1175/1250
f 1213/1216/1213 1301/1217/1301 1276/1218/1276
f 1106/1219/1106 1107/1220/1107 1195/1221/1195
f 1213/1216/1213 1084/802/1084 1301/1217/1301
f 1113/1222/1113 1247/1215/1247 1112/1183/1112
f 1280/1223/1280 1262/1224/1262 1237/1225/1237
f 1113/1222/1113 1240/1226/1240 1247/1215/1247
f 1113/1222/1113 1290/1195/1290 1204/1227/1204
f 1311/1228/1311 1237/1225/1237 1114/1162/1114
f 1295/1229/1295 1165/1230/1165 1294/1231/1294
f 1218/1232/1218 1291/1233/1291 1165/1234/1165
f 1234/1235/1234 1181/1236/1181 1303/1237/1303
f 1270/1238/1270 1302/1239/1302 1074/1240/1074
f 1244/1167/1244 1211/1241/1211 1070/1242/1070
f 1289/1174/1289 1248/1176/1248 1217/1186/1217
f 1285/1243/1285 1111/1168/1111 1244/1167/1244
f 1196/1244/1196 1236/1245/1236 1085/1246/1085
f 1292/1208/1292 1256/1247/1256 1236/1248/1236
f 1311/1228/1311 1126/1249/1126 1237/1225/1237
f 1080/1141/1080 1298/1140/1298 1312/1250/1312
f 1289/1174/1289 1272/1184/1272 1112/1183/1112
f 1262/1224/1262 1114/1162/1114 1237/1225/1237
f 1280/1223/1280 1208/1251/1208 1197/1252/1197
f 1253/1185/1253 1177/1194/1177 1112/1183/1112
f 1148/1253/1148 1221/1254/1221 1126/1249/1126
f 1295/1255/1295 1218/1256/1218 1165/1257/1165
f 1316/1258/1316 1065/1259/1065 1232/1260/1232
f 1212/1261/1212 1300/1193/1300 1170/1192/1170
f 1290/1195/1290 1112/1183/1112 1177/1194/1177
f 1191/1262/1191 1176/1263/1176 1256/1264/1256
f 1301/1217/1301 489/1265/489 1249/1187/1249
f 1298/1140/1298 1247/1215/1247 1312/1250/1312
f 489/1265/489 1301/1217/1301 1084/802/1084
f 1064/1266/1064 1133/1267/1133 1106/1219/1106
f 1256/1247/1256 1235/1268/1235 1067/1199/1067
f 1284/1269/1284 1292/1208/1292 1236/1248/1236
f 1179/1270/1179 1127/1271/1127 1063/1179/1063
f 1256/1264/1256 1176/1263/1176 1071/1272/1071
f 1232/1260/1232 1272/1184/1272 1217/1186/1217
f 1212/1261/1212 1253/1185/1253 1156/1273/1156
f 1290/1195/1290 1230/1160/1230 1204/1227/1204
f 1247/1215/1247 1250/1175/1250 1289/1174/1289
f 1224/1191/1224 1062/1196/1062 1061/1274/1061
f 1300/1193/1300 1212/1261/1212 1082/1275/1082
f 1205/1209/1205 1190/1203/1190 1215/1205/1215
f 1207/1276/1207 1318/1161/1318 1129/1277/1129
f 1170/1192/1170 1177/1194/1177 1212/1261/1212
f 1211/1241/1211 1244/1167/1244 657/1278/657
f 1244/1167/1244 1070/1242/1070 1285/1243/1285
f 1291/1177/1291 1063/1179/1063 1079/1142/1079
f 1168/1279/1168 1191/1262/1191 1075/1280/1075
f 1191/1198/1191 1111/1168/1111 1287/1281/1287
f 1321/1282/1321 1231/1283/1231 1167/1213/1167
f 1211/1241/1211 1064/1266/1064 1270/1284/1270
f 1236/1245/1236 1149/1285/1149 1207/1276/1207
f 1135/1286/1135 1254/1287/1254 1206/1288/1206
f 1236/1289/1236 1071/1272/1071 1176/1263/1176
f 1074/1240/1074 1125/1290/1125 1286/1291/1286
f 1125/1290/1125 1074/1240/1074 1296/1292/1296
f 1264/1207/1264 1180/1293/1180 1125/1290/1125
f 1176/1263/1176 1085/1294/1085 1236/1289/1236
f 1175/1295/1175 1238/1296/1238 1180/1293/1180
f 1296/1292/1296 1302/1239/1302 1105/1297/1105
f 1125/1290/1125 1115/1298/1115 1264/1207/1264
f 1110/1299/1110 1078/1300/1078 1311/1228/1311
f 1078/1300/1078 1126/1249/1126 1311/1228/1311
f 1245/1301/1245 1148/1253/1148 1078/1300/1078
f 1239/1302/1239 1086/1303/1086 1103/1304/1103
f 1286/1291/1286 1125/1290/1125 1160/1181/1160
f 1208/1251/1208 1297/1305/1297 1294/1231/1294
f 1148/1253/1148 1245/1301/1245 1200/1306/1200
f 1105/1297/1105 1293/1307/1293 1308/1308/1308
f 1089/1309/1089 1178/1310/1178 1229/1311/1229
f 1275/1312/1275 1180/1293/1180 1121/1313/1121
f 1168/1279/1168 1103/1304/1103 1176/1263/1176
f 1180/1293/1180 1076/1314/1076 1125/1290/1125
f 1085/1294/1085 1103/1304/1103 1086/1303/1086
f 1090/1315/1090 1095/1316/1095 1117/1317/1117
f 1294/1231/1294 1293/1318/1293 1295/1229/1295
f 1121/1313/1121 1180/1293/1180 1238/1296/1238
f 1234/1235/1234 1222/1319/1222 1181/1236/1181
f 1222/1319/1222 1196/1244/1196 1153/1320/1153
f 1255/1123/1255 1087/1122/1087 1309/1321/1309
f 1115/1298/1115 1087/1122/1087 1173/1135/1173
f 1320/1322/1320 1086/1303/1086 1136/1323/1136
f 1095/1316/1095 1090/1315/1090 1152/1324/1152
f 1091/1325/1091 1209/1326/1209 1265/1327/1265
f 1226/1328/1226 1271/1329/1271 1246/1330/1246
f 1265/1327/1265 1307/1331/1307 1138/1332/1138
f 1274/1333/1274 1209/1326/1209 1251/1334/1251
f 1185/1335/1185 1278/1336/1278 1324/1337/1324
f 1347/1152/1347 1326/1338/1326 1154/1153/1154
f 1252/1339/1252 1265/1327/1265 1274/1333/1274
f 1120/1340/1120 1122/1341/1122 1158/1342/1158
f 1089/1129/1089 1117/1317/1117 1341/1343/1341
f 1119/1344/1119 1104/1345/1104 1099/1346/1099
f 1109/1347/1109 1245/1301/1245 1078/1300/1078
f 1245/1301/1245 1109/1347/1109 1124/1348/1124
f 1124/1348/1124 1266/1126/1266 1200/1306/1200
f 1303/1237/1303 1257/1349/1257 1234/1235/1234
f 1307/1331/1307 1104/1345/1104 1137/1350/1137
f 1130/1351/1130 1121/1313/1121 1097/1352/1097
f 1134/1127/1134 1122/1341/1122 1157/1353/1157
f 1327/1154/1327 1154/1153/1154 1321/1282/1321
f 1331/1354/1331 1282/1355/1282 1123/1356/1123
f 1117/1317/1117 1157/1353/1157 1090/1315/1090
f 1320/1357/1320 1136/1358/1136 1359/1359/1359
f 1227/1360/1227 1145/1361/1145 1137/1362/1137
f 1329/1363/1329 1202/1364/1202 1246/1365/1246
f 1328/1366/1328 1331/1354/1331 1263/1367/1263
f 1174/1368/1174 1303/1369/1303 1355/1370/1355
f 1353/1371/1353 1357/1372/1357 1181/1373/1181
f 1349/1374/1349 1118/1375/1118 1321/1282/1321
f 1118/1375/1118 1349/1374/1349 1140/1376/1140
f 1140/1376/1140 1345/1377/1345 1199/1378/1199
f 1329/1379/1329 1367/1380/1367 1141/1381/1141
f 1141/1381/1141 1330/1382/1330 1333/1383/1333
f 1144/1384/1144 1323/1385/1323 1188/1386/1188
f 1142/1387/1142 1188/1386/1188 1323/1385/1323
f 1154/1153/1154 1349/1374/1349 1321/1282/1321
f 1330/1382/1330 1141/1381/1141 1366/1388/1366
f 1330/1382/1330 1366/1388/1366 1263/1367/1263
f 1225/1389/1225 1188/1390/1188 1143/1391/1143
f 1337/1392/1337 1338/1393/1338 1334/1394/1334
f 1145/1361/1145 1227/1360/1227 1325/1395/1325
f 1137/1350/1137 1098/1396/1098 1227/1397/1227
f 1143/1391/1143 1365/1398/1365 1225/1389/1225
f 1158/1342/1158 1251/1399/1251 1209/1400/1209
f 1120/1340/1120 1226/1401/1226 1122/1341/1122
f 1154/1153/1154 1326/1338/1326 1350/1402/1350
f 1098/1396/1098 1310/1403/1310 1271/1329/1271
f 1310/1403/1310 1130/1351/1130 1271/1329/1271
f 1293/1318/1293 1297/1305/1297 1151/1404/1151
f 1257/1349/1257 1109/1347/1109 1110/1299/1110
f 1341/1405/1341 1342/1406/1342 1178/1310/1178
f 1365/1407/1365 1143/1408/1143 1186/1409/1186
f 1158/1342/1158 1091/1410/1091 1120/1340/1120
f 1355/1370/1355 1251/1411/1251 1174/1368/1174
f 1202/1364/1202 1329/1363/1329 1166/1412/1166
f 1254/1287/1254 1166/1412/1166 1206/1288/1206
f 1266/1126/1266 1108/1413/1108 1200/1306/1200
f 1104/1345/1104 1310/1403/1310 1098/1396/1098
f 1138/1414/1138 1163/1415/1163 1265/1416/1265
f 1136/1323/1136 1099/1346/1099 1268/1417/1268
f 1329/1363/1329 1333/1418/1333 1166/1412/1166
f 1333/1383/1333 1330/1382/1330 1332/1419/1332
f 1348/1420/1348 1342/1406/1342 1345/1421/1345
f 1184/1422/1184 1123/1423/1123 1097/1352/1097
f 1138/1414/1138 1145/1361/1145 1186/1424/1186
f 1167/1425/1167 1231/1426/1231 1147/1136/1147
f 1216/1427/1216 1158/1342/1158 1122/1341/1122
f 1175/1295/1175 1264/1207/1264 1243/1206/1243
f 1324/1337/1324 1278/1336/1278 1267/1428/1267
f 1182/1429/1182 1151/1404/1151 1297/1305/1297
f 1138/1414/1138 1142/1430/1142 1163/1415/1163
f 1153/1431/1153 1086/1303/1086 1320/1322/1320
f 1257/1349/1257 1158/1342/1158 1216/1427/1216
f 1320/1357/1320 1353/1432/1353 1153/1433/1153
f 1358/1434/1358 1268/1435/1268 1252/1436/1252
f 1325/1395/1325 1267/1428/1267 1322/1437/1322
f 1367/1380/1367 1329/1379/1329 1282/1355/1282
f 1162/1438/1162 1188/1386/1188 1225/1439/1225
f 1337/1440/1337 1116/1172/1116 1281/1171/1281
f 1159/1441/1159 1101/1442/1101 1339/1443/1339
f 1336/1444/1336 1339/1443/1339 1101/1442/1101
f 1338/1393/1338 1336/1444/1336 1335/1445/1335
f 1223/1121/1223 1334/1446/1334 1279/1157/1279
f 1261/1447/1261 1210/1448/1210 1131/1449/1131
f 1337/1392/1337 1339/1443/1339 1338/1393/1338
f 1349/1450/1349 1154/1451/1154 1350/1452/1350
f 1192/1453/1192 1345/1377/1345 1140/1376/1140
f 1349/1450/1349 1350/1452/1350 1344/1454/1344
f 1351/1455/1351 1363/1456/1363 1364/1457/1364
f 1363/1456/1363 1351/1455/1351 1358/1434/1358
f 1360/1458/1360 1358/1459/1358 1355/1370/1355
f 1352/1460/1352 1353/1432/1353 1320/1357/1320
f 1360/1458/1360 1355/1370/1355 1354/1461/1354
f 1353/1371/1353 1362/1462/1362 1357/1372/1357
f 1361/1463/1361 1353/1432/1353 1352/1460/1352
f 1352/1464/1352 1356/1465/1356 1364/1466/1364
f 1186/1424/1186 1143/1391/1143 1142/1430/1142
f 1356/1467/1356 1268/1435/1268 1358/1434/1358
f 1139/1468/1139 1263/1367/1263 1331/1354/1331
f 913/1469/913 488/1470/488 1066/1471/1066
f 542/1472/542 657/1278/657 1244/1167/1244
f 1133/1267/1133 530/1473/530 1213/1474/1213
f 489/1265/489 490/1188/490 1249/1187/1249
f 1081/1475/1081 827/1476/827 1066/1471/1066
f 1372/196/1372 921/1063/921 1370/1477/1370
f 1449/1478/1449 1461/1479/1461 1539/1480/1539
f 1564/1481/1564 1533/1482/1533 1392/1483/1392
f 1433/1484/1433 1496/1485/1496 1609/1486/1609
f 1402/1487/1402 1403/1488/1403 1418/1489/1418
f 1534/1490/1534 1557/1491/1557 1373/1492/1373
f 1557/1491/1557 1534/1490/1534 1452/1493/1452
f 1377/1494/1377 1393/1495/1393 1508/1496/1508
f 1393/1495/1393 1377/1494/1377 1400/1497/1400
f 1401/674/1401 1376/1498/1376 1440/1499/1440
f 1619/1500/1619 1616/1501/1616 1627/1502/1627
f 1492/1503/1492 1381/1504/1381 1463/1505/1463
f 1481/1506/1481 1402/1487/1402 1641/1507/1641
f 1517/1508/1517 1561/1509/1561 1393/1495/1393
f 1483/1510/1483 1567/1511/1567 1505/1512/1505
f 1582/1513/1582 1580/1514/1580 1521/1515/1521
f 1472/1516/1472 1678/1517/1678 1595/1518/1595
f 1562/1519/1562 1582/1520/1582 1507/1521/1507
f 1533/1482/1533 1565/1522/1565 1409/1523/1409
f 1499/1524/1499 1547/1525/1547 1517/1508/1517
f 1547/1525/1547 1499/1524/1499 1562/1526/1562
f 1580/1514/1580 1562/1526/1562 1499/1524/1499
f 1511/1527/1511 1574/1528/1574 1483/1510/1483
f 1383/1529/1383 1481/1506/1481 1641/1507/1641
f 1388/1530/1388 1571/1531/1571 671/1532/671
f 1479/1533/1479 1383/1529/1383 1548/1534/1548
f 1463/1505/1463 1467/1535/1467 1492/1503/1492
f 1521/1536/1521 1523/1537/1523 1582/1520/1582
f 1573/1538/1573 1484/1539/1484 1581/1540/1581
f 1435/1541/1435 1567/1511/1567 1458/1542/1458
f 1507/1521/1507 1509/1543/1509 1511/1527/1511
f 1506/1544/1506 1640/1545/1640 1598/1546/1598
f 1461/1479/1461 1374/1547/1374 1484/1539/1484
f 1435/1541/1435 1391/1548/1391 1495/1549/1495
f 1513/1550/1513 1570/1551/1570 1522/1552/1522
f 1452/1493/1452 1450/1553/1450 1557/1491/1557
f 1570/1554/1570 1575/1555/1575 1522/1556/1522
f 1385/1557/1385 1467/1535/1467 1373/1492/1373
f 1454/1558/1454 1635/1559/1635 1634/1560/1634
f 1636/1561/1636 1545/1562/1545 1664/1563/1664
f 1447/1564/1447 1631/1565/1631 1550/1566/1550
f 1517/1508/1517 1547/1525/1547 1561/1509/1561
f 1510/1567/1510 1467/1568/1467 1385/1569/1385
f 1577/1570/1577 1524/1571/1524 1381/1504/1381
f 1510/1567/1510 1491/1572/1491 1467/1568/1467
f 1574/1528/1574 1511/1527/1511 1569/1573/1569
f 1550/1574/1550 1482/1575/1482 1470/1576/1470
f 1411/1577/1411 1468/1578/1468 1551/1579/1551
f 1453/1580/1453 1630/1581/1630 1530/1582/1530
f 1464/1583/1464 1553/1584/1553 1390/1585/1390
f 1415/1586/1415 1618/1587/1618 1594/1588/1594
f 1394/1589/1394 1406/1590/1406 1593/1591/1593
f 1499/1524/1499 1517/1508/1517 1462/1592/1462
f 1626/1593/1626 1666/1594/1666 1477/1595/1477
f 1593/1596/1593 1416/1597/1416 1527/1598/1527
f 1577/1570/1577 1631/1565/1631 1447/1564/1447
f 1523/1537/1523 1521/1536/1521 1638/1599/1638
f 1505/1512/1505 1396/1600/1396 1483/1510/1483
f 1583/1601/1583 1608/1602/1608 1375/1603/1375
f 1463/1505/1463 1373/1492/1373 1467/1535/1467
f 1651/1604/1651 1603/1605/1603 1658/1606/1658
f 1385/1557/1385 1557/1491/1557 1539/1607/1539
f 1406/1590/1406 1507/1521/1507 1396/1600/1396
f 1452/1493/1452 1376/1498/1376 1387/1608/1387
f 1664/1563/1664 1478/1609/1478 1418/1610/1418
f 1503/1611/1503 1439/1612/1439 1575/1555/1575
f 1609/1486/1609 1432/1613/1432 1433/1484/1433
f 1383/1529/1383 1479/1533/1479 1404/1614/1404
f 1494/1615/1494 1525/1616/1525 1428/1617/1428
f 1583/1601/1583 1634/1618/1634 1487/1619/1487
f 1375/1620/1375 1383/1529/1383 1404/1614/1404
f 1515/1621/1515 1512/1622/1512 1565/1522/1565
f 1480/1623/1480 1379/1624/1379 1519/1625/1519
f 1512/1622/1512 1482/1575/1482 1581/1540/1581
f 1493/1626/1493 1542/1627/1542 1488/1628/1488
f 1565/1522/1565 1512/1622/1512 1484/1539/1484
f 1403/1488/1403 1638/1599/1638 1545/1629/1545
f 1551/1579/1551 1414/1630/1414 1588/1631/1588
f 1502/1632/1502 1460/1633/1460 1555/1634/1555
f 1521/1515/1521 1580/1514/1580 1638/1635/1638
f 1435/1541/1435 1572/614/1572 1391/1548/1391
f 1519/1625/1519 1379/1624/1379 1513/1636/1513
f 1613/1637/1613 1441/1638/1441 1677/1639/1677
f 1382/1640/1382 1499/1524/1499 1462/1592/1462
f 1415/1641/1415 1568/1642/1568 1556/1643/1556
f 1631/1565/1631 1577/1570/1577 1492/1503/1492
f 1436/1644/1436 1571/1531/1571 1388/1530/1388
f 1529/1645/1529 1555/1646/1555 1570/1647/1570
f 1604/1648/1604 1545/1562/1545 1640/1649/1640
f 1506/1544/1506 1600/1650/1600 1546/1651/1546
f 1641/1652/1641 1478/1609/1478 1599/1653/1599
f 1462/1592/1462 1579/1654/1579 1440/1499/1440
f 1532/1655/1532 1568/1656/1568 1399/1657/1399
f 1642/1658/1642 1434/1659/1434 1649/1660/1649
f 1617/1661/1617 1614/1662/1614 1679/1663/1679
f 1443/1664/1443 1525/1616/1525 1430/1665/1430
f 1504/1666/1504 1489/1667/1489 1650/1668/1650
f 1468/1578/1468 1414/1630/1414 1551/1579/1551
f 1598/1546/1598 1531/1669/1531 1600/1650/1600
f 1453/1580/1453 1484/1539/1484 1573/1538/1573
f 1475/1670/1475 1659/1671/1659 1655/1672/1655
f 1602/1673/1602 1490/1674/1490 1601/1675/1601
f 1664/1563/1664 1656/1676/1656 1478/1609/1478
f 1474/1677/1474 1546/1651/1546 1417/1678/1417
f 1604/1679/1604 1475/1670/1475 1655/1672/1655
f 1652/1680/1652 1653/1681/1653 1438/1682/1438
f 1660/1683/1660 1601/1675/1601 1599/1653/1599
f 1654/1684/1654 1438/1685/1438 1653/1686/1653
f 1432/1613/1432 1609/1486/1609 1610/1687/1610
f 1438/1685/1438 1654/1684/1654 1663/1688/1663
f 1654/1684/1654 1655/1672/1655 1659/1671/1659
f 1475/1670/1475 1604/1679/1604 1662/1689/1662
f 1652/1690/1652 1657/1691/1657 1603/1605/1603
f 1604/1648/1604 1661/1692/1661 1664/1563/1664
f 1663/1688/1663 1659/1671/1659 1474/1677/1474
f 1543/1693/1543 1487/1694/1487 1632/1695/1632
f 1651/1696/1651 1665/1697/1665 1653/1681/1653
f 1647/1698/1647 1650/1668/1650 1489/1667/1489
f 1635/1699/1635 1487/1694/1487 1634/1700/1634
f 1514/1701/1514 1415/1641/1415 1386/1702/1386
f 1611/1703/1611 1649/1704/1649 1434/1705/1434
f 1513/1706/1513 1525/1616/1525 1529/1645/1529
f 1381/1504/1381 1492/1503/1492 1577/1570/1577
f 1437/1707/1437 1625/1708/1625 1471/1709/1471
f 1457/1710/1457 1471/1711/1471 1623/1712/1623
f 1375/1603/1375 1494/1615/1494 1428/1617/1428
f 1375/1620/1375 1428/1713/1428 1566/1714/1566
f 1487/1694/1487 1609/1486/1609 1496/1485/1496
f 1644/1715/1644 1612/1716/1612 1643/1717/1643
f 1529/1645/1529 1443/1664/1443 1431/1718/1431
f 1498/1719/1498 1610/1687/1610 1502/1632/1502
f 1429/1720/1429 1608/1602/1608 1496/1721/1496
f 1429/1720/1429 1504/1722/1504 1430/1665/1430
f 1644/1715/1644 1433/1484/1433 1432/1613/1432
f 1504/1722/1504 1429/1720/1429 1645/1723/1645
f 1429/1720/1429 1430/1665/1430 1494/1615/1494
f 1496/1721/1496 1645/1723/1645 1429/1720/1429
f 1431/1718/1431 1611/1703/1611 1434/1705/1434
f 1647/1724/1647 1489/1725/1489 1643/1726/1643
f 1648/1727/1648 1642/1658/1642 1649/1660/1649
f 1628/1728/1628 1559/1729/1559 1407/1730/1407
f 1434/1731/1434 1643/1717/1643 1612/1716/1612
f 1586/1732/1586 1550/1733/1550 1411/1734/1411
f 1550/1735/1550 1631/1736/1631 1411/1577/1411
f 1607/1737/1607 1605/1738/1605 1423/1739/1423
f 1628/1728/1628 1584/1740/1584 1412/1741/1412
f 1606/1742/1606 1544/1743/1544 1422/1744/1422
f 1630/1745/1630 1486/1746/1486 1491/1747/1491
f 1410/1748/1410 1412/1741/1412 1584/1740/1584
f 1512/1622/1512 1515/1621/1515 1473/1749/1473
f 1591/1750/1591 1535/1751/1535 1590/1752/1590
f 1522/1753/1522 1442/1754/1442 1408/1755/1408
f 1585/1756/1585 1587/1757/1587 1414/1630/1414
f 1376/1498/1376 1452/1493/1452 1534/1490/1534
f 1424/1758/1424 1522/1759/1522 1575/1760/1575
f 1591/1761/1591 1588/1631/1588 1675/1762/1675
f 1535/1751/1535 1587/1763/1587 1486/1746/1486
f 1648/1727/1648 1647/1698/1647 1642/1658/1642
f 1672/1764/1672 1673/1765/1673 1676/1766/1676
f 1470/1767/1470 1482/1768/1482 1423/1769/1423
f 1536/1770/1536 1442/1754/1442 1477/1595/1477
f 1422/1744/1422 1473/1771/1473 1554/1772/1554
f 1439/1773/1439 1456/1774/1456 1575/1760/1575
f 1456/1774/1456 1395/1775/1395 1605/1738/1605
f 1485/1776/1485 1457/1710/1457 1426/1777/1426
f 1421/1778/1421 1515/1779/1515 1536/1770/1536
f 1379/1624/1379 1566/1714/1566 1428/1713/1428
f 1427/1780/1427 1622/1781/1622 1626/1782/1626
f 1422/1744/1422 1544/1743/1544 1482/1768/1482
f 1425/1783/1425 1426/1777/1426 1607/1737/1607
f 1575/1760/1575 1456/1774/1456 1424/1758/1424
f 1536/1770/1536 1540/1784/1540 1554/1772/1554
f 1556/1785/1556 1464/1786/1464 1508/1496/1508
f 1670/1787/1670 1667/1788/1667 1620/1789/1620
f 1485/1776/1485 1426/1777/1426 1425/1783/1425
f 1670/1790/1670 1620/1789/1620 1666/1594/1666
f 1623/1791/1623 1500/1792/1500 1446/1793/1446
f 1416/1597/1416 1593/1596/1593 1406/1794/1406
f 1446/1795/1446 1626/1782/1626 1622/1781/1622
f 1622/1781/1622 1457/1710/1457 1446/1795/1446
f 1623/1712/1623 1446/1795/1446 1457/1710/1457
f 1471/1711/1471 1485/1776/1485 1437/1796/1437
f 1424/1797/1424 1477/1595/1477 1442/1754/1442
f 1528/1798/1528 1560/615/1560 1466/1799/1466
f 1558/1800/1558 1380/1801/1380 1445/1802/1445
f 1627/1502/1627 1527/1803/1527 1441/1804/1441
f 1396/1600/1396 1505/1512/1505 1558/1800/1558
f 1558/1800/1558 1505/1512/1505 1380/1801/1380
f 1503/1611/1503 1575/1555/1575 1451/1805/1451
f 1516/1806/1516 1547/1525/1547 1394/1807/1394
f 1392/1483/1392 1374/1547/1374 1537/1808/1537
f 1394/1809/1394 1593/1810/1593 1378/1811/1378
f 1558/1812/1558 1416/1597/1416 1406/1794/1406
f 1416/1597/1416 1596/1813/1596 1527/1598/1527
f 1445/1814/1445 1596/1813/1596 1558/1812/1558
f 1608/1602/1608 1487/1619/1487 1496/1721/1496
f 1596/1813/1596 1445/1814/1445 1592/1815/1592
f 1593/1810/1593 1616/1501/1616 1469/1816/1469
f 1420/1817/1420 1474/1677/1474 1659/1671/1659
f 1415/1641/1415 1556/1643/1556 1386/1702/1386
f 1668/1818/1668 1625/1708/1625 1437/1707/1437
f 1595/1518/1595 1501/1819/1501 1472/1516/1472
f 1595/1518/1595 1592/1815/1592 1501/1819/1501
f 1629/1820/1629 1467/1535/1467 1491/1821/1491
f 1448/1822/1448 1549/1823/1549 1455/1824/1455
f 1627/1502/1627 1613/1825/1613 1619/1500/1619
f 1472/1516/1472 1594/1588/1594 1618/1587/1618
f 1617/1661/1617 1618/1587/1618 1680/1826/1680
f 1619/1500/1619 1613/1825/1613 1614/1827/1614
f 1456/1774/1456 1439/1773/1439 1395/1775/1395
f 1441/1638/1441 1595/1518/1595 1677/1639/1677
f 1680/1828/1680 1618/1829/1618 1597/1830/1597
f 1597/1830/1597 1469/1816/1469 1616/1501/1616
f 1616/1501/1616 1619/1500/1619 1597/1830/1597
f 1595/1831/1595 1678/1832/1678 1677/1833/1677
f 1550/1733/1550 1586/1732/1586 1407/1730/1407
f 714/608/714 1528/1798/1528 710/609/710
f 1638/1635/1638 1580/1514/1580 1578/1834/1578
f 1537/1808/1537 1388/1530/1388 710/609/710
f 1641/1652/1641 1418/1610/1418 1478/1609/1478
f 1621/1835/1621 1620/1789/1620 1667/1788/1667
f 1588/1631/1588 1518/1836/1518 1624/1837/1624
f 1591/1750/1591 1587/1763/1587 1535/1751/1535
f 1459/1838/1459 1462/1592/1462 1440/1499/1440
f 1676/1766/1676 1413/1839/1413 1672/1764/1672
f 1495/1549/1495 1380/1801/1380 1505/1512/1505
f 1596/1813/1596 1595/1518/1595 1441/1638/1441
f 1586/1732/1586 1411/1734/1411 1551/1840/1551
f 1660/1841/1660 1651/1604/1651 1658/1606/1658
f 1655/1842/1655 1653/1681/1653 1665/1697/1665
f 1606/1742/1606 1540/1784/1540 1621/1835/1621
f 1493/1626/1493 1454/1558/1454 1542/1627/1542
f 1580/1514/1580 1582/1513/1582 1562/1526/1562
f 1679/1663/1679 1614/1662/1614 1615/1843/1615
f 1479/1533/1479 1634/1844/1634 1404/1614/1404
f 1597/1830/1597 1618/1829/1618 1415/1641/1415
f 1459/1838/1459 1524/1571/1524 1382/1640/1382
f 1679/1845/1679 1615/1846/1615 1678/1832/1678
f 1570/1554/1570 1538/1847/1538 1451/1805/1451
f 1576/1848/1576 1497/663/1497 540/678/540
f 1612/1716/1612 1646/1849/1646 1434/1731/1434
f 1482/1575/1482 1550/1574/1550 1581/1540/1581
f 1419/1850/1419 1637/1851/1637 1479/1852/1479
f 1455/1824/1455 1375/1620/1375 1566/1714/1566
f 1469/1816/1469 1597/1830/1597 1415/1641/1415
f 1534/1490/1534 1373/1492/1373 1384/1853/1384
f 1524/1571/1524 1488/1628/1488 1382/1640/1382
f 1428/1617/1428 1525/1616/1525 1513/1706/1513
f 1603/1854/1603 1653/1681/1653 1652/1680/1652
f 1513/1636/1513 1379/1624/1379 1428/1713/1428
f 1615/1846/1615 1677/1833/1677 1678/1832/1678
f 1530/1582/1530 1461/1479/1461 1453/1580/1453
f 814/605/814 1452/1493/1452 1387/1608/1387
f 814/605/814 1450/1553/1450 1452/1493/1452
f 1100/1131/1100 1102/1855/1102 1228/1856/1228
f 1228/1143/1228 1096/1857/1096 1088/1139/1088
f 1682/1858/1682 1189/1859/1189 1681/1860/1681
f 1096/1861/1096 1682/1858/1682 1313/1862/1313
f 1255/1863/1255 1283/1864/1283 1214/1155/1214
f 1093/1865/1093 1220/1866/1220 1096/1861/1096
f 1187/1867/1187 1219/1868/1219 1210/1145/1210
f 1281/1171/1281 1116/1172/1116 1314/1869/1314
f 1682/1858/1682 1220/1866/1220 1189/1859/1189
f 287/41/287 2533/42/2533 2035/1870/2035
f 27/1871/27 1969/1872/1969 20/20/20
f 2253/1873/2253 2155/1874/2155 2015/1875/2015
f 2344/1876/2344 2346/1877/2346 1971/1878/1971
f 2087/1879/2087 1929/1880/1929 1891/1881/1891
f 2069/1882/2069 2067/1883/2067 2031/1884/2031
f 1968/1885/1968 1878/1886/1878 2417/1887/2417
f 2510/1888/2510 1968/1885/1968 1969/1872/1969
f 2035/1870/2035 2533/42/2533 2381/1889/2381
f 2062/1890/2062 2523/1891/2523 2028/1892/2028
f 2069/1882/2069 2510/1888/2510 2067/1883/2067
f 2452/1893/2452 2087/1894/2087 2072/1895/2072
f 2071/1896/2071 2521/1897/2521 2335/1898/2335
f 2154/1899/2154 2066/1900/2066 1980/1901/1980
f 2155/1874/2155 2087/1879/2087 2066/1902/2066
f 1929/1880/1929 2155/1874/2155 2253/1873/2253
f 2253/1873/2253 2344/1876/2344 1929/1880/1929
f 2253/1873/2253 2015/1875/2015 2537/1903/2537
f 1929/1880/1929 2344/1876/2344 2086/1904/2086
f 2449/1905/2449 2031/1884/2031 2067/1883/2067
f 2086/1904/2086 2344/1876/2344 1986/1906/1986
f 1968/1885/1968 640/1907/640 20/20/20
f 1878/1886/1878 1968/1885/1968 2510/1888/2510
f 2417/1887/2417 1878/1886/1878 2104/1908/2104
f 2381/1889/2381 2545/1909/2545 2035/1870/2035
f 2087/1879/2087 2521/1897/2521 2072/1910/2072
f 1891/1881/1891 1929/1880/1929 2335/1898/2335
f 1955/1911/1955 2064/1912/2064 2381/1889/2381
f 2449/1905/2449 2067/1883/2067 1924/1913/1924
f 2067/1883/2067 2068/1914/2068 1924/1913/1924
f 2467/1915/2467 2510/1888/2510 2069/1882/2069
f 2060/65/2060 2009/1916/2009 2546/1917/2546
f 17/59/17 35/56/35 2248/1918/2248
f 1885/1919/1885 1972/1920/1972 1876/1921/1876
f 2546/1922/2546 2009/1923/2009 2003/1924/2003
f 2029/1925/2029 2034/1926/2034 2093/1927/2093
f 2404/1928/2404 733/52/733 1935/51/1935
f 45/54/45 1923/1929/1923 1936/55/1936
f 1985/1930/1985 2521/1897/2521 2071/1896/2071
f 2034/1926/2034 1935/51/1935 1943/1931/1943
f 2030/1932/2030 1876/1921/1876 2515/1933/2515
f 2073/1934/2073 2250/1935/2250 2517/1936/2517
f 2081/1937/2081 2484/1938/2484 28/58/28
f 1968/1885/1968 2417/1887/2417 2081/1937/2081
f 2081/1937/2081 28/58/28 640/1907/640
f 2534/1939/2534 2417/1887/2417 2104/1908/2104
f 2124/1940/2124 2452/1893/2452 2122/1941/2122
f 2473/1942/2473 2250/1935/2250 2124/1940/2124
f 32/103/32 665/61/665 1883/1943/1883
f 2116/1944/2116 2248/1918/2248 2249/1945/2249
f 2484/1938/2484 1926/1946/1926 2116/1944/2116
f 2116/1944/2116 2249/1945/2249 2484/1938/2484
f 2484/1938/2484 2249/1945/2249 35/56/35
f 2473/1942/2473 2539/1947/2539 2333/1948/2333
f 1876/1921/1876 2346/1877/2346 2062/1890/2062
f 1943/1931/1943 16/1949/16 299/514/299
f 2092/1950/2092 1971/1878/1971 1972/1920/1972
f 2029/1925/2029 2030/1932/2030 2515/1933/2515
f 1973/1951/1973 2092/1950/2092 2074/1952/2074
f 2346/1877/2346 1876/1921/1876 1972/1920/1972
f 2539/1947/2539 2473/1942/2473 2117/1953/2117
f 2335/1898/2335 1986/1906/1986 1973/1951/1973
f 2071/1896/2071 1973/1951/1973 1985/1930/1985
f 2122/1941/2122 2410/1954/2410 2124/1940/2124
f 1923/1929/1923 2116/1944/2116 2115/1955/2115
f 45/54/45 17/59/17 2248/1918/2248
f 18/1956/18 289/53/289 1936/55/1936
f 2148/1957/2148 18/1956/18 1922/1958/1922
f 2333/1948/2333 2534/1939/2534 2473/1942/2473
f 2404/1928/2404 2034/1926/2034 2036/1959/2036
f 2092/1950/2092 1973/1951/1973 1971/1878/1971
f 2483/1960/2483 31/97/31 2139/1961/2139
f 31/97/31 32/103/32 2139/1961/2139
f 1985/1930/1985 2121/1962/2121 2547/1963/2547
f 2534/1939/2534 2517/1936/2517 2250/1935/2250
f 2542/1964/2542 2528/1965/2528 2013/1966/2013
f 2003/1967/2003 2012/1968/2012 2542/1964/2542
f 1773/1969/1773 2011/1970/2011 2091/1971/2091
f 2486/1972/2486 2011/1970/2011 2014/106/2014
f 2377/1973/2377 1783/1974/1783 2304/1975/2304
f 1783/1974/1783 2543/1976/2543 2304/1975/2304
f 2007/1977/2007 2148/1978/2148 2149/1979/2149
f 2008/1980/2008 22/1981/22 2148/1978/2148
f 2007/1977/2007 1743/1982/1743 2008/1980/2008
f 2005/1983/2005 2430/1984/2430 2006/1985/2006
f 1727/1986/1727 2149/1979/2149 2456/1987/2456
f 1727/1986/1727 2005/1983/2005 2007/1977/2007
f 1727/1986/1727 2137/1988/2137 2305/1989/2305
f 2330/1990/2330 3312/1991/3312 8/1992/8
f 2298/1993/2298 8/1992/8 3312/1991/3312
f 1762/1994/1762 2125/1995/2125 1765/1996/1765
f 8/1992/8 2298/1993/2298 1764/1997/1764
f 1762/1994/1762 3326/1998/3326 1753/144/1753
f 2080/1999/2080 1752/2000/1752 1765/1996/1765
f 2080/1999/2080 3312/1991/3312 1752/2000/1752
f 4/251/4 1750/2001/1750 2292/2002/2292
f 2132/254/2132 2299/240/2299 143/189/143
f 12/2003/12 2475/2004/2475 33/2005/33
f 2163/2006/2163 2164/2007/2164 1725/2008/1725
f 1759/2009/1759 2163/2006/2163 1725/2008/1725
f 2658/2010/2658 1742/2011/1742 2134/2012/2134
f 2144/2013/2144 2090/2014/2090 1728/2015/1728
f 2664/2016/2664 2652/2017/2652 1769/237/1769
f 2664/2016/2664 1769/237/1769 2658/2010/2658
f 2259/2018/2259 2268/2019/2268 2261/2020/2261
f 2442/2021/2442 1768/2022/1768 2455/2023/2455
f 2263/2024/2263 2061/2025/2061 1746/2026/1746
f 2267/2027/2267 2270/2028/2270 1789/2029/1789
f 1787/2030/1787 2299/240/2299 2132/254/2132
f 2268/2019/2268 2259/2018/2259 2267/2027/2267
f 1788/2031/1788 2269/2032/2269 2268/2019/2268
f 1791/2033/1791 1788/2031/1788 1789/2029/1789
f 2109/2034/2109 1791/2033/1791 1787/2030/1787
f 1790/2035/1790 1785/2036/1785 2269/2032/2269
f 1791/2033/1791 1789/2029/1789 2299/240/2299
f 1790/2035/1790 2054/2037/2054 1786/2038/1786
f 2995/2039/2995 2316/2040/2316 2555/2041/2555
f 2997/2042/2997 2555/2041/2555 2996/2043/2996
f 30/200/30 2299/240/2299 2079/243/2079
f 2080/1999/2080 2125/1995/2125 2513/2044/2513
f 2622/2045/2622 1720/2046/1720 2632/2047/2632
f 2131/301/2131 1747/2048/1747 2130/159/2130
f 2125/1995/2125 2548/2049/2548 2270/2028/2270
f 1747/2048/1747 2134/2012/2134 1742/2011/1742
f 2134/2012/2134 1747/2048/1747 2164/2007/2164
f 2264/2050/2264 2262/2051/2262 2265/2052/2265
f 2295/2053/2295 2394/2054/2394 2455/2023/2455
f 2633/2055/2633 1745/2056/1745 2265/2052/2265
f 2296/2057/2296 1766/2058/1766 2266/2059/2266
f 2290/2060/2290 2293/2061/2293 1751/156/1751
f 609/250/609 2291/2062/2291 1750/2001/1750
f 1732/2063/1732 2442/2021/2442 2472/2064/2472
f 1774/2065/1774 2263/2024/2263 2295/2053/2295
f 2294/2066/2294 2295/2053/2295 2296/2057/2296
f 2294/2066/2294 2296/2057/2296 1745/2056/1745
f 11/238/11 2126/2067/2126 1761/161/1761
f 1720/2046/1720 1721/2068/1721 2632/2047/2632
f 2262/2051/2262 1729/2069/1729 1730/2070/1730
f 1761/161/1761 1751/156/1751 119/155/119
f 2052/2071/2052 2261/2020/2261 2268/2019/2268
f 2294/2066/2294 1774/2065/1774 2295/2053/2295
f 1789/2029/1789 2079/243/2079 2299/240/2299
f 2621/2072/2621 2294/2066/2294 2633/2055/2633
f 2293/2061/2293 121/2073/121 123/154/123
f 2130/159/2130 1742/2011/1742 3/2074/3
f 1767/2075/1767 1766/2058/1766 1768/2022/1768
f 2270/2028/2270 2079/243/2079 1789/2029/1789
f 1767/2075/1767 2665/2076/2665 2266/2059/2266
f 2164/2007/2164 2135/2077/2135 2134/2012/2134
f 2262/2051/2262 2264/2050/2264 2136/2078/2136
f 2143/2079/2143 2475/2004/2475 2214/2080/2214
f 1721/2068/1721 2263/2024/2263 1774/2065/1774
f 2550/2081/2550 2053/2082/2053 1791/2033/1791
f 1748/2083/1748 2505/2084/2505 2609/2085/2609
f 2163/2006/2163 1759/2009/1759 2524/2086/2524
f 2294/2066/2294 1745/2056/1745 2633/2055/2633
f 1785/2036/1785 1784/2087/1784 2269/2032/2269
f 1768/2022/1768 2442/2021/2442 1732/2063/1732
f 2394/2054/2394 2295/2053/2295 2263/2024/2263
f 1728/2015/1728 2061/2025/2061 1721/2068/1721
f 1766/2058/1766 2455/2023/2455 1768/2022/1768
f 1742/2011/1742 2658/2010/2658 1769/237/1769
f 2654/2088/2654 2260/2089/2260 2652/2017/2652
f 1788/2031/1788 2268/2019/2268 2267/2027/2267
f 1767/2075/1767 2270/2028/2270 2259/2018/2259
f 2130/159/2130 1747/2048/1747 1742/2011/1742
f 2270/2028/2270 2513/2044/2513 2125/1995/2125
f 1767/2075/1767 2657/2090/2657 2665/2076/2665
f 1788/2031/1788 2053/2082/2053 1790/2035/1790
f 2052/2071/2052 2268/2019/2268 2269/2032/2269
f 1750/2001/1750 4/251/4 609/250/609
f 2394/2054/2394 1746/2026/1746 2442/2021/2442
f 1768/2022/1768 2513/2044/2513 2270/2028/2270
f 2214/2080/2214 2472/2064/2472 1746/2026/1746
f 2079/243/2079 2270/2028/2270 2548/2049/2548
f 2261/2020/2261 2052/2071/2052 2260/2089/2260
f 123/154/123 1751/156/1751 2293/2061/2293
f 1767/2075/1767 1768/2022/1768 2270/2028/2270
f 2472/2064/2472 2292/2002/2292 1750/2001/1750
f 2475/2004/2475 2292/2002/2292 2214/2080/2214
f 1785/2036/1785 15/253/15 1784/2087/1784
f 2130/159/2130 460/158/460 2131/301/2131
f 799/2091/799 40/2092/40 1735/2093/1735
f 1780/2094/1780 2459/2095/2459 1723/2096/1723
f 2056/2097/2056 2479/2098/2479 1724/2099/1724
f 1736/2100/1736 1726/2101/1726 1734/2102/1734
f 2458/2103/2458 1734/2102/1734 1735/2093/1735
f 2458/2103/2458 1738/2104/1738 1736/2100/1736
f 1781/2105/1781 1782/2106/1782 1779/2107/1779
f 1758/2108/1758 1757/2109/1757 2339/2110/2339
f 2055/2111/2055 1740/2112/1740 2479/2098/2479
f 1741/2113/1741 2059/2114/2059 2058/2115/2058
f 2058/2115/2058 39/2116/39 1741/2113/1741
f 2059/2114/2059 1741/2113/1741 1740/2112/1740
f 2329/2117/2329 1780/2094/1780 1723/2096/1723
f 1735/2093/1735 763/2118/763 799/2091/799
f 1740/2112/1740 2055/2111/2055 2059/2114/2059
f 1756/2119/1756 2479/2098/2479 1740/2112/1740
f 2329/2117/2329 1736/2100/1736 1738/2104/1738
f 1737/2120/1737 40/2092/40 1/2121/1
f 39/2116/39 2058/2115/2058 26/2122/26
f 1754/2123/1754 1724/2099/1724 2479/2098/2479
f 1733/2124/1733 9/2125/9 1760/2126/1760
f 2524/2086/2524 2055/2111/2055 2479/2098/2479
f 2055/2111/2055 2524/2086/2524 1759/2009/1759
f 407/312/407 1942/337/1942 38/310/38
f 1879/2127/1879 2378/2128/2378 2343/2129/2343
f 2035/1870/2035 2065/2130/2065 2354/330/2354
f 1966/2131/1966 2064/1912/2064 2429/2132/2429
f 2378/2128/2378 1879/2127/1879 2016/2133/2016
f 2022/2134/2022 2015/1875/2015 2045/2135/2045
f 2019/2136/2019 2413/2137/2413 2022/2134/2022
f 2022/2134/2022 2045/2135/2045 2358/2138/2358
f 2033/2139/2033 2065/2130/2065 2398/2140/2398
f 2241/2141/2241 2065/2130/2065 2033/2139/2033
f 2044/2142/2044 2497/2143/2497 2041/2144/2041
f 2020/2145/2020 2429/2132/2429 2063/2146/2063
f 2241/2141/2241 34/326/34 2243/2147/2243
f 2243/2147/2243 2065/2130/2065 2241/2141/2241
f 2310/329/2310 2243/2147/2243 42/328/42
f 2311/2148/2311 633/2149/633 2354/330/2354
f 2337/2150/2337 2497/2143/2497 1924/2151/1924
f 2064/1912/2064 1966/2131/1966 2398/2140/2398
f 1879/2127/1879 2044/2142/2044 2016/2133/2016
f 2358/2138/2358 2045/2135/2045 2017/2152/2017
f 2035/1870/2035 2354/330/2354 287/41/287
f 2343/2129/2343 2045/2153/2045 2066/2154/2066
f 2398/2140/2398 2065/2130/2065 2545/1909/2545
f 2361/2155/2361 2063/2146/2063 2429/2132/2429
f 1960/2156/1960 2520/2157/2520 2412/2158/2412
f 2398/2140/2398 1966/2131/1966 2033/2139/2033
f 1933/2159/1933 2413/2137/2413 2019/2136/2019
f 2433/2160/2433 2025/2161/2025 1930/2162/1930
f 1930/2162/1930 2046/2163/2046 2047/2164/2047
f 19/2165/19 2024/2166/2024 1941/2167/1941
f 1960/2156/1960 2047/2168/2047 2422/2169/2422
f 2284/2170/2284 2322/2171/2322 1963/2172/1963
f 2288/2173/2288 2021/2174/2021 2016/2133/2016
f 2046/2163/2046 1930/2162/1930 2318/2175/2318
f 1940/2176/1940 2023/2177/2023 2032/2178/2032
f 2242/2179/2242 2241/2141/2241 2033/2139/2033
f 2502/2180/2502 1940/2176/1940 2042/2181/2042
f 1931/2182/1931 2048/2183/2048 2047/2168/2047
f 2506/2184/2506 2244/2185/2244 1965/2186/1965
f 2322/2171/2322 2038/2187/2038 47/411/47
f 2153/2188/2153 2324/2189/2324 2151/2190/2151
f 2022/2134/2022 2358/2138/2358 1931/2182/1931
f 2113/2191/2113 2490/2192/2490 48/2193/48
f 2244/2194/2244 23/2195/23 2242/2179/2242
f 2273/2196/2273 2460/2197/2460 2323/2198/2323
f 2418/2199/2418 2481/2200/2481 2285/2201/2285
f 2254/2202/2254 2114/2203/2114 2287/2204/2287
f 2280/2205/2280 2324/2189/2324 1961/2206/1961
f 2520/2157/2520 1960/2156/1960 2281/2207/2281
f 2016/2133/2016 2041/2144/2041 1941/2167/1941
f 2289/2208/2289 44/2209/44 37/2210/37
f 2314/2211/2314 2315/2212/2315 1965/2186/1965
f 2033/2139/2033 2359/2213/2359 2242/2179/2242
f 2480/401/2480 2114/2203/2114 2254/2202/2254
f 2033/2139/2033 1966/2131/1966 2359/2213/2359
f 2153/2188/2153 1961/2206/1961 2324/2189/2324
f 2152/2214/2152 2151/2190/2151 2315/2215/2315
f 2504/2216/2504 2389/2217/2389 2020/2145/2020
f 1962/2218/1962 2037/2219/2037 2038/2187/2038
f 2506/2184/2506 1963/2172/1963 2113/2191/2113
f 2341/2220/2341 1928/2221/1928 2026/2222/2026
f 2536/2223/2536 2032/2178/2032 2023/2177/2023
f 1967/2224/1967 2275/2225/2275 2254/2202/2254
f 2520/2157/2520 2280/2205/2280 1961/2206/1961
f 2289/2208/2289 37/2210/37 2993/2226/2993
f 2285/2201/2285 2273/2227/2273 2418/2199/2418
f 2153/2188/2153 2389/2217/2389 2504/2216/2504
f 2114/2203/2114 2286/2228/2286 2287/2204/2287
f 19/2165/19 41/2229/41 2018/2230/2018
f 2392/2231/2392 2436/2232/2436 2040/2233/2040
f 2284/2170/2284 1964/2234/1964 2322/2171/2322
f 2993/2226/2993 2275/2235/2275 2418/2236/2418
f 2244/2185/2244 2506/2184/2506 49/2237/49
f 2412/2158/2412 1931/2182/1931 1960/2156/1960
f 49/2237/49 23/2238/23 2244/2185/2244
f 2412/2158/2412 2022/2134/2022 1931/2182/1931
f 2047/2168/2047 1960/2156/1960 1931/2182/1931
f 2389/2217/2389 1966/2131/1966 2429/2132/2429
f 2433/2160/2433 2023/2177/2023 1934/2239/1934
f 2502/2180/2502 2042/2181/2042 2040/2233/2040
f 1875/2240/1875 2276/2241/2276 2318/2175/2318
f 2461/2242/2461 2274/2243/2274 2027/2244/2027
f 2461/2242/2461 2499/2245/2499 1932/2246/1932
f 2536/2223/2536 2021/2174/2021 2288/2173/2288
f 2037/2219/2037 2114/2203/2114 2480/401/2480
f 2359/2213/2359 2152/2214/2152 2315/2215/2315
f 2286/2247/2286 1962/2248/1962 2319/2249/2319
f 1843/2250/1843 2276/2251/2276 2368/2252/2368
f 2319/2249/2319 2287/2253/2287 2286/2247/2286
f 2276/2251/2276 1843/2250/1843 2422/2254/2422
f 1959/2255/1959 2283/2256/2283 2282/2257/2282
f 2282/2257/2282 2414/2258/2414 1959/2255/1959
f 1875/2259/1875 2049/2260/2049 2276/2251/2276
f 1957/2261/1957 2279/2262/2279 2283/2256/2283
f 2353/2263/2353 1771/2264/1771 1772/2265/1772
f 2505/2084/2505 2476/2266/2476 2353/2263/2353
f 2485/2267/2485 2010/2268/2010 2145/2269/2145
f 2528/1965/2528 2144/2013/2144 1728/2015/1728
f 2486/1972/2486 2091/1971/2091 2011/1970/2011
f 2146/2270/2146 1771/2264/1771 2476/2266/2476
f 2542/1964/2542 2485/2267/2485 2528/1965/2528
f 2486/1972/2486 2010/2268/2010 2091/1971/2091
f 22/1981/22 1743/1982/1743 105/2271/105
f 1770/2272/1770 1771/2264/1771 1731/2273/1731
f 29/95/29 2483/1960/2483 2002/2274/2002
f 1886/2275/1886 2400/2276/2400 2075/2277/2075
f 1887/2278/1887 1888/2279/1888 2070/2280/2070
f 1895/2281/1895 2373/2282/2373 2399/2283/2399
f 1912/2284/1912 2416/2285/2416 2103/2286/2103
f 1783/1974/1783 2388/2287/2388 2000/2288/2000
f 1944/2289/1944 2456/2290/2456 1921/2291/1921
f 2088/2292/2088 2469/2293/2469 1884/2294/1884
f 1938/2295/1938 2325/2296/2325 1951/2297/1951
f 1939/2298/1939 2375/2299/2375 1953/2300/1953
f 1943/1931/1943 299/514/299 2002/2274/2002
f 2402/2301/2402 2137/2302/2137 1944/2289/1944
f 1944/2289/1944 2225/2303/2225 2402/2301/2402
f 1893/2304/1893 1947/2305/1947 1945/2306/1945
f 1892/2307/1892 2509/2308/2509 2416/2285/2416
f 1952/2309/1952 2379/2310/2379 2340/2311/2340
f 2447/2312/2447 2342/2313/2342 2226/2314/2226
f 2387/2315/2387 2082/2316/2082 1886/2275/1886
f 1976/2317/1976 2432/2318/2432 2390/2319/2390
f 1949/2320/1949 1945/2306/1945 2300/2321/2300
f 2369/2322/2369 1950/2323/1950 2302/2324/2302
f 1990/2325/1990 2432/2318/2432 2498/2326/2498
f 1998/2327/1998 1997/2328/1997 1954/2329/1954
f 1897/2330/1897 1919/2331/1919 1999/2332/1999
f 1890/2333/1890 2357/2334/2357 2002/2274/2002
f 2074/1952/2074 2092/1950/2092 2070/2280/2070
f 2469/2293/2469 2076/2335/2076 2077/2336/2077
f 2500/2337/2500 2127/2338/2127 2076/2335/2076
f 2405/2339/2405 2077/2336/2077 2129/2340/2129
f 1889/2341/1889 2077/2336/2077 2405/2339/2405
f 2108/2342/2108 2405/2339/2405 2078/2343/2078
f 1984/2344/1984 1978/2345/1978 2082/2316/2082
f 1937/2346/1937 1925/2347/1925 2085/2348/2085
f 1974/2349/1974 1984/2344/1984 2088/2292/2088
f 2070/2280/2070 1972/1920/1972 1887/2278/1887
f 2029/1925/2029 2093/1927/2093 1981/2350/1981
f 2103/2286/2103 2416/2285/2416 2102/2351/2102
f 2448/2352/2448 1988/2353/1988 2105/2354/2105
f 2428/2355/2428 2120/2356/2120 2106/2357/2106
f 1987/2358/1987 2308/2359/2308 2084/2360/2084
f 2309/2361/2309 1995/2362/1995 2112/2363/2112
f 2117/1953/2117 2410/1954/2410 2118/2364/2118
f 2419/2365/2419 1937/2346/1937 2119/2366/2119
f 2138/2367/2138 1993/2368/1993 2514/2369/2514
f 2149/1979/2149 1920/2370/1920 2456/1987/2456
f 2514/2369/2514 2388/2371/2388 2306/2372/2306
f 2224/2373/2224 2419/2374/2419 2348/2375/2348
f 1944/2289/1944 1921/2291/1921 1937/2346/1937
f 1988/2353/1988 2300/2376/2300 2428/2377/2428
f 2303/2378/2303 1894/2379/1894 1949/2320/1949
f 2305/1989/2305 2137/1988/2137 2226/2380/2226
f 2142/2381/2142 2306/2382/2306 2377/1973/2377
f 2307/2383/2307 1953/2300/1953 1994/2384/1994
f 2110/2385/2110 2112/2363/2112 2308/2386/2308
f 2110/2385/2110 1996/2387/1996 2309/2361/2309
f 2400/2276/2400 1886/2275/1886 2082/2316/2082
f 2076/2335/2076 2127/2338/2127 2128/2388/2128
f 2320/2389/2320 1977/2390/1977 2119/2366/2119
f 1921/2291/1921 1920/2391/1920 2397/2392/2397
f 2371/2393/2371 1987/2358/1987 1979/2394/1979
f 2308/2386/2308 1994/2384/1994 2215/2395/2215
f 2320/2389/2320 2118/2364/2118 1977/2390/1977
f 1999/2396/1999 1950/2323/1950 2369/2322/2369
f 1977/2397/1977 2348/2375/2348 2119/2398/2119
f 2332/2399/2332 1991/2400/1991 1976/2317/1976
f 2379/2401/2379 2118/2364/2118 2410/1954/2410
f 2084/2360/2084 1995/2402/1995 1978/2345/1978
f 2340/2311/2340 1990/2325/1990 1952/2309/1952
f 1880/2403/1880 1974/2349/1974 2141/2404/2141
f 1988/2353/1988 2428/2377/2428 2106/2405/2106
f 1882/2406/1882 2397/2392/2397 2115/1955/2115
f 1884/2294/1884 1974/2349/1974 2088/2292/2088
f 2089/2407/2089 2120/2408/2120 2121/1962/2121
f 1883/1943/1883 2140/2409/2140 32/103/32
f 2402/2301/2402 2226/2410/2226 2137/2302/2137
f 2226/2380/2226 2142/2381/2142 2305/1989/2305
f 2448/2352/2448 1978/2345/1978 1995/2402/1995
f 1993/2368/1993 2371/2393/2371 1975/2411/1975
f 1974/2349/1974 1979/2394/1979 1984/2344/1984
f 1975/2411/1975 2371/2393/2371 1880/2403/1880
f 2369/2322/2369 2302/2324/2302 2301/2412/2301
f 2000/2288/2000 2003/1967/2003 1783/1974/1783
f 2426/2413/2426 1996/2387/1996 2110/2385/2110
f 1979/2394/1979 1880/2403/1880 2371/2393/2371
f 1996/2387/1996 2426/2413/2426 1948/2414/1948
f 1992/2415/1992 1953/2300/1953 2375/2299/2375
f 2333/1948/2333 2539/1947/2539 2085/2348/2085
f 2456/1987/2456 2137/1988/2137 1727/1986/1727
f 2379/2310/2379 1952/2309/1952 2118/2416/2118
f 1953/2300/1953 2307/2383/2307 1939/2298/1939
f 2387/2315/2387 2500/2337/2500 2088/2292/2088
f 1993/2368/1993 2138/2367/2138 2371/2393/2371
f 2074/1952/2074 2400/2276/2400 2089/2407/2089
f 1981/2350/1981 2030/1932/2030 2029/1925/2029
f 1938/2295/1938 2226/2417/2226 2402/2418/2402
f 2540/2419/2540 1926/1946/1926 1927/2420/1927
f 1995/2402/1995 2111/2421/2111 1988/2353/1988
f 2093/1927/2093 1889/2341/1889 2405/2339/2405
f 2432/2318/2432 1976/2317/1976 1991/2400/1991
f 1938/2295/1938 2447/2422/2447 2226/2417/2226
f 2379/2310/2379 2301/2412/2301 2302/2324/2302
f 1977/2397/1977 2118/2416/2118 1952/2309/1952
f 2419/2374/2419 2224/2373/2224 2225/2423/2225
f 2127/2338/2127 2500/2337/2500 2075/2277/2075
f 2075/2277/2075 2074/1952/2074 1888/2279/1888
f 2426/2413/2426 2215/2395/2215 1948/2414/1948
f 1994/2384/1994 2083/2424/2083 2307/2383/2307
f 2127/2338/2127 1888/2279/1888 2078/2343/2078
f 1883/1943/1883 2141/2404/2141 2140/2409/2140
f 2388/2371/2388 2514/2369/2514 1877/2425/1877
f 2432/2318/2432 1990/2325/1990 1895/2281/1895
f 2224/2373/2224 2100/2426/2100 2225/2423/2225
f 2500/2337/2500 2076/2335/2076 2469/2293/2469
f 1987/2358/1987 2083/2427/2083 2308/2359/2308
f 2089/2407/2089 2121/1962/2121 1985/1930/1985
f 2306/2372/2306 2142/2428/2142 2342/2313/2342
f 2004/2429/2004 2000/2430/2000 1877/2425/1877
f 1888/2279/1888 2074/1952/2074 2070/2280/2070
f 1925/2347/1925 1937/2346/1937 1882/2406/1882
f 1975/2411/1975 1880/2403/1880 2141/2404/2141
f 2509/2308/2509 1948/2414/1948 2215/2395/2215
f 2325/2296/2325 1938/2295/1938 2100/2426/2100
f 2076/2335/2076 2129/2340/2129 2077/2336/2077
f 2540/2419/2540 2085/2348/2085 1925/2347/1925
f 1970/2431/1970 2121/2432/2121 2120/2356/2120
f 2531/2433/2531 2363/2434/2363 1687/2435/1687
f 3178/2436/3178 1687/2435/1687 2541/2437/2541
f 2216/2438/2216 1708/2439/1708 2462/2440/2462
f 2482/2441/2482 2147/2442/2147 1701/2443/1701
f 1703/2444/1703 2525/2445/2525 2097/2446/2097
f 1719/2447/1719 2321/2448/2321 1699/2449/1699
f 2098/2450/2098 2525/2445/2525 1691/2451/1691
f 1691/2451/1691 1699/2449/1699 2098/2450/2098
f 1719/2447/1719 2401/2452/2401 2099/2453/2099
f 1717/2454/1717 2220/2455/2220 1718/2456/1718
f 1716/2457/1716 1700/2458/1700 1697/2459/1697
f 2220/2455/2220 1717/2454/1717 2401/2452/2401
f 1704/2460/1704 1694/2461/1694 1695/2462/1695
f 2313/2463/2313 1694/2461/1694 1704/2460/1704
f 1708/2439/1708 1695/2462/1695 2217/2464/2217
f 2216/2438/2216 2435/2465/2435 2258/2466/2258
f 2501/2467/2501 2482/2441/2482 1714/2468/1714
f 2258/2466/2258 1713/2469/1713 2312/2470/2312
f 1698/2471/1698 2462/2440/2462 2217/2464/2217
f 1718/2456/1718 2220/2455/2220 3029/2472/3029
f 2531/2433/2531 2219/2473/2219 2363/2434/2363
f 2518/2474/2518 1707/2475/1707 2437/2476/2437
f 2401/2452/2401 1719/2447/1719 2220/2455/2220
f 2098/2450/2098 2530/2477/2530 1705/2478/1705
f 2503/2479/2503 1684/2480/1684 3017/2481/3017
f 1704/2460/1704 2437/2476/2437 2313/2463/2313
f 1697/2459/1697 1715/2482/1715 1716/2457/1716
f 1719/2447/1719 2099/2453/2099 2321/2448/2321
f 2393/2483/2393 1686/2484/1686 2217/2464/2217
f 1697/2485/1697 1687/2435/1687 2363/2434/2363
f 1701/2443/1701 2097/2446/2097 2150/2486/2150
f 1718/2487/1718 2393/2483/2393 1694/2461/1694
f 2147/2442/2147 2482/2441/2482 1702/2488/1702
f 2345/2489/2345 1683/2490/1683 2380/2491/2380
f 2096/2492/2096 2099/2453/2099 2401/2452/2401
f 2312/2470/2312 1711/2493/1711 2258/2466/2258
f 1683/2494/1683 2217/2464/2217 1686/2484/1686
f 1700/2495/1700 1685/2496/1685 2541/2437/2541
f 1702/2488/1702 2503/2497/2503 1685/2498/1685
f 2482/2441/2482 2501/2467/2501 1702/2488/1702
f 2363/2499/2363 2220/2455/2220 1719/2447/1719
f 1699/2449/1699 1706/2500/1706 2530/2477/2530
f 1715/2482/1715 1719/2447/1719 1699/2449/1699
f 1699/2449/1699 2321/2448/2321 1706/2500/1706
f 2094/2501/2094 1692/2502/1692 2097/2446/2097
f 2385/2503/2385 3017/2481/3017 1684/2480/1684
f 1684/2504/1684 2501/2467/2501 1710/2505/1710
f 2487/2506/2487 1845/2507/1845 2159/2508/2159
f 2198/2509/2198 2185/2510/2185 1796/2511/1796
f 1848/2512/1848 1800/2513/1800 1802/2514/1802
f 2376/2515/2376 2351/2516/2351 1825/2517/1825
f 1809/2518/1809 1792/2519/1792 2453/2520/2453
f 2411/2521/2411 1868/2522/1868 1793/2523/1793
f 1847/2524/1847 2326/2525/2326 2465/2526/2465
f 1849/2527/1849 1805/2528/1805 1852/2529/1852
f 1852/2529/1852 2351/2516/2351 1850/2530/1850
f 2162/2531/2162 1856/2532/1856 1845/2507/1845
f 2162/2531/2162 2496/2533/2496 1856/2532/1856
f 1848/2512/1848 1802/2514/1802 1813/2534/1813
f 2496/2533/2496 2199/2535/2199 1856/2532/1856
f 1812/2536/1812 1806/2537/1806 1852/2529/1852
f 2235/2538/2235 1872/2539/1872 1871/2540/1871
f 2511/2541/2511 1857/2542/1857 1874/2543/1874
f 2170/2544/2170 2494/2545/2494 2196/2546/2196
f 2212/2547/2212 2192/2548/2192 2745/2549/2745
f 2166/2550/2166 2165/2551/2165 2167/2552/2167
f 2692/2553/2692 2169/2554/2169 2171/2555/2171
f 2691/2556/2691 2171/2557/2171 2211/2558/2211
f 2173/2559/2173 2183/2560/2183 2184/2561/2184
f 2174/2562/2174 2470/2563/2470 2179/2564/2179
f 2179/2564/2179 2470/2563/2470 2199/2535/2199
f 2202/2565/2202 2370/2566/2370 2181/2567/2181
f 2492/2568/2492 2331/2569/2331 2182/2570/2182
f 2174/2562/2174 2184/2561/2184 1795/2571/1795
f 1795/2571/1795 2470/2563/2470 2174/2562/2174
f 2188/2572/2188 2177/2573/2177 2187/2574/2187
f 2187/2574/2187 1799/2575/1799 2188/2572/2188
f 1801/2576/1801 2210/2577/2210 2189/2578/2189
f 2200/2579/2200 2175/2580/2175 2193/2581/2193
f 2195/2582/2195 2440/2583/2440 2240/2584/2240
f 2171/2557/2171 2213/2585/2213 2208/2586/2208
f 2186/2587/2186 2180/2588/2180 2198/2509/2198
f 2538/2589/2538 2179/2564/2179 2200/2579/2200
f 2538/2589/2538 2192/2548/2192 2206/2590/2206
f 2180/2588/2180 2176/2591/2176 2207/2592/2207
f 2207/2592/2207 2201/2593/2201 2180/2588/2180
f 2207/2592/2207 2177/2573/2177 2195/2582/2195
f 2492/2568/2492 2407/2594/2407 2196/2546/2196
f 2205/2595/2205 2197/2596/2197 2209/2597/2209
f 1803/2598/1803 2204/2599/2204 2210/2577/2210
f 2210/2577/2210 2331/2569/2331 2211/2558/2211
f 2703/2600/2703 2168/2601/2168 2221/2602/2221
f 1794/2603/1794 2411/2521/2411 1869/2604/1869
f 1868/2522/1868 2411/2521/2411 1794/2603/1794
f 1870/2605/1870 2338/2606/2338 2234/2607/2234
f 1809/2518/1809 2453/2520/2453 2372/2608/2372
f 2240/2584/2240 2172/2609/2172 2194/2610/2194
f 2470/2563/2470 1856/2532/1856 2199/2535/2199
f 1812/2536/1812 2529/2611/2529 2202/2565/2202
f 2409/2612/2409 1796/2511/1796 2185/2510/2185
f 2194/2610/2194 2195/2582/2195 2240/2584/2240
f 2169/2613/2169 2240/2584/2240 2440/2583/2440
f 2338/2606/2338 1870/2605/1870 1846/2614/1846
f 2372/2608/2372 2350/2615/2350 1851/2616/1851
f 2206/2590/2206 2192/2548/2192 2191/2617/2191
f 2213/2585/2213 2171/2557/2171 2169/2613/2169
f 1868/2522/1868 1792/2618/1792 1809/2619/1809
f 2234/2607/2234 2198/2509/2198 1870/2605/1870
f 1868/2522/1868 1809/2619/1809 2372/2620/2372
f 2370/2566/2370 2407/2594/2407 2181/2567/2181
f 2211/2558/2211 2494/2545/2494 2691/2556/2691
f 2496/2533/2496 1870/2605/1870 1796/2511/1796
f 2492/2568/2492 2181/2567/2181 2407/2594/2407
f 1874/2543/1874 1803/2598/1803 1801/2576/1801
f 1793/2523/1793 1868/2522/1868 1815/2621/1815
f 1813/2534/1813 1849/2527/1849 1848/2512/1848
f 2201/2593/2201 2207/2592/2207 2194/2610/2194
f 2221/2622/2221 2197/2596/2197 2205/2595/2205
f 2408/2623/2408 2196/2546/2196 2407/2594/2407
f 2494/2545/2494 2211/2558/2211 2331/2569/2331
f 2176/2591/2176 2187/2574/2187 2177/2573/2177
f 2434/2624/2434 2222/2625/2222 2212/2626/2212
f 1799/2575/1799 2516/2627/2516 2188/2572/2188
f 1870/2605/1870 2496/2533/2496 1846/2614/1846
f 2187/2574/2187 2176/2591/2176 2186/2587/2186
f 1799/2575/1799 2187/2574/2187 1871/2540/1871
f 2178/2628/2178 2209/2597/2209 2203/2629/2203
f 1873/2630/1873 1801/2576/1801 2516/2627/2516
f 2184/2561/2184 2174/2562/2174 2173/2559/2173
f 2403/2631/2403 1846/2614/1846 2496/2533/2496
f 2167/2632/2167 2172/2633/2172 2491/2634/2491
f 2193/2581/2193 2201/2593/2201 2165/2551/2165
f 2204/2599/2204 1803/2598/1803 1814/2635/1814
f 2255/2636/2255 2317/2637/2317 2256/2638/2256
f 1906/2639/1906 2103/2286/2103 1946/2640/1946
f 1950/2323/1950 1999/2396/1999 1913/2641/1913
f 1908/2642/1908 2390/2319/2390 1907/2643/1907
f 2489/2644/2489 1948/2414/1948 1909/2645/1909
f 1910/2646/1910 1900/2647/1900 1901/2648/1901
f 2247/2649/2247 2246/2650/2246 1911/2651/1911
f 2094/2501/2094 1899/2652/1899 1912/2284/1912
f 2474/2653/2474 1696/2654/1696 1917/2655/1917
f 1696/2656/1696 1693/2657/1693 2257/2658/2257
f 1916/2659/1916 1696/2654/1696 1918/2660/1918
f 1976/2317/1976 2390/2319/2390 1982/2661/1982
f 2246/2650/2246 2096/2492/2096 2245/2662/2245
f 2313/2463/2313 1696/2656/1696 2251/2663/2251
f 1983/2664/1983 2317/2637/2317 2252/2665/2252
f 2256/2638/2256 1915/2666/1915 2519/2667/2519
f 1915/2666/1915 2256/2638/2256 1908/2642/1908
f 2312/2470/2312 2252/2665/2252 2317/2637/2317
f 1917/2655/1917 2245/2662/2245 2474/2653/2474
f 1696/2654/1696 1916/2659/1916 1917/2655/1917
f 2519/2667/2519 2257/2658/2257 1693/2657/1693
f 2399/2283/2399 1950/2323/1950 1913/2641/1913
f 2509/2308/2509 1892/2307/1892 1898/2668/1898
f 2255/2636/2255 2312/2470/2312 2317/2637/2317
f 2362/2669/2362 1983/2664/1983 2356/2670/2356
f 1899/2652/1899 2454/2671/2454 1898/2668/1898
f 1914/2672/1914 2399/2283/2399 1913/2641/1913
f 1894/2379/1894 1910/2646/1910 1896/2673/1896
f 1999/2396/1999 1919/2674/1919 1913/2641/1913
f 2399/2283/2399 1908/2642/1908 1907/2643/1907
f 1900/2647/1900 1910/2646/1910 1911/2651/1911
f 2399/2283/2399 1907/2643/1907 1895/2281/1895
f 1982/2661/1982 2390/2319/2390 1983/2664/1983
f 2246/2650/2246 2245/2662/2245 1911/2651/1911
f 1692/2502/1692 2441/2675/2441 1905/2676/1905
f 1707/2475/1707 2519/2667/2519 1693/2657/1693
f 1905/2676/1905 2441/2675/2441 1906/2639/1906
f 1914/2672/1914 2257/2658/2257 1915/2666/1915
f 1900/2647/1900 1917/2655/1917 1901/2648/1901
f 2317/2637/2317 1983/2664/1983 2390/2319/2390
f 1815/2621/1815 2423/2677/2423 1793/2523/1793
f 1793/2523/1793 2439/2678/2439 2411/2521/2411
f 2158/2679/2158 2157/2680/2157 1846/2614/1846
f 2238/2681/2238 1798/2682/1798 1797/2683/1797
f 1818/2684/1818 2427/2685/2427 1798/2682/1798
f 1819/2686/1819 2427/2685/2427 2444/2687/2444
f 1819/2686/1819 1820/2688/1820 1800/2513/1800
f 1825/2517/1825 2478/2689/2478 1824/2690/1824
f 2493/2691/2493 1827/2692/1827 1826/2693/1826
f 1822/2694/1822 1866/2695/1866 2478/2689/2478
f 1866/2695/1866 1822/2694/1822 1821/2696/1821
f 1821/2696/1821 1865/2697/1865 1866/2695/1866
f 1831/2698/1831 1829/2699/1829 1853/2700/1853
f 1853/2700/1853 2477/2701/2477 1831/2698/1831
f 1859/2702/1859 1830/2703/1830 1831/2698/1831
f 1832/2704/1832 2457/2705/2457 1860/2706/1860
f 2420/2707/2420 1833/2708/1833 1861/2709/1861
f 1834/2710/1834 2526/2711/2526 2328/2712/2328
f 1837/2713/1837 2431/2714/2431 1808/2715/1808
f 2421/2716/2421 2233/2717/2233 1837/2713/1837
f 1837/2718/1837 1858/2719/1858 2421/2720/2421
f 1840/2721/1840 1854/2722/1854 1829/2699/1829
f 1804/2723/1804 2463/2724/2463 2051/2725/2051
f 1844/2726/1844 2386/2727/2386 2424/2728/2424
f 2532/2729/2532 1810/2730/1810 1958/2731/1958
f 2285/2732/2285 2481/2733/2481 2544/2734/2544
f 2278/2735/2278 2463/2724/2463 2228/2736/2228
f 1816/2737/1816 2423/2677/2423 1859/2702/1859
f 1817/2738/1817 2334/2739/2334 1860/2706/1860
f 1861/2709/1861 2367/2740/2367 1828/2741/1828
f 1819/2686/1819 2444/2687/2444 1863/2742/1863
f 1863/2742/1863 1864/2743/1864 1819/2686/1819
f 1864/2743/1864 2239/2744/2239 1865/2697/1865
f 1854/2722/1854 2279/2262/2279 1957/2261/1957
f 1959/2255/1959 2414/2258/2414 1841/2745/1841
f 1843/2250/1843 2328/2712/2328 2422/2254/2422
f 2157/2680/2157 2158/2679/2158 2161/2746/2161
f 2157/2680/2157 2161/2746/2161 1828/2741/1828
f 2159/2508/2159 2450/2747/2450 1817/2738/1817
f 2158/2679/2158 2403/2631/2403 2161/2746/2161
f 2162/2531/2162 2383/2748/2383 2403/2631/2403
f 2527/2749/2527 2271/2750/2271 2227/2751/2227
f 2230/2752/2230 2495/2753/2495 2231/2754/2231
f 2229/2755/2229 2478/2689/2478 1866/2695/1866
f 2239/2744/2239 1835/2756/1835 1839/2757/1839
f 2271/2750/2271 2352/2758/2352 2349/2759/2349
f 2271/2750/2271 2527/2749/2527 2352/2758/2352
f 2481/2733/2481 2272/2760/2272 2544/2734/2544
f 2466/2761/2466 1860/2706/1860 2457/2705/2457
f 1830/2703/1830 1859/2702/1859 2423/2677/2423
f 2471/2762/2471 2464/2763/2464 2444/2687/2444
f 2471/2762/2471 1862/2764/1862 1834/2710/1834
f 1800/2513/1800 1820/2688/1820 1802/2514/1802
f 1820/2688/1820 1821/2696/1821 1802/2514/1802
f 2367/2740/2367 1861/2709/1861 1833/2708/1833
f 2527/2749/2527 2232/2765/2232 1804/2723/1804
f 1828/2741/1828 2238/2681/2238 2157/2680/2157
f 1836/2766/1836 2544/2734/2544 2272/2760/2272
f 1865/2697/1865 1821/2696/1821 1820/2688/1820
f 1831/2698/1831 1860/2706/1860 2334/2739/2334
f 1866/2695/1866 1865/2697/1865 2239/2744/2239
f 1828/2741/1828 2161/2746/2161 2156/2767/2156
f 1813/2534/1813 1823/2768/1823 1805/2528/1805
f 2477/2701/2477 1854/2722/1854 1957/2261/1957
f 1855/2769/1855 2319/2249/2319 1962/2248/1962
f 1829/2699/1829 1831/2698/1831 1830/2703/1830
f 2368/2252/2368 2049/2260/2049 2237/2770/2237
f 2230/2752/2230 2522/2771/2522 1835/2756/1835
f 1826/2693/1826 1815/2621/1815 2493/2691/2493
f 1832/2704/1832 2477/2701/2477 1841/2745/1841
f 2360/2772/2360 1836/2766/1836 2233/2717/2233
f 2360/2772/2360 1867/2773/1867 2227/2751/2227
f 2232/2765/2232 2549/2774/2549 1824/2690/1824
f 1841/2745/1841 1957/2261/1957 1959/2255/1959
f 2231/2754/2231 2495/2753/2495 2050/2775/2050
f 1822/2694/1822 2478/2689/2478 1823/2768/1823
f 2051/2725/2051 2352/2758/2352 1804/2723/1804
f 1828/2741/1828 2156/2767/2156 1861/2709/1861
f 2431/2714/2431 1837/2713/1837 2233/2717/2233
f 2383/2748/2383 2162/2531/2162 2160/2776/2160
f 2526/2711/2526 2238/2681/2238 1838/2777/1838
f 2386/2727/2386 1844/2726/1844 1838/2777/1838
f 2526/2711/2526 1834/2710/1834 1862/2764/1862
f 2471/2762/2471 1834/2710/1834 1843/2250/1843
f 2421/2720/2421 1858/2719/1858 1826/2693/1826
f 2544/2734/2544 2227/2751/2227 2271/2750/2271
f 2391/2778/2391 2478/2689/2478 2229/2755/2229
f 2532/2729/2532 1958/2731/1958 2443/2779/2443
f 1818/2684/1818 2238/2681/2238 1862/2764/1862
f 1853/2700/1853 1829/2699/1829 1854/2722/1854
f 2284/2780/2284 1854/2722/1854 1840/2721/1840
f 1817/2738/1817 2487/2506/2487 2159/2508/2159
f 1839/2757/1839 2522/2771/2522 2228/2736/2228
f 1840/2721/1840 1829/2699/1829 1808/2781/1808
f 2237/2770/2237 2230/2752/2230 2464/2763/2464
f 1858/2719/1858 1837/2718/1837 1830/2703/1830
f 2532/2729/2532 1842/2782/1842 1833/2708/1833
f 44/2209/44 2018/2230/2018 41/2229/41
f 2109/2034/2109 2551/2783/2551 2550/2081/2550
f 2053/2082/2053 2553/2784/2553 2054/2037/2054
f 2550/2081/2550 2644/2785/2644 2554/2786/2554
f 2550/2081/2550 2554/2786/2554 2053/2082/2053
f 2994/2787/2994 2555/2041/2555 2997/2042/2997
f 2562/2788/2562 2557/2789/2557 2558/2790/2558
f 2563/2791/2563 2558/2790/2558 2561/2792/2561
f 2561/2793/2561 2560/2794/2560 2556/2795/2556
f 2561/2796/2561 2559/2797/2559 2560/2798/2560
f 2559/2797/2559 2557/2789/2557 2560/2798/2560
f 2628/2799/2628 2629/2800/2629 2636/2801/2636
f 2636/2801/2636 2629/2800/2629 2569/2802/2569
f 2602/2803/2602 2634/2804/2634 2570/2805/2570
f 2575/2806/2575 2641/2807/2641 2571/2808/2571
f 2605/2809/2605 2572/2810/2572 2604/2811/2604
f 2641/2807/2641 2575/2806/2575 2637/2812/2637
f 2630/2813/2630 2587/2814/2587 2600/2815/2600
f 2588/2816/2588 2587/2814/2587 2579/2817/2579
f 2594/2818/2594 2592/2819/2592 2591/2820/2591
f 2593/2821/2593 2594/2818/2594 2574/2822/2574
f 2602/2803/2602 2640/2823/2640 2569/2824/2569
f 2609/2085/2609 2564/2825/2564 2606/2826/2606
f 2612/2827/2612 2615/2828/2615 2618/2829/2618
f 2611/2830/2611 2610/2831/2610 2613/2832/2613
f 2614/2833/2614 2582/2834/2582 2584/2835/2584
f 2619/2836/2619 2615/2828/2615 2561/2793/2561
f 2619/2836/2619 2556/2795/2556 2614/2833/2614
f 2629/2800/2629 2628/2799/2628 2565/2837/2565
f 2586/2838/2586 2577/2839/2577 2578/2840/2578
f 2623/2841/2623 2598/2842/2598 2586/2838/2586
f 2626/2843/2626 2602/2803/2602 2617/2844/2617
f 2600/2815/2600 2588/2816/2588 2601/2845/2601
f 2579/2817/2579 2601/2845/2601 2588/2816/2588
f 2585/2846/2585 2632/2847/2632 1774/2848/1774
f 2638/2849/2638 2566/2850/2566 2576/2851/2576
f 2593/2821/2593 2612/2827/2612 2580/2852/2580
f 2616/2853/2616 2610/2831/2610 2611/2830/2611
f 2565/2837/2565 2578/2840/2578 2577/2839/2577
f 2630/2813/2630 2578/2840/2578 2587/2814/2587
f 2563/2854/2563 2561/2793/2561 2615/2828/2615
f 2590/2855/2590 2582/2834/2582 2583/2856/2583
f 2594/2818/2594 2593/2821/2593 2592/2819/2592
f 2609/2085/2609 2622/2045/2622 2632/2047/2632
f 2619/2836/2619 2614/2833/2614 2584/2835/2584
f 2599/2857/2599 2591/2820/2591 2596/2858/2596
f 2580/2852/2580 2612/2827/2612 2618/2829/2618
f 2612/2827/2612 2613/2832/2613 2563/2854/2563
f 2635/2859/2635 2637/2812/2637 2607/2860/2607
f 2601/2845/2601 2581/2861/2581 2594/2818/2594
f 2617/2862/2617 2565/2837/2565 2568/2863/2568
f 2591/2820/2591 2601/2845/2601 2594/2818/2594
f 2640/2823/2640 2602/2803/2602 2570/2805/2570
f 2556/2795/2556 2625/2864/2625 2614/2833/2614
f 2640/2823/2640 2575/2865/2575 2571/2866/2571
f 2584/2835/2584 2595/2867/2595 2596/2858/2596
f 2568/2863/2568 2565/2837/2565 2597/2868/2597
f 2584/2835/2584 2582/2834/2582 2595/2867/2595
f 2603/2869/2603 2606/2870/2606 2564/2871/2564
f 2640/2823/2640 2570/2805/2570 2603/2869/2603
f 2601/2845/2601 2579/2817/2579 2581/2861/2581
f 2636/2801/2636 2566/2850/2566 2628/2799/2628
f 2632/2847/2632 2585/2846/2585 2607/2860/2607
f 2621/2872/2621 2625/2864/2625 2616/2853/2616
f 2616/2853/2616 2611/2830/2611 2613/2832/2613
f 2574/2822/2574 2639/2873/2639 2593/2821/2593
f 2624/2874/2624 2616/2853/2616 2573/2875/2573
f 2620/2876/2620 2591/2820/2591 2592/2819/2592
f 2630/2813/2630 2627/2877/2627 2586/2838/2586
f 2576/2851/2576 2641/2807/2641 2574/2822/2574
f 2639/2873/2639 2574/2822/2574 2635/2859/2635
f 2636/2801/2636 2569/2802/2569 2571/2808/2571
f 2568/2863/2568 2621/2872/2621 2633/2878/2633
f 2632/2047/2632 2607/2879/2607 2605/2880/2605
f 2638/2849/2638 2581/2861/2581 2579/2817/2579
f 1755/2881/1755 2626/2882/2626 2057/2883/2057
f 2608/2884/2608 2634/2885/2634 2459/2095/2459
f 2057/2883/2057 2626/2882/2626 2631/2886/2631
f 2459/2095/2459 2634/2885/2634 1755/2881/1755
f 2556/2795/2556 2619/2836/2619 2561/2793/2561
f 2646/2887/2646 2553/2888/2553 2554/2889/2554
f 2550/2081/2550 2551/2783/2551 2644/2785/2644
f 2642/2890/2642 2551/2783/2551 2054/2037/2054
f 2553/2784/2553 2053/2082/2053 2554/2786/2554
f 2644/2891/2644 2552/2892/2552 2554/2889/2554
f 2669/2893/2669 2677/2894/2677 2674/2895/2674
f 2648/2896/2648 2671/2897/2671 2647/2898/2647
f 2649/2899/2649 2651/2900/2651 2650/2901/2650
f 2650/2902/2650 2648/2896/2648 2647/2898/2647
f 2266/2059/2266 2665/2076/2665 2656/2903/2656
f 2679/2904/2679 1744/2905/1744 2264/2050/2264
f 2664/2016/2664 2662/2906/2662 2668/2907/2668
f 2654/2088/2654 2666/2908/2666 2661/2909/2661
f 2656/2903/2656 2655/2910/2655 2679/2904/2679
f 2662/2906/2662 2664/2016/2664 2653/2911/2653
f 2668/2907/2668 2652/2017/2652 2664/2016/2664
f 2665/2076/2665 2660/2912/2660 2656/2903/2656
f 2659/2913/2659 2653/2911/2653 2655/2910/2655
f 2656/2903/2656 2667/2914/2667 2676/2915/2676
f 2660/2912/2660 2663/2916/2663 2675/2917/2675
f 2647/2898/2647 2671/2897/2671 2684/2918/2684
f 2683/2919/2683 2667/2914/2667 2675/2917/2675
f 2684/2920/2684 2667/2914/2667 2683/2919/2683
f 2674/2895/2674 2666/2908/2666 2669/2893/2669
f 2673/2921/2673 2662/2906/2662 2659/2913/2659
f 2676/2922/2676 2671/2897/2671 2672/2923/2672
f 2666/2908/2666 2682/2924/2682 2661/2909/2661
f 2668/2907/2668 2666/2908/2666 2654/2088/2654
f 2650/2902/2650 2672/2923/2672 2648/2896/2648
f 2660/2912/2660 2675/2917/2675 2667/2914/2667
f 2647/2925/2647 2681/2926/2681 2649/2899/2649
f 2663/2916/2663 2660/2912/2660 2665/2076/2665
f 2681/2926/2681 2683/2927/2683 2682/2928/2682
f 2684/2929/2684 2683/2927/2683 2681/2926/2681
f 2651/2930/2651 2669/2931/2669 2678/2932/2678
f 2654/2088/2654 2652/2017/2652 2668/2907/2668
f 2674/2895/2674 2677/2894/2677 2666/2908/2666
f 2807/2933/2807 2705/2934/2705 2764/2935/2764
f 2763/2936/2763 2705/2937/2705 2807/2938/2807
f 2799/2939/2799 2705/2937/2705 2763/2936/2763
f 2794/2940/2794 2920/2941/2920 2802/2942/2802
f 2927/2943/2927 2811/2944/2811 2920/2941/2920
f 2763/2936/2763 2765/2945/2765 2799/2939/2799
f 2903/2946/2903 2809/2947/2809 2933/2948/2933
f 2775/2949/2775 2928/2950/2928 2927/2951/2927
f 2807/2938/2807 2853/2952/2853 2763/2936/2763
f 2794/2940/2794 2746/2953/2746 2853/2952/2853
f 2926/2954/2926 2903/2946/2903 2925/2955/2925
f 2730/2956/2730 2853/2952/2853 2725/2957/2725
f 3297/2958/3297 2920/2941/2920 2794/2940/2794
f 2889/2959/2889 2708/2960/2708 2953/2961/2953
f 2765/2962/2765 2925/2955/2925 2799/2963/2799
f 2922/2964/2922 2708/2965/2708 2769/2966/2769
f 2923/2967/2923 2874/2968/2874 2954/2969/2954
f 2790/2970/2790 2921/2971/2921 2740/2972/2740
f 2954/2969/2954 2956/2973/2956 2760/2974/2760
f 2756/2975/2756 2708/2965/2708 2922/2964/2922
f 2743/2976/2743 2876/2977/2876 2955/2978/2955
f 2961/2979/2961 2964/2980/2964 2966/2981/2966
f 2771/2982/2771 2955/2978/2955 2876/2977/2876
f 2760/2974/2760 2923/2967/2923 2954/2969/2954
f 2954/2969/2954 2874/2968/2874 2955/2978/2955
f 2760/2974/2760 2957/2983/2957 2767/2984/2767
f 2767/2985/2767 2729/2986/2729 2923/2987/2923
f 2874/2968/2874 2743/2976/2743 2955/2978/2955
f 2768/2988/2768 2826/2989/2826 2694/2990/2694
f 2820/2991/2820 2825/2992/2825 2744/2993/2744
f 2798/2994/2798 2837/2995/2837 2891/2996/2891
f 2876/2977/2876 2743/2976/2743 2790/2997/2790
f 2952/2998/2952 2924/2999/2924 2953/2961/2953
f 2866/3000/2866 2889/2959/2889 2953/2961/2953
f 2708/2960/2708 2889/2959/2889 2816/3001/2816
f 2699/3002/2699 2894/3003/2894 2918/3004/2918
f 2956/2973/2956 2957/2983/2957 2760/2974/2760
f 2869/3005/2869 2891/2996/2891 2795/3006/2795
f 2859/3007/2859 2729/2986/2729 2767/2985/2767
f 2708/2960/2708 2816/3001/2816 2769/3008/2769
f 2710/3009/2710 2874/3010/2874 2923/2987/2923
f 2922/2964/2922 2820/2991/2820 2756/2975/2756
f 2837/2995/2837 2727/3011/2727 2781/3012/2781
f 2743/3013/2743 2874/3010/2874 2710/3009/2710
f 2908/3014/2908 2798/2994/2798 2828/3015/2828
f 2782/3016/2782 2798/2994/2798 2786/3017/2786
f 2839/3018/2839 2685/3019/2685 2698/3020/2698
f 2878/3021/2878 2704/3022/2704 2717/3023/2717
f 2906/3024/2906 2839/3018/2839 2867/3025/2867
f 2685/3019/2685 2843/3026/2843 2813/3027/2813
f 2843/3028/2843 2860/3029/2860 2824/3030/2824
f 2692/2553/2692 2826/2989/2826 2793/3031/2793
f 2780/3032/2780 2873/3033/2873 2727/3011/2727
f 2852/3034/2852 2700/3035/2700 2822/3036/2822
f 2690/3037/2690 2689/3038/2689 2726/3039/2726
f 2793/3031/2793 2888/3040/2888 2856/3041/2856
f 2883/3042/2883 2803/3043/2803 2723/3044/2723
f 2741/3045/2741 2918/3004/2918 2894/3003/2894
f 2826/2989/2826 2701/3046/2701 2695/3047/2695
f 2935/3048/2935 2694/2990/2694 2907/3049/2907
f 2930/3050/2930 2928/2950/2928 2775/2949/2775
f 2828/3051/2828 2805/3052/2805 2888/3040/2888
f 2894/3003/2894 2870/3053/2870 2741/3045/2741
f 2898/3054/2898 2857/3055/2857 2808/3056/2808
f 2919/3057/2919 2699/3002/2699 2918/3004/2918
f 2722/3058/2722 2901/3059/2901 2882/3060/2882
f 2703/2600/2703 2919/3057/2919 2918/3004/2918
f 2843/3028/2843 2901/3059/2901 2860/3029/2860
f 2803/3043/2803 2722/3058/2722 2919/3061/2919
f 2857/3055/2857 2781/3012/2781 2873/3033/2873
f 2857/3055/2857 2898/3054/2898 2931/3062/2931
f 2690/3037/2690 2726/3039/2726 2847/3063/2847
f 2727/3011/2727 2873/3033/2873 2781/3012/2781
f 2857/3055/2857 2932/3064/2932 2891/2996/2891
f 2688/3065/2688 2779/3066/2779 2697/3067/2697
f 2932/3064/2932 2795/3006/2795 2891/2996/2891
f 2686/3068/2686 2862/3069/2862 2911/3070/2911
f 2731/3071/2731 2934/3072/2934 2931/3062/2931
f 2824/3030/2824 2813/3073/2813 2843/3028/2843
f 2741/3045/2741 2936/3074/2936 2935/3048/2935
f 2883/3042/2883 2901/3059/2901 2803/3043/2803
f 2726/3039/2726 2904/3075/2904 2847/3063/2847
f 2693/3076/2693 2223/3077/2223 2847/3063/2847
f 2704/3078/2704 2855/3079/2855 2815/3080/2815
f 2685/3081/2685 2894/3003/2894 2843/3082/2843
f 2796/3083/2796 2813/3027/2813 2783/3084/2783
f 2805/3052/2805 2855/3085/2855 2702/3086/2702
f 2873/3033/2873 2808/3056/2808 2857/3055/2857
f 2883/3042/2883 2693/3076/2693 2761/3087/2761
f 2837/2995/2837 2908/3014/2908 2777/3088/2777
f 2690/3037/2690 2852/3034/2852 2702/3086/2702
f 2907/3049/2907 2741/3045/2741 2935/3048/2935
f 2869/3005/2869 2864/3089/2864 2786/3017/2786
f 2722/3058/2722 2882/3060/2882 2699/3090/2699
f 2838/3091/2838 2936/3092/2936 2841/3093/2841
f 2691/3094/2691 2694/2990/2694 2826/2989/2826
f 2696/3095/2696 2856/3041/2856 2822/3036/2822
f 2702/3086/2702 2910/3096/2910 2805/3052/2805
f 2773/3097/2773 2966/2981/2966 2962/3098/2962
f 2689/3099/2689 2878/3021/2878 2779/3066/2779
f 2726/3039/2726 2689/3038/2689 2688/3100/2688
f 2852/3034/2852 2910/3096/2910 2702/3086/2702
f 2723/3044/2723 2745/3101/2745 2883/3042/2883
f 2841/3093/2841 2823/3102/2823 2887/3103/2887
f 2867/3025/2867 2873/3033/2873 2906/3024/2906
f 2855/3085/2855 2878/3104/2878 2702/3086/2702
f 2693/3076/2693 2814/3105/2814 2745/3101/2745
f 2693/3076/2693 2847/3063/2847 2904/3075/2904
f 2696/3095/2696 2822/3036/2822 2700/3035/2700
f 2864/3089/2864 2815/3080/2815 2786/3017/2786
f 2864/3089/2864 2869/3005/2869 2736/3106/2736
f 2815/3080/2815 2864/3089/2864 2704/3078/2704
f 2716/3107/2716 2862/3108/2862 2912/3109/2912
f 2915/3110/2915 2913/3111/2913 2863/3112/2863
f 2718/3113/2718 2926/2954/2926 2871/3114/2871
f 2934/3072/2934 2797/3115/2797 2795/3006/2795
f 2893/3116/2893 2915/3110/2915 2697/3067/2697
f 2802/2942/2802 2737/3117/2737 2892/3118/2892
f 2905/3119/2905 2863/3112/2863 2913/3111/2913
f 2916/3120/2916 2838/3091/2838 2821/3121/2821
f 2880/3122/2880 2716/3107/2716 2925/2955/2925
f 2863/3112/2863 2688/3065/2688 2915/3110/2915
f 2848/3123/2848 2810/3124/2810 2850/3125/2850
f 2731/3071/2731 2797/3115/2797 2934/3072/2934
f 2801/3126/2801 2914/3127/2914 2893/3116/2893
f 2779/3066/2779 2717/3023/2717 2774/3128/2774
f 2844/3129/2844 2800/3130/2800 2731/3071/2731
f 2801/3126/2801 2734/3131/2734 2785/3132/2785
f 2914/3127/2914 2801/3126/2801 2789/3133/2789
f 2827/3134/2827 2864/3089/2864 2736/3106/2736
f 2797/3115/2797 2731/3071/2731 2800/3130/2800
f 2851/3135/2851 2762/3136/2762 2747/3137/2747
f 2880/3138/2880 2819/3139/2819 2911/3070/2911
f 2800/3130/2800 2861/3140/2861 2797/3115/2797
f 2879/3141/2879 2896/3142/2896 2721/3143/2721
f 2809/2947/2809 2903/2946/2903 2926/2954/2926
f 2749/3144/2749 2884/3145/2884 2845/3146/2845
f 2810/3147/2810 2846/3148/2846 2711/3149/2711
f 2835/3150/2835 2879/3141/2879 2721/3143/2721
f 2833/3151/2833 2835/3150/2835 2846/3152/2846
f 2890/3153/2890 2738/3154/2738 2865/3155/2865
f 2792/3156/2792 2735/3157/2735 2804/3158/2804
f 2830/3159/2830 2787/3160/2787 2748/3161/2748
f 2886/3162/2886 2830/3163/2830 2937/3164/2937
f 2831/3165/2831 2707/3166/2707 2806/3167/2806
f 2717/3023/2717 2704/3022/2704 2881/3168/2881
f 2735/3157/2735 2895/3169/2895 2770/3170/2770
f 2836/3171/2836 2928/2950/2928 2732/3172/2732
f 2749/3144/2749 2762/3136/2762 2774/3128/2774
f 2785/3132/2785 2742/3173/2742 2801/3126/2801
f 2772/3174/2772 2948/3175/2948 2947/3176/2947
f 2800/3130/2800 2739/3177/2739 2861/3140/2861
f 2985/3178/2985 2884/3179/2884 2972/3180/2972
f 2797/3115/2797 2842/3181/2842 2724/3182/2724
f 2827/3134/2827 2736/3106/2736 2849/3183/2849
f 2789/3133/2789 2879/3141/2879 2928/2950/2928
f 2849/3183/2849 2770/3170/2770 2976/3184/2976
f 2849/3183/2849 2733/3185/2733 2770/3170/2770
f 2734/3131/2734 2774/3128/2774 2762/3136/2762
f 2734/3131/2734 2831/3165/2831 2713/3186/2713
f 2719/3187/2719 2842/3181/2842 2733/3185/2733
f 2737/3117/2737 2858/3188/2858 2788/3189/2788
f 2721/3143/2721 2846/3152/2846 2835/3150/2835
f 2787/3160/2787 2737/3190/2737 2750/3191/2750
f 2979/3192/2979 2895/3193/2895 2712/3194/2712
f 2806/3195/2806 2942/3196/2942 2758/3197/2758
f 2836/3198/2836 2732/3199/2732 2968/3200/2968
f 2902/3201/2902 2850/3125/2850 2811/3202/2811
f 2748/3161/2748 2757/3203/2757 2937/3204/2937
f 2788/3205/2788 2945/3206/2945 2750/3191/2750
f 2766/3207/2766 2974/3208/2974 2784/3209/2784
f 2755/3210/2755 2804/3211/2804 2939/3212/2939
f 2939/3212/2939 2832/3213/2832 2940/3214/2940
f 2752/3215/2752 2758/3197/2758 2940/3216/2940
f 2754/3217/2754 2791/3218/2791 2987/3219/2987
f 2938/3220/2938 2759/3221/2759 2753/3222/2753
f 2968/3200/2968 2961/2979/2961 2773/3097/2773
f 2940/3214/2940 2897/3223/2897 2939/3212/2939
f 2947/3176/2947 2946/3224/2946 2950/3225/2950
f 2754/3217/2754 2942/3196/2942 2759/3221/2759
f 2829/3226/2829 2944/3227/2944 2943/3228/2943
f 2941/3229/2941 2865/3155/2865 2989/3230/2989
f 2897/3223/2897 2791/3231/2791 2755/3210/2755
f 2961/2979/2961 2970/3232/2970 2964/2980/2964
f 2989/3230/2989 2900/3233/2900 2949/3234/2949
f 2715/3235/2715 2927/2951/2927 2928/2950/2928
f 2806/3195/2806 2759/3221/2759 2942/3196/2942
f 2758/3197/2758 2988/3236/2988 2944/3227/2944
f 2759/3221/2759 2938/3220/2938 2754/3217/2754
f 2983/3237/2983 2980/3238/2980 2978/3239/2978
f 2757/3203/2757 2948/3175/2948 2772/3174/2772
f 2845/3240/2845 2884/3179/2884 2985/3178/2985
f 2785/3132/2785 2713/3186/2713 2886/3162/2886
f 2802/2942/2802 2850/3241/2850 2714/3242/2714
f 2929/3243/2929 2880/3138/2880 2765/2945/2765
f 2970/3232/2970 2969/3244/2969 2964/2980/2964
f 2960/3245/2960 2963/3246/2963 2848/3123/2848
f 2895/3247/2895 2975/3248/2975 2976/3249/2976
f 2757/3203/2757 2748/3161/2748 2948/3175/2948
f 2725/2957/2725 2853/2952/2853 2800/3130/2800
f 2900/3233/2900 2989/3230/2989 2865/3155/2865
f 2890/3153/2890 2945/3250/2945 2788/3251/2788
f 2967/3252/2967 2960/3245/2960 2964/3253/2964
f 2991/3254/2991 2949/3234/2949 2899/3255/2899
f 2947/3256/2947 2899/3255/2899 2949/3234/2949
f 2762/3136/2762 2749/3144/2749 2885/3257/2885
f 2865/3155/2865 2941/3229/2941 2890/3153/2890
f 2988/3258/2988 2942/3259/2942 2943/3260/2943
f 2732/3172/2732 2879/3141/2879 2835/3150/2835
f 2791/3218/2791 2754/3217/2754 2938/3220/2938
f 2850/3241/2850 2810/3147/2810 2714/3242/2714
f 2947/3176/2947 2949/3261/2949 2772/3174/2772
f 2892/3118/2892 2830/3262/2830 2817/3263/2817
f 2991/3254/2991 2899/3255/2899 2941/3229/2941
f 2868/3264/2868 2965/3265/2965 2969/3244/2969
f 2884/3145/2884 2749/3144/2749 2881/3168/2881
f 2966/2981/2966 2773/3097/2773 2961/2979/2961
f 2900/3233/2900 2757/3266/2757 2949/3234/2949
f 2965/3265/2965 2964/2980/2964 2969/3244/2969
f 2897/3267/2897 2940/3216/2940 2944/3227/2944
f 2900/3233/2900 2706/3268/2706 2937/3269/2937
f 2721/3143/2721 2896/3142/2896 2846/3152/2846
f 2811/2944/2811 2850/3241/2850 2920/2941/2920
f 2960/3245/2960 2966/3270/2966 2964/3253/2964
f 2979/3192/2979 2712/3194/2712 2885/3257/2885
f 2964/3253/2964 2965/3271/2965 2967/3252/2967
f 2757/3266/2757 2900/3233/2900 2937/3269/2937
f 2758/3197/2758 2831/3272/2831 2806/3195/2806
f 2962/3273/2962 2966/3270/2966 2960/3245/2960
f 2957/2983/2957 2956/2973/2956 2953/2961/2953
f 2959/3274/2959 2955/3275/2955 2771/3276/2771
f 2954/3277/2954 2959/3274/2959 2958/3278/2958
f 2956/3279/2956 2958/3278/2958 2953/3280/2953
f 2952/3281/2952 2958/3278/2958 2771/3276/2771
f 2970/3282/2970 2971/3283/2971 2969/3284/2969
f 2984/3285/2984 2978/3239/2978 2980/3238/2980
f 2972/3286/2972 2984/3287/2984 2986/3288/2986
f 2884/3179/2884 2973/3289/2973 2972/3180/2972
f 2976/3249/2976 2977/3290/2977 2766/3207/2766
f 2977/3290/2977 2975/3248/2975 2982/3291/2982
f 2983/3292/2983 2973/3293/2973 2974/3208/2974
f 2982/3294/2982 2981/3295/2981 2980/3238/2980
f 2973/3289/2973 2978/3239/2978 2972/3180/2972
f 2983/3237/2983 2982/3294/2982 2980/3238/2980
f 2885/3296/2885 2981/3295/2981 2979/3297/2979
f 2885/3296/2885 2985/3178/2985 2986/3298/2986
f 2986/3298/2986 2981/3295/2981 2885/3296/2885
f 2980/3238/2980 2981/3295/2981 2986/3298/2986
f 2942/3196/2942 2754/3217/2754 2987/3219/2987
f 2943/3260/2943 2944/3299/2944 2988/3258/2988
f 2992/3300/2992 2991/3301/2991 2941/3302/2941
f 2745/3101/2745 2223/3077/2223 2693/3076/2693
f 2919/3061/2919 2703/3303/2703 2434/2624/2434
f 2907/3049/2907 2170/3304/2170 2415/3305/2415
f 2692/2553/2692 2856/3041/2856 2169/2554/2169
f 2700/3035/2700 2491/2634/2491 2696/3095/2696
f 46/3306/46 2037/2219/2037 387/387/387
f 839/3307/839 2993/2226/2993 591/3308/591
f 2997/2042/2997 2996/2043/2996 2643/3309/2643
f 2316/2040/2316 2996/2043/2996 2555/2041/2555
f 3138/3310/3138 3003/3311/3003 3114/3312/3114
f 3075/3313/3075 3073/3314/3073 3129/3315/3129
f 3069/3316/3069 3127/3317/3127 3074/3318/3074
f 3018/3319/3018 3083/3320/3083 3086/3321/3086
f 3043/3322/3043 3123/3323/3123 3113/3324/3113
f 3195/3325/3195 3203/3326/3203 3197/3327/3197
f 3111/3328/3111 3262/3329/3262 3261/3330/3261
f 3115/3331/3115 3002/3332/3002 3191/3333/3191
f 3181/3334/3181 3152/3335/3152 3201/3336/3201
f 3018/3319/3018 3167/3337/3167 3005/3338/3005
f 3127/3317/3127 3069/3316/3069 3028/3339/3028
f 3109/3340/3109 3235/3341/3235 3293/3342/3293
f 3167/3337/3167 3129/3315/3129 3005/3338/3005
f 3157/3343/3157 3220/3344/3220 3040/3345/3040
f 3167/3337/3167 3192/3346/3192 3129/3315/3129
f 3030/3347/3030 3069/3316/3069 3093/3348/3093
f 3031/3349/3031 3162/3350/3162 3119/3351/3119
f 3071/3352/3071 3000/3353/3000 3091/3354/3091
f 3209/3355/3209 3111/3328/3111 3010/3356/3010
f 3146/3357/3146 3164/3358/3164 3152/3335/3152
f 3020/3359/3020 3085/3360/3085 3096/3361/3096
f 3193/3362/3193 3069/3316/3069 3030/3347/3030
f 3010/3356/3010 3162/3350/3162 3023/3363/3023
f 3197/3327/3197 3022/3364/3022 3011/3365/3011
f 3099/3366/3099 3112/3367/3112 3082/3368/3082
f 3161/3369/3161 3156/3370/3156 3183/3371/3183
f 3009/3372/3009 3118/3373/3118 3008/3374/3008
f 3118/3373/3118 3009/3372/3009 3149/3375/3149
f 3162/3350/3162 3031/3349/3031 3092/3376/3092
f 3232/3377/3232 3268/3378/3268 3266/3379/3266
f 3290/3380/3290 3291/3381/3291 3041/3382/3041
f 3209/3355/3209 3124/3383/3124 3177/3384/3177
f 3144/3385/3144 3012/3386/3012 3121/3387/3121
f 3205/3388/3205 3074/3318/3074 3103/3389/3103
f 3184/3390/3184 3097/3391/3097 3157/3392/3157
f 3223/3393/3223 3165/3394/3165 3020/3395/3020
f 3024/3396/3024 3153/3397/3153 3193/3362/3193
f 3124/3383/3124 3010/3356/3010 3030/3347/3030
f 3032/3398/3032 3146/3357/3146 3152/3335/3152
f 3196/3399/3196 3010/3356/3010 3096/3361/3096
f 3028/3339/3028 3143/3400/3143 3014/3401/3014
f 3281/3402/3281 3267/3403/3267 3064/3404/3064
f 3252/3405/3252 3173/3406/3173 3256/3407/3256
f 3015/3408/3015 3091/3354/3091 3156/3370/3156
f 3033/3409/3033 3179/3410/3179 3188/3411/3188
f 3006/3412/3006 3012/3386/3012 3203/3326/3203
f 3101/3413/3101 2998/3414/2998 3125/3415/3125
f 3115/3331/3115 3153/3397/3153 3024/3396/3024
f 3181/3334/3181 3032/3398/3032 3152/3335/3152
f 3198/3416/3198 3201/3417/3201 3152/3418/3152
f 3128/3419/3128 3130/3420/3130 3085/3360/3085
f 3087/3421/3087 3088/3422/3088 3055/3423/3055
f 3089/3424/3089 3066/3425/3066 3062/3426/3062
f 3174/3427/3174 3144/3385/3144 3260/3428/3260
f 3259/3429/3259 3181/3430/3181 3201/3417/3201
f 3012/3386/3012 3199/3431/3199 3187/3432/3187
f 3200/3433/3200 3020/3395/3020 3165/3394/3165
f 3200/3434/3200 3155/3435/3155 3149/3375/3149
f 3258/3436/3258 3149/3375/3149 3001/3437/3001
f 3009/3372/3009 3183/3371/3183 3032/3398/3032
f 3146/3357/3146 3032/3398/3032 3183/3371/3183
f 3202/3438/3202 3185/3439/3185 3142/3440/3142
f 3259/3441/3259 3058/3442/3058 3181/3443/3181
f 3099/3366/3099 3204/3444/3204 3013/3445/3013
f 3181/3446/3181 3212/3447/3212 3032/3448/3032
f 3132/3449/3132 3250/3450/3250 3026/3451/3026
f 3083/3320/3083 3006/3412/3006 3086/3321/3086
f 3195/3325/3195 3086/3321/3086 3203/3326/3203
f 3075/3313/3075 3190/3452/3190 3026/3451/3026
f 3068/3453/3068 3234/3454/3234 3288/3455/3288
f 3292/3456/3292 3040/3345/3040 3220/3344/3220
f 3137/3457/3137 3063/3458/3063 3139/3459/3139
f 3019/3460/3019 3134/3461/3134 3210/3462/3210
f 3239/3463/3239 3067/3464/3067 3163/3465/3163
f 3261/3466/3261 3222/3467/3222 3160/3468/3160
f 3211/3469/3211 3011/3365/3011 3022/3364/3022
f 3147/3470/3147 3156/3370/3156 2999/3471/2999
f 3020/3395/3020 3160/3468/3160 3223/3393/3223
f 3199/3431/3199 3012/3386/3012 3144/3385/3144
f 3138/3472/3138 2531/2433/2531 3082/3368/3082
f 3026/3473/3026 3190/3474/3190 3105/3475/3105
f 3092/3376/3092 3023/3363/3023 3162/3350/3162
f 3200/3434/3200 3043/3476/3043 3155/3435/3155
f 3028/3339/3028 3014/3401/3014 3114/3312/3114
f 3254/3477/3254 3034/3478/3034 3198/3416/3198
f 3128/3419/3128 3141/3479/3141 3259/3429/3259
f 3160/3468/3160 3020/3395/3020 3261/3466/3261
f 3032/3398/3032 3257/3480/3257 3009/3372/3009
f 3252/3481/3252 3091/3354/3091 3015/3408/3015
f 3207/3482/3207 3202/3438/3202 3090/3483/3090
f 3144/3385/3144 3174/3484/3174 3199/3431/3199
f 3106/3485/3106 3179/3486/3179 3021/3487/3021
f 3031/3349/3031 3106/3485/3106 3125/3415/3125
f 3149/3375/3149 3155/3435/3155 3077/3488/3077
f 3135/3489/3135 3147/3470/3147 3073/3314/3073
f 3168/3490/3168 3259/3441/3259 3141/3491/3141
f 3089/3424/3089 3058/3492/3058 3137/3493/3137
f 3035/3494/3035 3187/3432/3187 3100/3495/3100
f 3103/3496/3103 3019/3497/3019 3205/3498/3205
f 3123/3323/3123 3047/3499/3047 3046/3500/3046
f 3123/3323/3123 3043/3322/3043 3165/3501/3165
f 2219/3502/2219 3138/3310/3138 3029/3503/3029
f 3185/3504/3185 3192/3346/3192 3142/3505/3142
f 3177/3384/3177 3124/3383/3124 3030/3347/3030
f 3222/3467/3222 3261/3466/3261 3262/3506/3262
f 3077/3488/3077 3118/3373/3118 3149/3375/3149
f 3154/3507/3154 3004/3508/3004 3025/3509/3025
f 3153/3397/3153 3028/3339/3028 3194/3510/3194
f 3173/3511/3173 3252/3481/3252 3188/3411/3188
f 3183/3371/3183 3008/3374/3008 3083/3320/3083
f 3091/3354/3091 3183/3371/3183 3156/3370/3156
f 3025/3509/3025 3004/3508/3004 3027/3512/3027
f 3002/3332/3002 3105/3475/3105 3190/3474/3190
f 3023/3363/3023 3092/3376/3092 3193/3362/3193
f 3287/3513/3287 3234/3514/3234 3076/3515/3076
f 3102/3516/3102 3253/3517/3253 3255/3518/3255
f 3045/3519/3045 3223/3393/3223 3222/3467/3222
f 3259/3429/3259 3130/3420/3130 3128/3419/3128
f 3160/3468/3160 3222/3467/3222 3223/3393/3223
f 3223/3393/3223 3176/3520/3176 3165/3394/3165
f 3123/3323/3123 3165/3501/3165 3050/3521/3050
f 3272/3522/3272 3079/3523/3079 3122/3524/3122
f 3044/3525/3044 3046/3500/3046 3224/3526/3224
f 3049/3527/3049 3045/3519/3045 3278/3528/3278
f 3056/3529/3056 3239/3530/3239 3283/3531/3283
f 3279/3532/3279 3079/3523/3079 3272/3522/3272
f 3212/3447/3212 3175/3533/3175 3257/3534/3257
f 3048/3535/3048 3098/3536/3098 3277/3537/3277
f 3176/3520/3176 3107/3538/3107 3165/3394/3165
f 3079/3523/3079 3277/3539/3277 3122/3524/3122
f 3271/3540/3271 3270/3541/3270 3272/3522/3272
f 3050/3521/3050 3273/3542/3273 3274/3543/3274
f 3229/3544/3229 3059/3545/3059 3061/3546/3061
f 3221/3547/3221 3236/3548/3236 3134/3549/3134
f 3107/3538/3107 3279/3532/3279 3169/3550/3169
f 3098/3536/3098 3280/3551/3280 3277/3537/3277
f 3280/3551/3280 3224/3526/3224 3276/3552/3276
f 3050/3521/3050 3274/3543/3274 3047/3499/3047
f 3276/3553/3276 3271/3540/3271 3122/3524/3122
f 3089/3424/3089 3062/3426/3062 3175/3533/3175
f 3175/3533/3175 3212/3447/3212 3089/3424/3089
f 3132/3449/3132 3036/3554/3036 3214/3555/3214
f 3061/3546/3061 3141/3491/3141 3229/3544/3229
f 3058/3442/3058 3061/3546/3061 3094/3556/3094
f 3084/3557/3084 3231/3558/3231 3060/3559/3060
f 3265/3560/3265 3263/3561/3263 3233/3562/3233
f 3267/3563/3267 3281/3564/3281 3268/3378/3268
f 3111/3328/3111 3096/3361/3096 3010/3356/3010
f 3233/3562/3233 3139/3459/3139 3265/3560/3265
f 3106/3565/3106 3102/3566/3102 3188/3411/3188
f 3148/3567/3148 3060/3559/3060 3062/3426/3062
f 3131/3568/3131 3264/3569/3264 3172/3570/3172
f 3139/3459/3139 3233/3562/3233 3137/3457/3137
f 3267/3563/3267 3268/3378/3268 3066/3571/3066
f 3066/3571/3066 3268/3378/3268 3148/3572/3148
f 3218/3573/3218 3180/3574/3180 3038/3575/3038
f 3216/3576/3216 3242/3577/3242 3284/3578/3284
f 3064/3579/3064 3267/3563/3267 3066/3571/3066
f 3125/3415/3125 3251/3580/3251 3036/3581/3036
f 3263/3582/3263 3064/3404/3064 3089/3424/3089
f 3066/3425/3066 3089/3424/3089 3064/3404/3064
f 3246/3583/3246 3242/3577/3242 3037/3584/3037
f 3158/3585/3158 3213/3586/3213 3249/3587/3249
f 3136/3588/3136 3072/3589/3072 3213/3586/3213
f 3072/3589/3072 3249/3587/3249 3213/3586/3213
f 3117/3590/3117 3182/3591/3182 3251/3592/3251
f 3145/3593/3145 3282/3594/3282 3241/3595/3241
f 3231/3558/3231 3084/3557/3084 3126/3596/3126
f 3215/3597/3215 3037/3584/3037 3214/3598/3214
f 3186/3599/3186 3215/3600/3215 3182/3591/3182
f 3246/3601/3246 3285/3602/3285 3039/3603/3039
f 3117/3590/3117 3038/3604/3038 3180/3605/3180
f 3053/3606/3053 3067/3464/3067 3151/3607/3151
f 3217/3608/3217 3286/3609/3286 3245/3610/3245
f 3215/3600/3215 3285/3602/3285 3246/3601/3246
f 3037/3584/3037 3242/3577/3242 3171/3611/3171
f 3243/3612/3243 3244/3613/3244 3039/3614/3039
f 3282/3615/3282 3056/3529/3056 3283/3531/3283
f 3140/3616/3140 3245/3610/3245 3039/3603/3039
f 3190/3452/3190 3075/3313/3075 3129/3315/3129
f 3198/3617/3198 3051/3618/3051 3206/3619/3206
f 3136/3588/3136 3216/3576/3216 3247/3620/3247
f 3285/3602/3285 3215/3600/3215 3120/3621/3120
f 3218/3573/3218 3247/3620/3247 3245/3622/3245
f 3218/3573/3218 3286/3623/3286 3180/3574/3180
f 3000/3624/3000 3071/3625/3071 3116/3626/3116
f 3145/3593/3145 3241/3595/3241 3225/3627/3225
f 3206/3619/3206 3054/3628/3054 3254/3629/3254
f 3053/3630/3053 3151/3631/3151 3051/3618/3051
f 3053/3606/3053 3198/3632/3198 3164/3633/3164
f 3225/3627/3225 3173/3406/3173 3145/3593/3145
f 3257/3480/3257 3001/3437/3001 3009/3372/3009
f 3256/3407/3256 3173/3406/3173 3225/3627/3225
f 3053/3606/3053 3166/3634/3166 3067/3464/3067
f 3145/3635/3145 3055/3423/3055 3240/3636/3240
f 3163/3465/3163 3067/3464/3067 3166/3634/3166
f 3088/3422/3088 3087/3421/3087 3228/3637/3228
f 3145/3635/3145 3255/3518/3255 3227/3638/3227
f 3003/3311/3003 3138/3310/3138 3016/3639/3016
f 3238/3640/3238 3283/3531/3283 3239/3530/3239
f 3110/3641/3110 3081/3642/3081 3239/3463/3239
f 3067/3643/3067 3081/3644/3081 3228/3637/3228
f 3101/3413/3101 3026/3473/3026 3105/3475/3105
f 3237/3645/3237 3057/3646/3057 3240/3636/3240
f 3241/3595/3241 3283/3647/3283 3238/3648/3238
f 2541/2437/2541 3018/3319/3018 3086/3321/3086
f 3004/3508/3004 3104/3649/3104 3027/3512/3027
f 3026/3473/3026 3101/3413/3101 3132/3650/3132
f 3080/3651/3080 3022/3364/3022 3197/3327/3197
f 3097/3652/3097 3025/3509/3025 3157/3653/3157
f 3170/3654/3170 3208/3655/3208 3211/3656/3211
f 3022/3364/3022 3187/3432/3187 3211/3469/3211
f 3088/3422/3088 3228/3637/3228 3081/3644/3081
f 3027/3657/3027 3104/3658/3104 3220/3344/3220
f 3212/3447/3212 3181/3446/3181 3058/3492/3058
f 3091/3354/3091 3252/3481/3252 3071/3352/3071
f 3134/3549/3134 3236/3548/3236 3219/3659/3219
f 3236/3548/3236 3295/3660/3295 3170/3654/3170
f 3040/3661/3040 3294/3662/3294 3042/3663/3042
f 3076/3664/3076 3234/3454/3234 3294/3662/3294
f 3018/3319/3018 3005/3338/3005 3161/3369/3161
f 3107/3538/3107 3049/3527/3049 3279/3532/3279
f 3227/3638/3227 3052/3665/3052 3087/3421/3087
f 3041/3382/3041 3170/3654/3170 3295/3660/3295
f 3104/3658/3104 3041/3382/3041 3291/3381/3291
f 3152/3335/3152 3164/3358/3164 3198/3666/3198
f 3028/3339/3028 3153/3397/3153 3143/3400/3143
f 3294/3667/3294 3292/3456/3292 3076/3515/3076
f 3194/3510/3194 3069/3316/3069 3193/3362/3193
f 3202/3438/3202 3207/3482/3207 3002/3332/3002
f 3288/3455/3288 3248/3668/3248 3068/3453/3068
f 3033/3409/3033 3015/3408/3015 3147/3470/3147
f 3040/3345/3040 3292/3456/3292 3294/3667/3294
f 3236/3548/3236 3248/3669/3248 3296/3670/3296
f 3290/3671/3290 3295/3672/3295 3296/3673/3296
f 3092/3376/3092 3024/3396/3024 3193/3362/3193
f 3191/3333/3191 3143/3400/3143 3153/3397/3153
f 3017/2481/3017 3159/3674/3159 3167/3337/3167
f 3294/3662/3294 3235/3341/3235 3042/3663/3042
f 3244/3675/3244 3243/3676/3243 3284/3677/3284
f 3285/3602/3285 3217/3608/3217 3140/3616/3140
f 3137/3457/3137 3233/3562/3233 3263/3561/3263
f 3266/3678/3266 3281/3402/3281 3065/3679/3065
f 3201/3417/3201 3119/3351/3119 3259/3429/3259
f 3059/3545/3059 3094/3556/3094 3061/3546/3061
f 3278/3528/3278 3079/3523/3079 3049/3527/3049
f 3085/3360/3085 3130/3420/3130 3196/3399/3196
f 3234/3514/3234 3287/3513/3287 3289/3680/3289
f 3288/3681/3288 3296/3670/3296 3248/3669/3248
f 3178/2436/3178 3195/3325/3195 3204/3444/3204
f 3094/3556/3094 3063/3458/3063 3137/3457/3137
f 3216/3576/3216 3213/3586/3213 3070/3682/3070
f 3253/3517/3253 3254/3629/3254 3054/3628/3054
f 3115/3331/3115 2998/3414/2998 3105/3475/3105
f 3118/3373/3118 3095/3683/3095 3006/3412/3006
f 3028/3339/3028 3114/3312/3114 3127/3317/3127
f 3001/3437/3001 3149/3375/3149 3009/3372/3009
f 3047/3499/3047 3123/3323/3123 3050/3521/3050
f 3115/3331/3115 3105/3475/3105 3002/3332/3002
f 3296/3673/3296 3289/3684/3289 3290/3671/3290
f 3030/3347/3030 3010/3356/3010 3023/3363/3023
f 3289/3680/3289 3288/3681/3288 3234/3514/3234
f 3170/3654/3170 3219/3659/3219 3236/3548/3236
f 3142/3505/3142 3159/3674/3159 2345/3685/2345
f 3017/2481/3017 2385/2503/2385 3159/3674/3159
f 3195/3325/3195 3178/2436/3178 2541/2437/2541
f 3014/3401/3014 2218/3686/2218 3029/3503/3029
f 3090/3483/3090 1686/3687/1686 3014/3401/3014
f 3202/3438/3202 2380/2491/2380 3090/3483/3090
f 2933/2948/2933 2778/3688/2778 2924/3689/2924
f 2740/3690/2740 2799/2963/2799 2790/3691/2790
f 2769/3692/2769 3297/2958/3297 3298/3693/3298
f 2778/3688/2778 2889/3694/2889 2866/3695/2866
f 2778/3688/2778 2866/3695/2866 2924/3689/2924
f 2740/2972/2740 2764/2935/2764 2705/2934/2705
f 2933/3696/2933 2876/2977/2876 2903/3697/2903
f 2776/3698/2776 3298/3699/3298 2794/3700/2794
f 2740/2972/2740 2709/3701/2709 2764/2935/2764
f 3298/3699/3298 2922/2964/2922 2769/2966/2769
f 2922/2964/2922 3298/3699/3298 2825/2992/2825
f 2825/2992/2825 2776/3698/2776 2764/2935/2764
f 1956/4570/1956 313/12/313 733/52/733
f 383/319/383 653/18/653 385/36/385
f 562/4571/562 411/24/411 475/9/475
f 376/4572/376 875/8/875 378/19/378
f 280/1/280 432/25/432 670/37/670
f 313/12/313 291/11/291 733/52/733
f 324/32/324 693/39/693 882/21/882
f 324/32/324 20/20/20 640/1907/640
f 287/41/287 385/36/385 313/12/313
f 236/4573/236 411/35/411 669/34/669
f 910/13/910 313/12/313 385/36/385
f 231/40/231 412/14/412 882/21/882
f 412/14/412 904/47/904 413/22/413
f 412/14/412 413/22/413 882/21/882
f 27/1871/27 20/20/20 413/22/413
f 823/10/823 332/23/332 433/4574/433
f 433/4574/433 416/43/416 823/10/823
f 426/44/426 693/39/693 324/32/324
f 474/27/474 332/4575/332 411/35/411
f 474/27/474 231/40/231 568/28/568
f 562/4571/562 475/9/475 280/1/280
f 447/45/447 568/28/568 231/40/231
f 571/2/571 280/1/280 670/37/670
f 427/57/427 324/32/324 640/1907/640
f 340/7/340 432/25/432 655/38/655
f 661/49/661 312/17/312 378/19/378
f 27/1871/27 413/22/413 895/50/895
f 234/5/234 571/2/571 670/37/670
f 294/16/294 782/46/782 412/14/412
f 474/27/474 433/30/433 332/4575/332
f 693/39/693 447/45/447 231/40/231
f 910/13/910 385/36/385 312/17/312
f 378/19/378 785/4/785 661/49/661
f 378/19/378 653/18/653 376/4572/376
f 313/12/313 1956/4570/1956 2533/42/2533
f 236/4573/236 231/40/231 474/27/474
f 427/57/427 426/44/426 324/32/324
f 785/4/785 378/19/378 875/8/875
f 377/81/377 910/13/910 864/48/864
f 895/50/895 24/4576/24 27/1871/27
f 2546/1922/2546 21/4577/21 334/4578/334
f 2060/65/2060 2546/1917/2546 334/66/334
f 18/1956/18 290/94/290 289/53/289
f 785/4/785 226/91/226 864/48/864
f 437/458/437 892/71/892 436/80/436
f 569/93/569 719/89/719 279/593/279
f 569/93/569 447/45/447 426/44/426
f 291/11/291 910/13/910 382/72/382
f 382/72/382 1935/51/1935 291/11/291
f 290/94/290 18/1956/18 468/471/468
f 726/100/726 328/99/328 339/102/339
f 334/4578/334 665/61/665 908/63/908
f 382/72/382 16/1949/16 1935/51/1935
f 417/29/417 568/28/568 762/85/762
f 426/44/426 566/90/566 680/92/680
f 427/57/427 640/1907/640 28/58/28
f 435/98/435 327/78/327 326/6/326
f 771/82/771 418/498/418 650/75/650
f 851/74/851 762/85/762 830/83/830
f 426/44/426 680/92/680 569/93/569
f 566/90/566 45/54/45 658/87/658
f 658/87/658 719/89/719 680/92/680
f 658/87/658 680/92/680 566/90/566
f 566/90/566 567/60/567 45/54/45
f 665/61/665 334/4578/334 21/4577/21
f 762/85/762 569/93/569 704/86/704
f 340/7/340 328/99/328 326/6/326
f 21/4577/21 1883/1943/1883 665/61/665
f 566/90/566 426/44/426 427/57/427
f 237/70/237 226/91/226 327/78/327
f 328/99/328 340/7/340 655/38/655
f 665/61/665 32/103/32 463/62/463
f 431/26/431 339/102/339 655/38/655
f 416/73/416 433/30/433 851/74/851
f 416/43/416 650/76/650 431/26/431
f 907/112/907 627/4579/627 359/110/359
f 732/68/732 436/80/436 377/81/377
f 277/454/277 658/87/658 275/64/275
f 379/69/379 732/68/732 377/81/377
f 279/593/279 845/104/845 569/93/569
f 277/454/277 891/88/891 658/87/658
f 351/96/351 463/62/463 31/97/31
f 762/85/762 851/74/851 417/29/417
f 339/102/339 418/4580/418 859/556/859
f 864/48/864 379/69/379 377/81/377
f 126/4581/126 359/110/359 627/4579/627
f 885/118/885 626/115/626 907/112/907
f 273/469/273 885/118/885 350/117/350
f 861/116/861 866/111/866 353/109/353
f 358/108/358 404/105/404 356/67/356
f 462/124/462 89/119/89 765/114/765
f 626/115/626 765/114/765 354/120/354
f 627/4579/627 354/120/354 918/123/918
f 273/469/273 350/117/350 276/101/276
f 350/117/350 907/112/907 866/111/866
f 788/4582/788 358/108/358 357/107/357
f 93/125/93 354/120/354 89/119/89
f 276/101/276 861/116/861 356/67/356
f 404/105/404 358/108/358 790/4583/790
f 354/120/354 627/4579/627 626/115/626
f 790/4583/790 2014/106/2014 404/105/404
f 918/123/918 126/4581/126 627/4579/627
f 885/118/885 273/469/273 628/113/628
f 861/116/861 353/109/353 358/108/358
f 125/131/125 355/129/355 662/132/662
f 2330/1990/2330 683/149/683 130/4584/130
f 468/128/468 662/132/662 355/129/355
f 462/124/462 274/126/274 93/125/93
f 22/130/22 662/132/662 18/133/18
f 469/127/469 355/129/355 93/125/93
f 18/133/18 662/132/662 468/128/468
f 3326/1998/3326 3570/145/3570 1753/144/1753
f 1753/144/1753 3570/145/3570 120/146/120
f 110/152/110 1026/170/1026 109/169/109
f 130/4584/130 683/149/683 131/148/131
f 1753/144/1753 120/146/120 617/137/617
f 683/149/683 11/238/11 457/147/457
f 130/4584/130 131/148/131 112/139/112
f 619/142/619 620/150/620 889/143/889
f 3571/140/3571 889/143/889 3570/145/3570
f 1764/1997/1764 683/149/683 8/1992/8
f 683/149/683 1764/1997/1764 11/238/11
f 131/148/131 619/142/619 112/139/112
f 112/139/112 3572/141/3572 130/4584/130
f 3/2074/3 1769/237/1769 1018/168/1018
f 6/4585/6 110/152/110 109/169/109
f 12/2003/12 33/2005/33 4/251/4
f 30/200/30 2079/243/2079 425/135/425
f 946/256/946 613/219/613 974/221/974
f 90/164/90 95/163/95 97/264/97
f 615/223/615 583/231/583 614/222/614
f 578/171/578 141/173/141 1032/1083/1032
f 118/233/118 619/142/619 131/148/131
f 129/4586/129 132/220/132 613/219/613
f 127/209/127 582/225/582 405/181/405
f 140/185/140 146/193/146 585/248/585
f 138/183/138 395/213/395 585/248/585
f 143/189/143 397/190/397 142/255/142
f 142/255/142 395/213/395 586/215/586
f 147/232/147 919/195/919 797/192/797
f 142/255/142 397/190/397 396/186/396
f 1370/1477/1370 1371/236/1371 638/197/638
f 639/235/639 638/197/638 1371/236/1371
f 142/255/142 140/185/140 395/213/395
f 638/197/638 639/235/639 1369/198/1369
f 405/181/405 689/180/689 94/203/94
f 146/193/146 797/192/797 425/135/425
f 108/201/108 656/174/656 1031/176/1031
f 92/178/92 722/177/722 1031/176/1031
f 357/107/357 532/199/532 33/2005/33
f 129/4586/129 613/219/613 946/256/946
f 581/211/581 1003/208/1003 612/207/612
f 483/245/483 835/247/835 122/246/122
f 582/225/582 610/244/610 813/4587/813
f 110/152/110 865/172/865 578/171/578
f 577/216/577 1032/1083/1032 141/173/141
f 577/216/577 141/173/141 138/183/138
f 580/230/580 86/162/86 461/166/461
f 581/211/581 85/210/85 997/229/997
f 459/157/459 3/2074/3 656/174/656
f 584/205/584 612/207/612 998/234/998
f 798/249/798 1032/1083/1032 577/216/577
f 14/239/14 15/253/15 586/215/586
f 611/4588/611 608/194/608 118/233/118
f 611/4588/611 121/2073/121 609/250/609
f 780/217/780 425/135/425 617/137/617
f 621/191/621 425/135/425 797/192/797
f 620/150/620 780/217/780 617/137/617
f 611/4588/611 119/155/119 123/154/123
f 798/249/798 615/223/615 1034/224/1034
f 585/248/585 577/216/577 138/183/138
f 110/152/110 6/4585/6 1749/153/1749
f 722/177/722 485/257/485 1031/176/1031
f 110/152/110 578/171/578 1056/1092/1056
f 611/4588/611 111/252/111 813/4587/813
f 143/189/143 621/191/621 144/187/144
f 461/166/461 86/162/86 722/177/722
f 85/210/85 94/203/94 84/226/84
f 532/199/532 357/107/357 466/4589/466
f 813/4587/813 107/179/107 582/225/582
f 618/160/618 11/238/11 1761/161/1761
f 484/202/484 108/201/108 485/257/485
f 131/148/131 618/160/618 118/233/118
f 621/191/621 2299/240/2299 30/200/30
f 460/158/460 459/157/459 108/201/108
f 611/4588/611 123/154/123 121/2073/121
f 140/185/140 585/248/585 395/213/395
f 395/213/395 138/183/138 139/214/139
f 656/174/656 1018/168/1018 1033/175/1033
f 483/245/483 620/150/620 608/194/608
f 615/223/615 616/218/616 1034/224/1034
f 780/217/780 122/246/122 798/249/798
f 1769/237/1769 6/4585/6 109/169/109
f 483/245/483 610/244/610 835/247/835
f 865/172/865 145/151/145 139/214/139
f 15/253/15 142/255/142 586/215/586
f 147/232/147 146/193/146 922/184/922
f 127/209/127 581/211/581 616/218/616
f 461/166/461 858/165/858 580/230/580
f 2132/254/2132 143/189/143 142/255/142
f 583/231/583 835/247/835 610/244/610
f 396/186/396 140/185/140 142/255/142
f 466/4589/466 689/180/689 532/199/532
f 610/244/610 608/194/608 813/4587/813
f 111/252/111 33/2005/33 532/199/532
f 689/180/689 466/4589/466 894/204/894
f 608/194/608 611/4588/611 813/4587/813
f 813/4587/813 532/199/532 107/179/107
f 2291/2062/2291 121/2073/121 2293/2061/2293
f 99/4590/99 100/273/100 848/272/848
f 1018/168/1018 656/174/656 3/2074/3
f 84/226/84 137/242/137 988/227/988
f 1733/4591/1733 2131/301/2131 484/202/484
f 1758/4592/1758 116/285/116 763/270/763
f 13/4593/13 101/274/101 136/280/136
f 88/300/88 100/273/100 87/282/87
f 91/261/91 113/263/113 102/4594/102
f 743/268/743 99/4590/99 799/269/799
f 26/297/26 104/288/104 402/296/402
f 99/4590/99 1/275/1 799/269/799
f 102/4594/102 707/298/707 91/261/91
f 103/276/103 39/279/39 707/298/707
f 133/293/133 682/299/682 132/220/132
f 974/221/974 88/300/88 971/4595/971
f 135/271/135 101/274/101 848/272/848
f 114/281/114 88/300/88 87/282/87
f 115/286/115 103/276/103 102/4594/102
f 116/285/116 43/277/43 103/276/103
f 116/285/116 743/268/743 763/270/763
f 97/264/97 95/163/95 117/287/117
f 128/4596/128 754/292/754 132/220/132
f 134/259/134 133/293/133 754/292/754
f 401/4597/401 113/263/113 400/262/400
f 401/4597/401 400/262/400 579/182/579
f 402/296/402 707/298/707 39/279/39
f 584/205/584 998/234/998 579/182/579
f 485/257/485 90/164/90 97/264/97
f 673/266/673 87/282/87 98/267/98
f 403/295/403 95/163/95 399/294/399
f 97/264/97 484/202/484 485/257/485
f 5/4598/5 721/289/721 104/288/104
f 673/266/673 115/286/115 113/263/113
f 101/274/101 13/4593/13 1/275/1
f 7/258/7 13/4593/13 136/280/136
f 88/300/88 132/220/132 682/299/682
f 743/268/743 98/267/98 99/4590/99
f 998/234/998 401/4597/401 579/182/579
f 9/4599/9 1733/4591/1733 484/202/484
f 116/285/116 1758/4592/1758 43/277/43
f 88/300/88 114/281/114 973/284/973
f 117/287/117 403/295/403 104/288/104
f 7/258/7 135/271/135 133/293/133
f 707/298/707 102/4594/102 103/276/103
f 117/287/117 721/289/721 97/264/97
f 1/275/1 99/4590/99 848/272/848
f 754/292/754 105/447/105 134/259/134
f 113/263/113 87/282/87 673/266/673
f 115/286/115 102/4594/102 113/263/113
f 134/259/134 105/447/105 1776/303/1776
f 400/262/400 95/163/95 579/182/579
f 982/4600/982 114/281/114 401/4597/401
f 702/402/702 232/309/232 669/308/669
f 24/306/24 895/4601/895 643/304/643
f 383/319/383 410/318/410 903/334/903
f 287/41/287 408/331/408 410/318/410
f 294/4602/294 904/4603/904 782/4604/782
f 360/3/360 364/409/364 368/316/368
f 669/308/669 362/4605/362 702/402/702
f 888/31/888 364/409/364 360/3/360
f 368/316/368 687/4606/687 909/317/909
f 381/4607/381 410/318/410 818/327/818
f 392/4608/392 562/4571/562 909/317/909
f 406/324/406 653/18/653 903/334/903
f 410/318/410 381/4607/381 229/315/229
f 42/328/42 818/327/818 410/318/410
f 280/1/280 360/3/360 562/4571/562
f 408/331/408 2354/330/2354 633/2149/633
f 633/2149/633 298/325/298 408/331/408
f 643/304/643 904/4603/904 288/321/288
f 229/315/229 406/324/406 903/334/903
f 902/333/902 361/363/361 770/332/770
f 409/314/409 831/313/831 758/336/758
f 909/317/909 362/4609/362 392/4608/392
f 409/314/409 376/4572/376 653/18/653
f 227/335/227 409/314/409 758/336/758
f 294/4602/294 288/321/288 904/4603/904
f 909/317/909 562/4571/562 360/3/360
f 294/4602/294 792/4610/792 902/333/902
f 902/333/902 236/307/236 232/309/232
f 410/318/410 408/331/408 42/328/42
f 285/377/285 744/323/744 729/342/729
f 408/331/408 634/311/634 42/328/42
f 227/335/227 365/322/365 888/31/888
f 25/305/25 389/320/389 19/353/19
f 223/354/223 741/348/741 872/355/872
f 224/413/224 712/408/712 724/365/724
f 373/343/373 705/412/705 372/414/372
f 229/315/229 381/4607/381 471/360/471
f 593/4611/593 591/4612/591 592/338/592
f 642/367/642 668/396/668 596/366/596
f 831/313/831 365/322/365 758/336/758
f 759/4613/759 372/414/372 724/365/724
f 724/365/724 286/4614/286 759/4613/759
f 223/354/223 394/376/394 283/346/283
f 741/348/741 820/347/820 285/377/285
f 284/4615/284 641/400/641 842/372/842
f 389/320/389 770/332/770 297/349/297
f 321/4616/321 601/4617/601 600/4618/600
f 603/4619/603 731/410/731 387/387/387
f 644/357/644 810/359/810 316/417/316
f 601/4617/601 321/4616/321 322/4620/322
f 887/405/887 281/344/281 759/4613/759
f 646/339/646 375/421/375 590/420/590
f 282/345/282 281/344/281 366/361/366
f 368/316/368 364/409/364 687/4606/687
f 286/4614/286 761/4621/761 369/350/369
f 371/341/371 473/379/473 729/342/729
f 373/343/373 372/414/372 281/344/281
f 374/364/374 668/396/668 911/4622/911
f 48/2193/48 841/419/841 2113/2191/2113
f 375/421/375 801/4623/801 716/371/716
f 644/357/644 48/2193/48 384/358/384
f 791/4624/791 391/369/391 597/368/597
f 367/406/367 381/4607/381 386/415/386
f 386/415/386 561/4625/561 636/416/636
f 2480/401/2480 604/388/604 387/387/387
f 702/402/702 393/374/393 366/361/366
f 389/320/389 288/321/288 770/332/770
f 394/373/394 373/343/373 282/345/282
f 393/375/393 687/4606/687 283/346/283
f 741/348/741 320/397/320 872/355/872
f 473/379/473 649/398/649 852/378/852
f 561/4626/561 322/4620/322 636/4627/636
f 561/4626/561 49/2237/49 322/4620/322
f 387/387/387 731/410/731 46/3306/46
f 637/380/637 600/395/600 472/4628/472
f 637/380/637 636/416/636 321/394/321
f 561/4626/561 23/2238/23 49/2237/49
f 649/398/649 315/407/315 320/397/320
f 818/327/818 560/4629/560 386/415/386
f 590/420/590 791/4624/791 587/4630/587
f 323/381/323 862/385/862 589/382/589
f 2480/401/2480 476/383/476 605/4631/605
f 2480/401/2480 605/4631/605 604/388/604
f 37/4632/37 607/4633/607 591/4612/591
f 607/4633/607 801/4623/801 592/338/592
f 593/391/593 476/383/476 839/390/839
f 317/4634/317 472/4628/472 600/395/600
f 44/972/44 284/4615/284 607/4633/607
f 606/362/606 887/405/887 380/404/380
f 380/404/380 770/332/770 606/362/606
f 607/4633/607 37/4632/37 44/972/44
f 314/403/314 731/410/731 603/4619/603
f 641/400/641 297/349/297 390/351/390
f 560/4629/560 818/327/818 34/326/34
f 381/4607/381 367/406/367 471/360/471
f 646/339/646 590/420/590 862/4635/862
f 365/322/365 371/341/371 744/323/744
f 472/4628/472 473/379/473 637/380/637
f 373/343/373 223/4636/223 595/4637/595
f 687/4606/687 364/409/364 283/346/283
f 687/4606/687 393/375/393 362/4609/362
f 49/2237/49 841/419/841 322/4620/322
f 911/4622/911 391/369/391 716/371/716
f 386/415/386 381/4607/381 818/327/818
f 668/396/668 374/364/374 596/366/596
f 767/4638/767 472/4628/472 317/4634/317
f 321/4616/321 636/4627/636 322/4620/322
f 46/3306/46 731/410/731 47/411/47
f 842/372/842 390/351/390 388/370/388
f 297/349/297 770/332/770 380/404/380
f 320/397/320 285/377/285 852/378/852
f 911/4622/911 388/370/388 761/4621/761
f 363/393/363 370/352/370 641/400/641
f 380/404/380 369/350/369 297/349/297
f 595/4637/595 594/4639/594 373/343/373
f 607/4633/607 284/4615/284 801/4623/801
f 592/338/592 591/4612/591 607/4633/607
f 41/392/41 19/353/19 370/352/370
f 716/371/716 391/369/391 375/421/375
f 761/4621/761 390/351/390 369/350/369
f 724/365/724 372/414/372 224/413/224
f 316/417/316 841/419/841 644/357/644
f 592/338/592 323/340/323 593/4611/593
f 561/4626/561 386/4640/386 23/2238/23
f 322/4620/322 598/418/598 601/4617/601
f 476/383/476 589/382/589 605/4631/605
f 387/387/387 602/386/602 603/4619/603
f 223/354/223 283/346/283 741/348/741
f 374/364/374 761/4621/761 286/4614/286
f 759/4613/759 369/350/369 887/405/887
f 598/418/598 322/4620/322 841/419/841
f 361/363/361 606/362/606 770/332/770
f 842/372/842 801/4623/801 284/4615/284
f 705/412/705 373/343/373 594/4639/594
f 801/4623/801 375/421/375 592/338/592
f 595/433/595 198/875/198 751/872/751
f 364/409/364 285/377/285 820/347/820
f 386/415/386 560/4629/560 23/2195/23
f 373/343/373 394/373/394 223/4636/223
f 47/411/47 384/358/384 48/2193/48
f 590/420/590 587/4630/587 862/4635/862
f 833/430/833 594/432/594 691/914/691
f 199/4641/199 596/4642/596 712/931/712
f 319/431/319 595/433/595 751/872/751
f 598/438/598 316/4643/316 700/427/700
f 600/434/600 318/425/318 745/436/745
f 596/4642/596 199/4641/199 642/918/642
f 678/444/678 198/875/198 599/4644/599
f 599/4644/599 872/442/872 678/444/678
f 129/4586/129 96/4645/96 128/4596/128
f 33/2005/33 2486/1972/2486 788/4582/788
f 894/204/894 434/446/434 866/111/866
f 359/110/359 126/4581/126 881/445/881
f 918/123/918 784/4646/784 126/4581/126
f 126/4581/126 129/4586/129 137/242/137
f 434/446/434 466/4589/466 357/107/357
f 434/446/434 894/204/894 466/4589/466
f 33/2005/33 788/4582/788 357/107/357
f 946/256/946 137/242/137 129/4586/129
f 2486/1972/2486 790/4583/790 788/4582/788
f 881/445/881 137/242/137 94/203/94
f 434/446/434 353/109/353 866/111/866
f 128/4596/128 125/131/125 754/292/754
f 129/4586/129 126/4581/126 784/4646/784
f 137/242/137 881/445/881 126/4581/126
f 918/123/918 96/4645/96 784/4646/784
f 125/131/125 124/122/124 355/129/355
f 829/523/829 276/584/276 334/4578/334
f 1743/4647/1743 1776/303/1776 105/447/105
f 225/522/225 348/507/348 868/509/868
f 235/456/235 453/455/453 452/452/452
f 699/464/699 257/831/257 725/465/725
f 239/490/239 760/461/760 244/460/244
f 239/490/239 244/460/244 240/519/240
f 242/516/242 351/96/351 352/457/352
f 240/519/240 244/460/244 421/4648/421
f 711/590/711 296/483/296 310/604/310
f 628/113/628 228/470/228 428/565/428
f 274/472/274 452/452/452 290/94/290
f 274/472/274 462/595/462 883/453/883
f 290/94/290 452/452/452 275/64/275
f 681/527/681 845/104/845 279/593/279
f 293/548/293 235/456/235 843/451/843
f 295/530/295 711/590/711 815/573/815
f 437/458/437 16/1949/16 382/72/382
f 544/557/544 300/583/300 728/582/728
f 306/823/306 248/468/248 301/479/301
f 309/592/309 344/572/344 840/502/840
f 308/531/308 815/573/815 711/590/711
f 309/592/309 666/495/666 703/578/703
f 310/604/310 345/591/345 711/590/711
f 311/500/311 787/499/787 905/574/905
f 296/4649/296 906/553/906 349/510/349
f 450/4650/450 330/504/330 451/506/451
f 624/488/624 873/535/873 325/486/325
f 239/490/239 419/518/419 420/489/420
f 908/63/908 804/554/804 329/524/329
f 346/588/346 228/448/228 796/450/796
f 330/504/330 563/525/563 778/600/778
f 330/504/330 450/4650/450 338/526/338
f 760/461/760 420/489/420 338/526/338
f 307/463/307 666/495/666 699/464/699
f 302/476/302 789/848/789 787/499/787
f 345/591/345 794/533/794 838/478/838
f 838/478/838 308/531/308 345/591/345
f 794/533/794 345/591/345 310/604/310
f 305/537/305 786/539/786 632/544/632
f 348/507/348 331/587/331 341/508/341
f 419/518/419 816/79/816 435/98/435
f 435/98/435 726/100/726 419/518/419
f 240/519/240 424/4651/424 241/520/241
f 292/580/292 415/515/415 421/4648/421
f 422/521/422 415/515/415 713/594/713
f 422/521/422 421/4648/421 415/515/415
f 240/519/240 421/4648/421 423/4652/423
f 338/526/338 860/475/860 243/462/243
f 740/546/740 830/83/830 762/85/762
f 225/522/225 329/524/329 348/507/348
f 794/533/794 245/862/245 246/532/246
f 342/601/342 778/600/778 563/525/563
f 237/70/237 694/492/694 732/68/732
f 533/538/533 631/563/631 786/539/786
f 453/455/453 277/454/277 275/64/275
f 454/84/454 704/86/704 278/4653/278
f 660/497/660 622/4654/622 692/487/692
f 740/546/740 703/577/703 622/4654/622
f 293/548/293 681/527/681 912/473/912
f 779/558/779 342/601/342 448/559/448
f 456/568/456 859/556/859 418/4580/418
f 423/4652/423 421/4648/421 458/4655/458
f 458/4655/458 421/4648/421 422/521/422
f 906/553/906 868/509/868 349/510/349
f 233/589/233 804/554/804 860/475/860
f 860/475/860 464/555/464 846/474/846
f 467/4656/467 660/497/660 771/82/771
f 300/4657/300 765/114/765 545/586/545
f 533/538/533 856/602/856 794/533/794
f 544/557/544 843/451/843 883/453/883
f 625/567/625 742/566/742 306/823/306
f 625/567/625 306/823/306 260/825/260
f 260/825/260 697/863/697 625/567/625
f 310/604/310 630/512/630 347/564/347
f 424/4651/424 449/493/449 241/520/241
f 786/539/786 631/563/631 451/545/451
f 632/544/632 629/543/629 625/567/625
f 240/519/240 423/4652/423 424/4651/424
f 846/474/846 292/580/292 243/462/243
f 681/527/681 905/550/905 645/4658/645
f 342/601/342 455/569/455 448/559/448
f 430/4659/430 338/526/338 450/4650/450
f 331/587/331 430/4659/430 341/508/341
f 631/563/631 533/538/533 347/564/347
f 660/497/660 325/486/325 418/498/418
f 629/543/629 779/466/779 742/566/742
f 419/518/419 239/490/239 240/519/240
f 631/4660/631 450/4650/450 451/506/451
f 303/570/303 624/4661/624 692/496/692
f 465/4662/465 906/553/906 698/552/698
f 242/516/242 713/594/713 415/515/415
f 789/848/789 335/847/335 344/572/344
f 352/457/352 299/514/299 437/458/437
f 740/546/740 622/4654/622 467/4656/467
f 237/70/237 816/79/816 241/520/241
f 430/4659/430 331/587/331 338/526/338
f 666/495/666 309/592/309 343/501/343
f 333/491/333 436/80/436 694/492/694
f 449/493/449 458/4655/458 422/521/422
f 302/476/302 311/500/311 445/477/445
f 846/474/846 463/62/463 414/517/414
f 437/458/437 713/594/713 238/459/238
f 455/534/455 325/486/325 873/535/873
f 237/70/237 241/520/241 694/492/694
f 330/504/330 778/600/778 735/505/735
f 423/4652/423 458/4655/458 424/4651/424
f 248/468/248 742/566/742 779/466/779
f 329/524/329 233/589/233 348/507/348
f 244/460/244 292/580/292 421/4648/421
f 692/496/692 622/596/622 623/494/623
f 346/588/346 225/522/225 906/553/906
f 845/104/845 278/4653/278 704/86/704
f 794/533/794 310/604/310 533/538/533
f 279/593/279 891/88/891 681/527/681
f 840/502/840 335/847/335 715/598/715
f 329/524/329 829/523/829 908/63/908
f 703/578/703 230/4663/230 309/592/309
f 711/590/711 295/530/295 817/484/817
f 726/100/726 859/556/859 420/489/420
f 243/462/243 760/461/760 338/526/338
f 715/598/715 257/831/257 304/503/304
f 453/455/453 275/64/275 452/452/452
f 343/501/343 699/464/699 666/495/666
f 726/100/726 420/489/420 419/518/419
f 545/4664/545 295/530/295 728/529/728
f 414/517/414 463/62/463 351/96/351
f 452/452/452 843/451/843 235/456/235
f 344/572/344 787/499/787 789/848/789
f 777/485/777 295/530/295 545/4664/545
f 311/500/311 444/528/444 815/573/815
f 245/862/245 794/533/794 856/602/856
f 906/553/906 296/4649/296 777/551/777
f 713/594/713 437/458/437 436/80/436
f 305/537/305 625/567/625 697/863/697
f 230/4663/230 645/571/645 309/592/309
f 748/575/748 544/599/544 543/576/543
f 429/511/429 631/563/631 630/512/630
f 430/4659/430 429/597/429 341/508/341
f 331/587/331 233/589/233 860/475/860
f 277/454/277 293/548/293 912/473/912
f 771/82/771 830/83/830 467/4656/467
f 728/582/728 444/4665/444 544/557/544
f 699/464/699 343/501/343 304/503/304
f 278/4653/278 681/527/681 645/4658/645
f 278/4653/278 230/547/230 454/84/454
f 233/589/233 329/524/329 804/554/804
f 349/513/349 630/512/630 296/483/296
f 465/4662/465 428/4666/428 346/588/346
f 815/573/815 444/528/444 295/530/295
f 671/1532/671 51/688/51 710/609/710
f 563/525/563 859/556/859 456/568/456
f 333/491/333 422/521/422 713/594/713
f 908/63/908 829/523/829 334/4578/334
f 325/486/325 456/603/456 418/498/418
f 53/4667/53 1497/663/1497 1389/4668/1389
f 696/4669/696 470/656/470 440/658/440
f 83/636/83 65/680/65 66/672/66
f 66/672/66 753/634/753 83/636/83
f 442/623/442 82/681/82 55/624/55
f 57/4670/57 824/4671/824 854/685/854
f 80/637/80 440/658/440 690/619/690
f 805/627/805 441/626/441 69/625/69
f 876/677/876 68/686/68 441/626/441
f 83/636/83 539/635/539 869/660/869
f 80/637/80 81/618/81 62/622/62
f 81/618/81 60/620/60 62/622/62
f 54/4672/54 536/650/536 64/676/64
f 58/673/58 66/672/66 65/680/65
f 58/673/58 65/680/65 659/679/659
f 535/643/535 746/4673/746 76/644/76
f 753/632/753 537/669/537 539/668/539
f 76/644/76 72/820/72 730/642/730
f 854/685/854 824/4671/824 803/648/803
f 73/646/73 844/4674/844 63/645/63
f 536/650/536 535/643/535 64/676/64
f 537/669/537 74/652/74 727/651/727
f 844/4674/844 824/4671/824 63/645/63
f 803/648/803 844/4674/844 75/649/75
f 690/619/690 441/626/441 61/617/61
f 79/664/79 805/627/805 55/624/55
f 440/658/440 443/682/443 876/677/876
f 63/645/63 57/4670/57 647/628/647
f 74/652/74 67/641/67 746/4673/746
f 57/4670/57 696/4669/696 647/628/647
f 439/4675/439 69/625/69 884/638/884
f 536/650/536 74/652/74 535/643/535
f 82/681/82 442/623/442 65/680/65
f 803/648/803 575/665/575 77/667/77
f 575/665/575 534/666/534 77/667/77
f 441/626/441 68/686/68 884/638/884
f 651/653/651 56/657/56 470/656/470
f 60/620/60 81/618/81 79/664/79
f 576/647/576 75/649/75 64/676/64
f 538/670/538 537/669/537 727/651/727
f 53/4667/53 60/4676/60 570/661/570
f 470/656/470 57/4670/57 854/685/854
f 77/667/77 470/656/470 854/685/854
f 73/646/73 64/676/64 75/649/75
f 440/658/440 80/637/80 696/4669/696
f 1572/614/1572 62/4677/62 53/4667/53
f 53/4667/53 1389/4668/1389 1572/614/1572
f 470/656/470 78/654/78 651/653/651
f 539/4678/539 1401/674/1401 540/4679/540
f 76/644/76 573/856/573 72/820/72
f 746/4673/746 635/640/635 573/856/573
f 80/637/80 647/628/647 696/4669/696
f 80/637/80 690/619/690 81/618/81
f 438/4680/438 68/686/68 717/683/717
f 81/618/81 61/617/61 805/627/805
f 62/4677/62 1572/614/1572 647/616/647
f 68/686/68 438/4680/438 853/687/853
f 55/624/55 869/660/869 570/684/570
f 536/650/536 50/4681/50 727/651/727
f 800/699/800 504/757/504 505/760/505
f 442/623/442 439/4675/439 659/679/659
f 69/625/69 55/624/55 805/627/805
f 51/688/51 73/4682/73 52/610/52
f 73/4682/73 51/688/51 54/4683/54
f 73/646/73 75/649/75 844/4674/844
f 150/753/150 541/788/541 502/740/502
f 179/886/179 200/689/200 663/799/663
f 155/761/155 774/720/774 220/719/220
f 161/763/161 222/800/222 720/807/720
f 504/757/504 747/754/747 503/756/503
f 201/693/201 802/690/802 867/787/867
f 202/816/202 811/811/811 546/789/546
f 204/711/204 156/4684/156 203/696/203
f 205/713/205 206/717/206 159/805/159
f 159/805/159 166/4685/166 205/713/205
f 901/704/901 850/4686/850 723/705/723
f 826/712/826 781/709/781 167/701/167
f 204/711/204 166/4685/166 156/4684/156
f 204/711/204 857/810/857 826/712/826
f 206/717/206 165/707/165 720/807/720
f 720/807/720 901/704/901 206/717/206
f 672/4687/672 220/719/220 857/810/857
f 150/753/150 164/714/164 219/809/219
f 811/811/811 747/754/747 546/789/546
f 826/712/826 206/717/206 205/713/205
f 221/721/221 774/720/774 781/709/781
f 737/798/737 489/4688/489 525/772/525
f 695/793/695 850/4686/850 222/800/222
f 478/722/478 202/816/202 556/723/556
f 542/727/542 488/731/488 517/725/517
f 490/734/490 514/797/514 880/735/880
f 559/729/559 827/4689/827 828/737/828
f 688/813/688 491/769/491 529/783/529
f 487/732/487 486/728/486 914/730/914
f 526/777/526 497/750/497 525/772/525
f 521/741/521 890/771/890 492/739/492
f 496/815/496 524/814/524 500/752/500
f 497/750/497 855/764/855 519/751/519
f 497/750/497 737/798/737 525/772/525
f 783/708/783 496/815/496 500/752/500
f 734/778/734 509/762/509 855/764/855
f 499/758/499 503/756/503 493/767/493
f 502/740/502 148/4690/148 915/795/915
f 150/753/150 492/739/492 516/749/516
f 150/753/150 516/749/516 164/714/164
f 511/775/511 657/726/657 890/771/890
f 510/794/510 701/786/701 549/785/549
f 496/815/496 520/782/520 501/781/501
f 517/725/517 890/771/890 657/726/657
f 518/779/518 512/733/512 487/732/487
f 519/751/519 165/707/165 783/708/783
f 524/814/524 880/735/880 514/797/514
f 493/767/493 498/748/498 527/770/527
f 914/730/914 499/758/499 518/779/518
f 736/804/736 531/768/531 523/747/523
f 688/813/688 764/745/764 523/747/523
f 486/728/486 913/4691/913 827/4689/827
f 499/758/499 493/767/493 512/733/512
f 529/783/529 528/780/528 764/745/764
f 522/744/522 847/738/847 531/768/531
f 832/801/832 489/1265/489 1084/802/1084
f 867/787/867 502/740/502 541/788/541
f 896/4692/896 867/787/867 686/812/686
f 701/4693/701 734/778/734 515/774/515
f 546/789/546 554/791/554 556/723/556
f 556/723/556 800/699/800 555/718/555
f 555/718/555 849/695/849 152/808/152
f 701/4694/701 1084/4695/1084 530/1473/530
f 209/716/209 219/809/219 164/714/164
f 203/696/203 857/810/857 204/711/204
f 167/701/167 520/782/520 508/702/508
f 493/767/493 527/770/527 517/725/517
f 150/753/150 219/809/219 541/788/541
f 513/776/513 522/744/522 495/743/495
f 747/754/747 836/715/836 739/755/739
f 695/4696/695 686/812/686 200/689/200
f 513/776/513 914/730/914 559/729/559
f 513/776/513 559/729/559 522/744/522
f 890/771/890 498/748/498 492/739/492
f 513/776/513 494/759/494 914/730/914
f 555/718/555 672/4687/672 203/696/203
f 525/772/525 489/4688/489 832/773/832
f 847/4697/847 828/4698/828 1072/1204/1072
f 672/4687/672 900/698/900 837/806/837
f 179/4699/179 850/4686/850 695/793/695
f 511/775/511 510/794/510 549/785/549
f 502/740/502 896/4692/896 148/4690/148
f 880/735/880 491/769/491 1068/736/1068
f 554/791/554 546/789/546 504/757/504
f 686/812/686 695/4696/695 896/4692/896
f 523/747/523 491/769/491 688/813/688
f 701/4693/701 510/4700/510 734/778/734
f 488/731/488 913/4691/913 487/732/487
f 512/733/512 517/725/517 488/731/488
f 549/785/549 530/784/530 893/790/893
f 850/4686/850 720/807/720 222/800/222
f 154/697/154 203/696/203 156/4684/156
f 515/774/515 832/773/832 701/4693/701
f 500/752/500 524/814/524 737/798/737
f 201/693/201 219/809/219 825/694/825
f 546/789/546 556/723/556 202/816/202
f 802/690/802 200/689/200 686/812/686
f 825/694/825 209/716/209 477/877/477
f 526/777/526 734/778/734 855/764/855
f 166/4685/166 204/711/204 205/713/205
f 506/742/506 522/744/522 736/804/736
f 523/747/523 507/746/507 736/804/736
f 524/814/524 514/797/514 737/798/737
f 160/703/160 508/702/508 783/708/783
f 491/4701/491 847/4697/847 1068/4702/1068
f 153/700/153 800/699/800 505/760/505
f 664/817/664 209/716/209 811/811/811
f 155/761/155 528/780/528 157/710/157
f 209/716/209 836/715/836 811/811/811
f 498/748/498 503/756/503 739/755/739
f 506/742/506 505/760/505 495/743/495
f 505/760/505 504/757/504 494/759/494
f 837/806/837 155/761/155 220/719/220
f 153/700/153 507/746/507 155/761/155
f 509/762/509 148/766/148 896/792/896
f 221/721/221 826/712/826 857/810/857
f 520/782/520 167/701/167 157/710/157
f 71/821/71 917/855/917 871/4703/871
f 258/846/258 253/830/253 259/829/259
f 307/463/307 265/860/265 303/570/303
f 808/837/808 856/602/856 250/857/250
f 250/857/250 251/4704/251 757/838/757
f 757/838/757 808/837/808 250/857/250
f 252/824/252 301/479/301 269/867/269
f 252/824/252 269/867/269 870/826/870
f 266/840/266 269/4705/269 272/861/272
f 254/859/254 258/846/258 697/863/697
f 679/864/679 667/851/667 255/4706/255
f 667/851/667 769/849/769 256/822/256
f 769/849/769 789/848/789 256/822/256
f 715/598/715 755/858/755 257/831/257
f 259/829/259 251/4704/251 250/857/250
f 259/829/259 438/4680/438 251/4704/251
f 261/827/261 262/835/262 260/825/260
f 263/836/263 246/532/246 808/837/808
f 266/840/266 265/860/265 725/465/725
f 269/867/269 301/479/301 272/852/272
f 270/853/270 267/842/267 572/4707/572
f 271/865/271 266/840/266 267/842/267
f 715/598/715 336/850/336 755/858/755
f 877/841/877 71/821/71 871/4703/871
f 812/818/812 659/679/659 564/833/564
f 264/839/264 757/838/757 717/683/717
f 651/653/651 679/864/679 56/657/56
f 635/640/635 917/855/917 573/856/573
f 755/858/755 675/819/675 71/821/71
f 534/666/534 675/819/675 446/655/446
f 72/820/72 534/666/534 730/642/730
f 254/859/254 260/825/260 262/835/262
f 71/821/71 574/832/574 755/858/755
f 336/850/336 335/847/335 769/849/769
f 812/818/812 262/835/262 261/827/261
f 565/828/565 884/638/884 853/687/853
f 439/4675/439 564/833/564 659/679/659
f 306/823/306 301/479/301 252/824/252
f 256/822/256 255/4706/255 667/851/667
f 267/842/267 871/4703/871 572/4707/572
f 564/833/564 884/638/884 795/834/795
f 258/846/258 250/857/250 856/602/856
f 679/864/679 446/655/446 337/854/337
f 255/4706/255 56/657/56 679/864/679
f 266/840/266 725/465/725 877/841/877
f 268/843/268 261/827/261 870/826/870
f 337/854/337 336/850/336 667/851/667
f 264/839/264 443/682/443 56/657/56
f 271/845/271 268/843/268 269/867/269
f 697/863/697 260/825/260 254/859/254
f 336/850/336 337/854/337 755/858/755
f 757/838/757 438/4680/438 717/683/717
f 564/833/564 262/835/262 812/818/812
f 262/835/262 565/828/565 253/830/253
f 574/832/574 257/831/257 755/858/755
f 56/657/56 255/4706/255 766/866/766
f 438/4680/438 259/829/259 853/687/853
f 270/853/270 572/4707/572 635/640/635
f 268/843/268 58/673/58 812/818/812
f 302/476/302 256/822/256 789/848/789
f 917/855/917 572/4707/572 871/4703/871
f 156/4684/156 176/957/176 183/890/183
f 255/4706/255 256/822/256 766/866/766
f 263/836/263 264/839/264 766/866/766
f 168/691/168 802/690/802 752/879/752
f 185/896/185 318/425/318 207/895/207
f 197/870/197 772/869/772 678/444/678
f 158/915/158 879/938/879 677/916/677
f 652/945/652 738/961/738 886/959/886
f 178/706/178 181/956/181 901/704/901
f 821/943/821 886/959/886 822/4708/822
f 807/946/807 709/949/709 163/909/163
f 156/4684/156 174/882/174 154/697/154
f 654/924/654 482/947/482 170/925/170
f 172/966/172 152/808/152 768/874/768
f 184/894/184 898/892/898 211/923/211
f 178/706/178 723/705/723 718/4709/718
f 663/799/663 897/958/897 863/887/863
f 179/4699/179 718/4709/718 723/705/723
f 674/932/674 171/934/171 180/954/180
f 182/884/182 217/889/217 175/888/175
f 317/435/317 749/910/749 767/912/767
f 187/873/187 188/965/188 189/900/189
f 192/967/192 750/968/750 210/880/210
f 193/876/193 772/869/772 706/955/706
f 193/876/193 878/950/878 751/872/751
f 793/898/793 807/946/807 163/909/163
f 684/952/684 191/4710/191 194/939/194
f 195/942/195 648/927/648 548/963/548
f 196/922/196 314/439/314 819/441/819
f 819/441/819 822/891/822 196/922/196
f 208/920/208 207/895/207 318/425/318
f 863/928/863 177/885/177 718/4709/718
f 862/960/862 834/969/834 738/961/738
f 551/930/551 874/951/874 199/4641/199
f 809/919/809 642/918/642 199/4641/199
f 207/895/207 208/920/208 196/922/196
f 752/879/752 898/892/898 210/880/210
f 654/924/654 685/897/685 211/923/211
f 213/4711/213 756/970/756 776/936/776
f 188/965/188 172/966/172 768/874/768
f 768/874/768 806/901/806 188/965/188
f 215/904/215 173/883/173 216/926/216
f 183/890/183 216/926/216 899/4712/899
f 208/920/208 316/4643/316 810/921/810
f 604/437/604 821/943/821 819/424/819
f 712/931/712 551/930/551 199/4641/199
f 480/933/480 776/936/776 708/971/708
f 597/4713/597 158/915/158 791/917/791
f 587/4714/587 588/937/588 862/960/862
f 213/4711/213 674/932/674 706/955/706
f 550/4715/550 833/430/833 773/902/773
f 149/692/149 170/925/170 482/947/482
f 477/877/477 664/817/664 708/971/708
f 547/948/547 158/915/158 809/919/809
f 547/948/547 195/942/195 548/963/548
f 218/953/218 750/907/750 553/906/553
f 553/906/553 886/959/886 191/4710/191
f 916/941/916 177/885/177 684/952/684
f 557/913/557 691/914/691 189/900/189
f 588/937/588 587/4714/587 791/917/791
f 791/917/791 677/916/677 588/937/588
f 588/937/588 677/916/677 879/938/879
f 652/945/652 589/962/589 738/961/738
f 163/909/163 162/911/162 793/898/793
f 188/965/188 187/873/187 214/964/214
f 674/932/674 478/722/478 171/934/171
f 648/927/648 217/889/217 548/963/548
f 169/881/169 149/692/149 482/947/482
f 216/926/216 174/882/174 899/4712/899
f 834/969/834 862/960/862 588/937/588
f 179/4699/179 863/928/863 718/4709/718
f 886/959/886 821/943/821 652/945/652
f 708/971/708 481/871/481 480/933/480
f 211/923/211 169/881/169 654/924/654
f 589/962/589 652/945/652 605/944/605
f 558/905/558 550/4715/550 190/903/190
f 822/4708/822 819/424/819 821/943/821
f 899/4712/899 156/4684/156 183/890/183
f 218/953/218 863/928/863 750/907/750
f 674/932/674 213/4711/213 480/933/480
f 166/4685/166 159/805/159 176/957/176
f 202/816/202 481/871/481 664/817/664
f 173/883/173 174/882/174 216/926/216
f 706/955/706 186/868/186 213/4711/213
f 684/952/684 553/906/553 191/4710/191
f 684/952/684 194/939/194 916/941/916
f 212/899/212 185/896/185 685/897/685
f 184/894/184 211/923/211 685/897/685
f 207/895/207 184/894/184 685/897/685
f 745/436/745 185/896/185 793/898/793
f 551/930/551 224/428/224 833/430/833
f 751/872/751 198/875/198 193/876/193
f 181/956/181 175/888/175 176/957/176
f 756/970/756 186/868/186 749/910/749
f 551/930/551 550/4715/550 874/951/874
f 152/808/152 172/966/172 171/934/171
f 158/915/158 597/4713/597 642/918/642
f 706/955/706 180/954/180 193/876/193
f 708/971/708 479/935/479 477/877/477
f 479/935/479 163/909/163 709/949/709
f 191/4710/191 834/969/834 194/939/194
f 319/431/319 189/900/189 691/914/691
f 718/4709/718 177/885/177 178/706/178
f 192/908/192 822/4708/822 886/959/886
f 314/439/314 196/922/196 810/921/810
f 189/900/189 319/431/319 187/873/187
f 189/900/189 188/965/188 806/901/806
f 216/926/216 558/905/558 215/904/215
f 916/941/916 194/939/194 879/938/879
f 171/934/171 151/724/151 152/808/152
f 154/697/154 173/883/173 768/874/768
f 159/805/159 901/704/901 181/956/181
f 218/953/218 684/952/684 177/885/177
f 215/904/215 190/903/190 806/901/806
f 709/949/709 212/899/212 170/925/170
f 170/925/170 149/692/149 775/878/775
f 773/902/773 190/903/190 550/4715/550
f 199/4641/199 195/942/195 809/919/809
f 195/942/195 199/4641/199 874/951/874
f 547/948/547 552/940/552 879/938/879
f 214/964/214 878/950/878 180/954/180
f 961/1055/961 962/1015/962 963/1017/963
f 676/893/676 196/922/196 822/891/822
f 214/964/214 180/954/180 171/934/171
f 557/913/557 189/900/189 773/902/773
f 191/4710/191 886/959/886 738/961/738
f 197/870/197 767/912/767 749/910/749
f 919/195/919 147/232/147 1016/1068/1016
f 398/188/398 919/195/919 920/4716/920
f 396/186/396 1013/973/1013 922/184/922
f 919/195/919 1016/1068/1016 920/4716/920
f 1013/1067/1013 1015/1071/1015 1369/198/1369
f 980/1027/980 927/4717/927 923/982/923
f 929/979/929 925/978/925 930/981/930
f 924/975/924 930/974/930 931/4718/931
f 927/4717/927 929/4719/929 923/982/923
f 929/4719/929 930/974/930 923/982/923
f 931/980/931 925/978/925 926/977/926
f 934/1039/934 1004/994/1004 992/993/992
f 938/4720/938 1012/1058/1012 983/1060/983
f 944/999/944 947/4721/947 1008/989/1008
f 944/1057/944 940/1001/940 945/998/945
f 945/998/945 933/997/933 1002/1047/1002
f 955/1012/955 949/985/949 951/1004/951
f 994/1043/994 1006/1044/1006 948/1037/948
f 994/1043/994 950/1042/950 1006/1044/1006
f 956/1050/956 963/1017/963 955/1012/955
f 958/1034/958 961/1055/961 1007/1028/1007
f 1000/1009/1000 936/988/936 960/987/960
f 954/1005/954 1000/1009/1000 960/987/960
f 946/256/946 970/4722/970 986/228/986
f 941/1002/941 986/1052/986 970/4723/970
f 967/1023/967 939/1022/939 968/1041/968
f 933/4724/933 946/256/946 971/4595/971
f 947/4721/947 935/1006/935 1008/989/1008
f 943/1010/943 1000/1009/1000 978/1031/978
f 979/1032/979 999/1026/999 976/1025/976
f 980/1027/980 923/982/923 1005/1033/1005
f 1007/1028/1007 980/1027/980 1005/1033/1005
f 927/4717/927 976/1025/976 1011/1024/1011
f 1005/1033/1005 923/982/923 984/1036/984
f 1012/1053/1012 1010/986/1010 992/993/992
f 949/985/949 981/1014/981 995/1045/995
f 928/976/928 984/1036/984 923/982/923
f 987/1003/987 996/1018/996 979/1032/979
f 996/1018/996 943/1010/943 979/1032/979
f 924/975/924 978/1031/978 975/1035/975
f 928/976/928 924/975/924 975/1035/975
f 937/992/937 1009/991/1009 941/4725/941
f 990/4726/990 1001/1046/1001 1002/1047/1002
f 969/1059/969 1012/1058/1012 966/1021/966
f 965/1020/965 994/1043/994 948/1037/948
f 996/1018/996 938/984/938 998/4727/998
f 941/4725/941 936/988/936 937/992/937
f 1010/986/1010 949/985/949 934/1039/934
f 977/1029/977 961/1055/961 956/1050/956
f 954/1005/954 985/1056/985 1000/1009/1000
f 968/1041/968 1001/1046/1001 967/1023/967
f 959/990/959 1003/1008/1003 1009/991/1009
f 992/4728/992 939/1022/939 1012/1058/1012
f 964/1016/964 962/1015/962 957/1019/957
f 1011/1024/1011 978/1031/978 924/975/924
f 975/1035/975 942/1054/942 984/1036/984
f 952/1030/952 1000/1009/1000 985/1056/985
f 952/1030/952 975/1035/975 978/1031/978
f 1001/1046/1001 990/4726/990 969/1059/969
f 936/988/936 941/4725/941 940/1000/940
f 978/1031/978 1011/1024/1011 943/1010/943
f 965/1020/965 954/1005/954 953/1007/953
f 948/1037/948 964/1016/964 965/1020/965
f 957/1019/957 954/1005/954 965/1020/965
f 974/221/974 971/4595/971 946/256/946
f 1002/1047/1002 971/1048/971 990/4726/990
f 949/985/949 955/1012/955 981/1014/981
f 977/1029/977 987/1003/987 976/1025/976
f 989/1013/989 964/1016/964 991/1038/991
f 939/995/939 1004/994/1004 947/4721/947
f 961/1055/961 977/1029/977 1007/1028/1007
f 997/1011/997 941/4725/941 1009/991/1009
f 970/4723/970 972/996/972 941/1002/941
f 995/1045/995 950/1042/950 934/1039/934
f 993/1049/993 1004/994/1004 934/1039/934
f 979/1032/979 1011/1024/1011 999/1026/999
f 945/998/945 1002/1047/1002 968/1041/968
f 979/1032/979 976/1025/976 987/1003/987
f 1006/1044/1006 981/1014/981 991/1038/991
f 939/1022/939 966/1021/966 1012/1058/1012
f 969/1059/969 967/1023/967 1001/1046/1001
f 1027/241/1027 1034/224/1034 106/212/106
f 983/1060/983 998/4729/998 938/4720/938
f 967/1023/967 969/1059/969 966/1021/966
f 985/1056/985 957/1019/957 942/1054/942
f 970/4723/970 933/997/933 972/996/972
f 953/1007/953 935/1006/935 993/1049/993
f 935/1006/935 960/987/960 1008/989/1008
f 982/4600/982 969/1061/969 932/283/932
f 983/4730/983 969/1061/969 982/4600/982
f 998/234/998 983/4730/983 982/4600/982
f 973/284/973 932/283/932 969/1061/969
f 971/4595/971 88/300/88 990/1062/990
f 927/4717/927 1011/1024/1011 931/4718/931
f 927/4717/927 980/1027/980 976/1025/976
f 1011/1024/1011 924/975/924 931/4718/931
f 921/1063/921 1014/4731/1014 1015/1071/1015
f 1015/4732/1015 398/188/398 920/4716/920
f 1013/1069/1013 398/188/398 1015/4732/1015
f 1046/1078/1046 1025/1115/1025 1024/4733/1024
f 1024/1079/1024 1021/1097/1021 1023/1080/1023
f 1024/1079/1024 1025/4734/1025 1021/1097/1021
f 1043/1087/1043 1018/168/1018 1026/170/1026
f 1033/175/1033 1018/168/1018 1043/1087/1043
f 1020/1081/1020 1022/4735/1022 1024/1079/1024
f 1042/1084/1042 1029/1082/1029 1034/224/1034
f 1051/1093/1051 1059/1099/1059 1037/1105/1037
f 1042/1084/1042 1027/241/1027 1028/1085/1028
f 1041/1107/1041 1038/1090/1038 1056/1092/1056
f 1040/1089/1040 1039/1088/1039 1036/1086/1036
f 1051/1093/1051 1037/1105/1037 1042/1084/1042
f 1053/1110/1053 1050/1101/1050 1035/1091/1035
f 1039/1088/1039 1058/1095/1058 1060/1104/1060
f 1046/1078/1046 1019/1075/1019 1060/1108/1060
f 1058/1095/1058 1046/4736/1046 1060/1104/1060
f 1023/1080/1023 1050/1096/1050 1059/1112/1059
f 1057/1102/1057 1054/1072/1054 1052/1100/1052
f 1051/1093/1051 1055/1094/1055 1047/1103/1047
f 1054/4737/1054 1057/4738/1057 1021/1097/1021
f 1052/1100/1052 1058/1095/1058 1038/1090/1038
f 1025/4734/1025 1054/4737/1054 1021/1097/1021
f 1024/4733/1024 1022/1076/1022 1046/1078/1046
f 1048/1113/1048 1045/4739/1045 1020/1081/1020
f 578/171/578 1032/1083/1032 1056/1092/1056
f 1029/1082/1029 1056/1092/1056 1032/1083/1032
f 798/249/798 1034/224/1034 1029/1082/1029
f 1035/1091/1035 1041/1107/1041 1056/1092/1056
f 1175/1295/1175 1231/1426/1231 1118/4740/1118
f 1026/170/1026 1056/1092/1056 1038/1090/1038
f 1055/1094/1055 1042/1084/1042 1036/1086/1036
f 106/212/106 858/165/858 1027/241/1027
f 1057/1102/1057 1050/1101/1050 1021/4741/1021
f 1028/1085/1028 92/178/92 1031/176/1031
f 1031/176/1031 1040/1089/1040 1028/1085/1028
f 1040/1089/1040 1031/176/1031 1033/175/1033
f 1047/1103/1047 1036/1086/1036 1060/1104/1060
f 1048/1098/1048 1051/1093/1051 1045/4742/1045
f 1189/1859/1189 1219/4743/1219 1304/4744/1304
f 1198/4745/1198 1182/1429/1182 1304/4746/1304
f 1314/1869/1314 1255/1863/1255 1281/1171/1281
f 1313/1118/1313 1088/1139/1088 1096/1857/1096
f 1169/1130/1169 1089/1129/1089 1229/4747/1229
f 1315/1125/1315 1313/1118/1313 1681/1117/1681
f 1061/1274/1061 1230/1160/1230 1224/1191/1224
f 1283/4748/1283 1309/1321/1309 1308/1308/1308
f 1088/1139/1088 1313/1118/1313 1306/1128/1306
f 1313/1118/1313 1315/1125/1315 1134/1127/1134
f 1172/1144/1172 1161/1133/1161 1173/1135/1173
f 1102/1855/1102 1100/1131/1100 1273/4749/1273
f 1313/1118/1313 1157/1353/1157 1306/1128/1306
f 1223/1121/1223 1279/1157/1279 1241/1164/1241
f 1198/4750/1198 1187/4751/1187 1283/4748/1283
f 1229/4747/1229 1260/4752/1260 1169/1130/1169
f 1304/4746/1304 1315/1125/1315 1681/1117/1681
f 1314/1869/1314 1116/1172/1116 1172/4753/1172
f 1308/1308/1308 1151/4754/1151 1198/4750/1198
f 1171/4755/1171 1101/1147/1101 1261/1146/1261
f 1100/1131/1100 1161/1133/1161 1273/4749/1273
f 1150/1173/1150 1093/1865/1093 1092/1149/1092
f 1266/1126/1266 1124/1348/1124 1134/1127/1134
f 1214/1155/1214 1187/1867/1187 1210/1145/1210
f 1182/1429/1182 1198/4745/1198 1151/1404/1151
f 1064/1266/1064 657/1278/657 893/4756/893
f 1335/4757/1335 1336/4758/1336 1146/1158/1146
f 1132/4759/1132 1131/1449/1131 1094/4760/1094
f 1219/4743/1219 1094/4760/1094 1131/1449/1131
f 1305/1159/1305 1171/1165/1171 1261/1447/1261
f 1150/1173/1150 1220/1866/1220 1093/1865/1093
f 1242/1148/1242 1132/4759/1132 1150/1173/1150
f 1171/4755/1171 1155/1156/1155 1146/1158/1146
f 1171/4755/1171 1146/1158/1146 1336/4758/1336
f 1094/4760/1094 1220/1866/1220 1132/4759/1132
f 1150/1173/1150 1132/4759/1132 1220/1866/1220
f 1318/1161/1318 1061/1274/1061 1129/1277/1129
f 1131/1449/1131 1305/1159/1305 1261/1447/1261
f 1337/1440/1337 1334/1446/1334 1116/1172/1116
f 1335/4757/1335 1146/1158/1146 1279/1157/1279
f 1197/1252/1197 1208/1251/1208 1294/1231/1294
f 1077/4761/1077 1208/1251/1208 1221/1254/1221
f 1113/1222/1113 1112/1183/1112 1290/1195/1290
f 1279/1157/1279 1334/1446/1334 1335/4757/1335
f 1103/1304/1103 1168/1279/1168 1075/1280/1075
f 1241/1164/1241 1279/1157/1279 1155/1156/1155
f 1232/1260/1232 1065/1259/1065 1272/1184/1272
f 1131/1449/1131 1210/1448/1210 1219/4743/1219
f 1190/1203/1190 1317/4762/1317 1201/4763/1201
f 1284/4764/1284 1061/1274/1061 1062/1196/1062
f 1253/1185/1253 1065/1259/1065 1156/1273/1156
f 1232/1260/1232 1248/1176/1248 1127/1271/1127
f 1236/1245/1236 1207/1276/1207 1129/1277/1129
f 1302/4765/1302 1106/1219/1106 1218/1232/1218
f 1248/1176/1248 1232/1260/1232 1217/1186/1217
f 1318/1161/1318 1311/1228/1311 1114/1162/1114
f 1111/1168/1111 1067/1199/1067 1066/1471/1066
f 1235/1268/1235 1066/1471/1066 1067/1199/1067
f 1280/1223/1280 1221/1254/1221 1208/1251/1208
f 1218/1232/1218 1195/1221/1195 1291/1233/1291
f 1063/1179/1063 1127/1271/1127 1248/1176/1248
f 1235/1268/1235 1215/1205/1215 1081/1475/1081
f 1128/1197/1128 1224/1191/1224 1300/1193/1300
f 1191/1198/1191 1256/1247/1256 1067/1199/1067
f 1201/4763/1201 1069/1201/1069 1190/1203/1190
f 1301/1217/1301 1127/4766/1127 1179/4767/1179
f 1317/4762/1317 1190/1203/1190 1205/1209/1205
f 1190/1203/1190 1069/1201/1069 1072/1204/1072
f 1317/4762/1317 1205/1209/1205 1292/1208/1292
f 1285/1243/1285 1070/1242/1070 1286/4768/1286
f 1236/1248/1236 1256/1247/1256 1071/4769/1071
f 1312/1250/1312 1197/1252/1197 1080/1141/1080
f 1083/4770/1083 1249/1187/1249 1193/1190/1193
f 1156/1200/1156 1288/1189/1288 1069/1201/1069
f 1197/1252/1197 1079/1142/1079 1080/1141/1080
f 1107/1220/1107 1276/4771/1276 1195/1221/1195
f 1317/4762/1317 1284/1269/1284 1062/4772/1062
f 1213/1474/1213 1276/4771/1276 1107/1220/1107
f 1204/1227/1204 1230/1160/1230 1114/1162/1114
f 1235/1268/1235 1299/1210/1299 1215/1205/1215
f 1193/1190/1193 1065/1211/1065 1316/4773/1316
f 1280/1223/1280 1126/1249/1126 1221/1254/1221
f 1082/1275/1082 1212/1261/1212 1156/1273/1156
f 1127/1271/1127 1316/1258/1316 1232/1260/1232
f 1300/4774/1300 1201/4763/1201 1128/4775/1128
f 1317/4762/1317 1062/4772/1062 1128/4775/1128
f 1301/1217/1301 1249/1187/1249 1083/4770/1083
f 1284/4764/1284 1129/1277/1129 1061/1274/1061
f 1106/1219/1106 1195/1221/1195 1218/1232/1218
f 1240/1226/1240 1262/1224/1262 1312/1250/1312
f 1280/1223/1280 1312/1250/1312 1262/1224/1262
f 1066/1471/1066 488/1470/488 1111/1168/1111
f 1312/1250/1312 1247/1215/1247 1240/1226/1240
f 1179/4767/1179 1195/4776/1195 1276/1218/1276
f 1082/1202/1082 1069/1201/1069 1201/4763/1201
f 1286/1291/1286 1270/1238/1270 1074/1240/1074
f 1294/1231/1294 1165/1230/1165 1197/1252/1197
f 1291/1177/1291 1197/1252/1197 1165/1230/1165
f 1115/1298/1115 1296/1292/1296 1087/1122/1087
f 1316/4773/1316 1127/4766/1127 1083/4770/1083
f 1207/1276/1207 1073/4777/1073 1318/1161/1318
f 1286/1291/1286 1160/1181/1160 1285/1180/1285
f 1276/1218/1276 1301/1217/1301 1179/4767/1179
f 1076/1314/1076 1075/1280/1075 1287/1182/1287
f 1070/1242/1070 1270/1284/1270 1286/4768/1286
f 1079/1142/1079 1197/1252/1197 1291/1177/1291
f 1107/1220/1107 1133/1267/1133 1213/1474/1213
f 1193/1190/1193 1316/4773/1316 1083/4770/1083
f 1235/1268/1235 1292/1208/1292 1299/1210/1299
f 1112/1183/1112 1247/1215/1247 1289/1174/1289
f 1250/1175/1250 1298/1140/1298 1079/1142/1079
f 1253/1185/1253 1212/1261/1212 1177/1194/1177
f 1233/1169/1233 1111/1168/1111 488/1470/488
f 1215/1205/1215 1299/1210/1299 1205/1209/1205
f 1068/4702/1068 1069/1201/1069 1288/1189/1288
f 1288/1189/1288 490/1188/490 1068/4702/1068
f 1215/1205/1215 1072/1204/1072 1081/1475/1081
f 1106/1219/1106 1302/4765/1302 1270/1284/1270
f 1107/1220/1107 1106/1219/1106 1133/1267/1133
f 1288/1189/1288 1156/1200/1156 1193/1190/1193
f 1295/1255/1295 1302/1239/1302 1218/1256/1218
f 1296/1292/1296 1308/1308/1308 1309/1321/1309
f 1133/1267/1133 1064/1266/1064 893/4756/893
f 1149/1285/1149 1073/4777/1073 1207/1276/1207
f 1224/1191/1224 1290/1195/1290 1170/1192/1170
f 1287/1281/1287 1111/1168/1111 1285/1243/1285
f 1105/1297/1105 1302/1239/1302 1295/1255/1295
f 1240/1226/1240 1114/1162/1114 1262/1224/1262
f 1270/1284/1270 1064/1266/1064 1106/1219/1106
f 1128/4775/1128 1201/4763/1201 1317/4762/1317
f 1073/4777/1073 1110/1299/1110 1311/1228/1311
f 1240/1226/1240 1113/1222/1113 1204/1227/1204
f 1201/4763/1201 1300/4774/1300 1082/1202/1082
f 1152/1324/1152 1090/1315/1090 1135/4778/1135
f 1191/1262/1191 1287/1182/1287 1075/1280/1075
f 1236/1245/1236 1196/1244/1196 1149/1285/1149
f 1203/4779/1203 1323/1385/1323 1144/1384/1144
f 1246/1330/1246 1130/1351/1130 1319/4780/1319
f 1295/1255/1295 1293/1307/1293 1105/1297/1105
f 1076/1314/1076 1180/1293/1180 1275/1312/1275
f 1160/1181/1160 1076/1314/1076 1287/1182/1287
f 1121/1313/1121 1310/1403/1310 1104/1345/1104
f 1121/1313/1121 1104/1345/1104 1275/1312/1275
f 1174/4781/1174 1251/1399/1251 1158/1342/1158
f 1297/1305/1297 1077/4761/1077 1108/1413/1108
f 1075/1280/1075 1076/1314/1076 1275/1312/1275
f 1180/1293/1180 1264/1207/1264 1175/1295/1175
f 1168/1279/1168 1176/1263/1176 1191/1262/1191
f 1081/1475/1081 1066/1471/1066 1235/1268/1235
f 1085/1294/1085 1176/1263/1176 1103/1304/1103
f 1077/4761/1077 1148/1253/1148 1200/1306/1200
f 1267/4782/1267 1162/1438/1162 1225/1439/1225
f 1121/1313/1121 1130/1351/1130 1310/1403/1310
f 1302/1239/1302 1296/1292/1296 1074/1240/1074
f 1164/4783/1164 1149/1285/1149 1196/1244/1196
f 1239/1302/1239 1103/1304/1103 1119/1344/1119
f 1118/1375/1118 1231/1283/1231 1321/1282/1321
f 1148/1253/1148 1077/4761/1077 1221/1254/1221
f 1148/1253/1148 1126/1249/1126 1078/1300/1078
f 1260/4784/1260 1229/1311/1229 1346/4785/1346
f 1115/1298/1115 1125/1290/1125 1296/1292/1296
f 1346/4785/1346 1229/1311/1229 1178/1310/1178
f 1119/1344/1119 1103/1304/1103 1275/1312/1275
f 1342/1406/1342 1341/1405/1341 1199/4786/1199
f 1275/1312/1275 1103/1304/1103 1075/1280/1075
f 1104/1345/1104 1119/1344/1119 1275/1312/1275
f 1294/1231/1294 1297/1305/1297 1293/1318/1293
f 1328/1366/1328 1367/1380/1367 1282/1355/1282
f 1140/4787/1140 1152/4788/1152 1184/1422/1184
f 1277/4789/1277 1259/4790/1259 1234/1235/1234
f 1200/1306/1200 1245/1301/1245 1124/1348/1124
f 1196/4791/1196 1085/1294/1085 1086/1303/1086
f 1309/1321/1309 1087/1122/1087 1296/1292/1296
f 1341/1343/1341 1095/1316/1095 1152/4792/1152
f 1122/1341/1122 1124/1348/1124 1216/1427/1216
f 1140/4787/1140 1184/1422/1184 1183/4793/1183
f 1140/1376/1140 1183/4794/1183 1118/1375/1118
f 1226/4795/1226 1202/1364/1202 1258/4796/1258
f 1274/1333/1274 1265/1327/1265 1209/1326/1209
f 1185/4797/1185 1227/1397/1227 1098/1396/1098
f 1268/1417/1268 1099/1346/1099 1252/1339/1252
f 1271/1329/1271 1185/4797/1185 1098/1396/1098
f 1123/1356/1123 1152/4798/1152 1331/1354/1331
f 1091/1410/1091 1158/1342/1158 1209/1400/1209
f 1120/1340/1120 1185/4799/1185 1271/4800/1271
f 1222/1319/1222 1164/4783/1164 1196/1244/1196
f 1238/1296/1238 1184/1422/1184 1097/1352/1097
f 1147/1136/1147 1161/1133/1161 1169/1132/1169
f 1109/1347/1109 1257/1349/1257 1216/1427/1216
f 1319/4780/1319 1130/1351/1130 1097/1352/1097
f 1122/1341/1122 1090/1315/1090 1157/1353/1157
f 1174/4781/1174 1158/1342/1158 1257/1349/1257
f 1341/1343/1341 1117/1317/1117 1095/1316/1095
f 1252/1339/1252 1099/1346/1099 1265/1327/1265
f 1246/1330/1246 1271/1329/1271 1130/1351/1130
f 1258/4796/1258 1202/1364/1202 1166/1412/1166
f 1198/4750/1198 1283/4748/1283 1308/1308/1308
f 1108/1413/1108 1182/1429/1182 1297/1305/1297
f 1153/1431/1153 1196/4791/1196 1086/1303/1086
f 1340/4801/1340 1346/4785/1346 1178/1310/1178
f 1183/4793/1183 1184/1422/1184 1238/1296/1238
f 1200/1306/1200 1108/1413/1108 1077/4761/1077
f 1110/1299/1110 1109/1347/1109 1078/1300/1078
f 1216/1427/1216 1124/1348/1124 1109/1347/1109
f 1089/1129/1089 1306/1128/1306 1117/1317/1117
f 1090/1315/1090 1254/4802/1254 1135/4778/1135
f 1136/1323/1136 1239/1302/1239 1099/1346/1099
f 1174/4781/1174 1257/1349/1257 1303/1237/1303
f 1119/1344/1119 1099/1346/1099 1239/1302/1239
f 1234/1235/1234 1257/1349/1257 1277/4789/1277
f 1175/1295/1175 1183/4793/1183 1238/1296/1238
f 1277/4789/1277 1257/1349/1257 1110/1299/1110
f 1259/4790/1259 1277/4789/1277 1110/1299/1110
f 1164/4783/1164 1234/1235/1234 1259/4790/1259
f 1097/1352/1097 1121/1313/1121 1238/1296/1238
f 1282/1355/1282 1319/4803/1319 1123/1356/1123
f 1274/4804/1274 1355/4805/1355 1358/1434/1358
f 1099/1346/1099 1104/1345/1104 1307/1331/1307
f 1173/1135/1173 1161/1133/1161 1264/1207/1264
f 1091/4806/1091 1265/4807/1265 1203/4779/1203
f 1194/4808/1194 1278/4809/1278 1269/4810/1269
f 1227/1360/1227 1185/1335/1185 1324/1337/1324
f 1140/1376/1140 1349/1374/1349 1192/1453/1192
f 1343/4811/1343 1327/4812/1327 1346/4785/1346
f 1152/4813/1152 1199/4786/1199 1341/1405/1341
f 1178/1310/1178 1089/1309/1089 1341/1405/1341
f 1319/4803/1319 1329/1379/1329 1246/4814/1246
f 1206/1288/1206 1139/4815/1139 1135/1286/1135
f 1252/1436/1252 1274/4804/1274 1358/1434/1358
f 1325/1395/1325 1186/1424/1186 1145/1361/1145
f 1153/4816/1153 1353/1371/1353 1181/1373/1181
f 1185/4817/1185 1269/4810/1269 1278/4809/1278
f 1325/1395/1325 1227/1360/1227 1324/1337/1324
f 1323/1385/1323 1265/4807/1265 1163/4818/1163
f 1260/1212/1260 1321/1282/1321 1167/1213/1167
f 1142/1430/1142 1138/1414/1138 1186/1424/1186
f 1322/1437/1322 1267/1428/1267 1225/1389/1225
f 1188/1390/1188 1142/1430/1142 1143/1391/1143
f 1162/1438/1162 1278/4809/1278 1194/4808/1194
f 1332/4819/1332 1139/4815/1139 1206/1288/1206
f 1328/1366/1328 1282/1355/1282 1331/1354/1331
f 1137/1362/1137 1145/1361/1145 1138/1414/1138
f 1188/1386/1188 1162/1438/1162 1144/1384/1144
f 1163/1415/1163 1142/1430/1142 1323/4820/1323
f 1356/1467/1356 1359/1359/1359 1268/1435/1268
f 1268/1435/1268 1359/1359/1359 1136/1358/1136
f 1307/1331/1307 1137/1350/1137 1138/1332/1138
f 1194/4808/1194 1144/1384/1144 1162/1438/1162
f 1166/1412/1166 1332/4819/1332 1206/1288/1206
f 1331/1354/1331 1135/4821/1135 1139/1468/1139
f 1271/4800/1271 1226/1401/1226 1120/1340/1120
f 1185/4799/1185 1120/1340/1120 1269/4822/1269
f 1333/1418/1333 1332/4819/1332 1166/1412/1166
f 1181/1236/1181 1222/1319/1222 1153/1320/1153
f 1259/4790/1259 1149/1285/1149 1164/4783/1164
f 1343/4811/1343 1347/4823/1347 1327/4812/1327
f 1282/1355/1282 1329/1379/1329 1319/4803/1319
f 1187/4751/1187 1304/4824/1304 1219/4825/1219
f 1263/1367/1263 1332/1419/1332 1330/1382/1330
f 1137/1350/1137 1104/1345/1104 1098/1396/1098
f 1202/1364/1202 1226/4795/1226 1246/1365/1246
f 1139/1468/1139 1332/1419/1332 1263/1367/1263
f 1308/1308/1308 1293/1307/1293 1151/4754/1151
f 1120/4826/1120 1203/4779/1203 1269/4810/1269
f 1343/4811/1343 1346/4785/1346 1340/4801/1340
f 1266/1126/1266 1315/1125/1315 1108/1413/1108
f 1264/1207/1264 1115/1298/1115 1173/1135/1173
f 1159/1170/1159 1214/1155/1214 1101/1147/1101
f 1326/1338/1326 1344/4827/1344 1350/1402/1350
f 1269/4810/1269 1144/1384/1144 1194/4808/1194
f 1254/1287/1254 1258/4796/1258 1166/1412/1166
f 1175/1295/1175 1118/4740/1118 1183/4793/1183
f 1342/1406/1342 1199/4786/1199 1345/1421/1345
f 1226/1401/1226 1254/4802/1254 1122/1341/1122
f 1141/1381/1141 1333/1383/1333 1329/1379/1329
f 1348/1420/1348 1343/4811/1343 1340/4801/1340
f 1265/1327/1265 1099/1346/1099 1307/1331/1307
f 1239/1302/1239 1136/1323/1136 1086/1303/1086
f 1346/4785/1346 1327/4812/1327 1260/4784/1260
f 1147/1136/1147 1231/1426/1231 1243/1206/1243
f 1360/1458/1360 1362/1462/1362 1363/4828/1363
f 1184/1422/1184 1152/4788/1152 1123/1423/1123
f 1157/1353/1157 1117/1317/1117 1306/1128/1306
f 1321/1282/1321 1260/1212/1260 1327/1154/1327
f 1234/1235/1234 1164/4783/1164 1222/1319/1222
f 1097/1352/1097 1123/1423/1123 1319/4780/1319
f 1348/1420/1348 1326/4829/1326 1343/4811/1343
f 1367/4830/1367 1328/4831/1328 1368/4832/1368
f 1348/1420/1348 1340/4801/1340 1342/1406/1342
f 1343/4811/1343 1326/4829/1326 1347/4823/1347
f 1359/1359/1359 1352/1460/1352 1320/1357/1320
f 1345/1377/1345 1192/1453/1192 1344/4827/1344
f 1368/4832/1368 1328/4831/1328 1263/4833/1263
f 1344/4827/1344 1348/4834/1348 1345/1377/1345
f 1159/1170/1159 1337/1440/1337 1281/1171/1281
f 1116/1172/1116 1334/1446/1334 1223/1121/1223
f 1336/1444/1336 1338/1393/1338 1339/1443/1339
f 1334/1394/1334 1338/1393/1338 1335/1445/1335
f 1159/1441/1159 1339/1443/1339 1337/1392/1337
f 1129/1277/1129 1284/4764/1284 1236/1245/1236
f 1192/4835/1192 1349/1450/1349 1344/1454/1344
f 1178/1310/1178 1342/1406/1342 1340/4801/1340
f 1360/1458/1360 1363/4828/1363 1358/1459/1358
f 1355/1370/1355 1303/1369/1303 1354/1461/1354
f 1359/1359/1359 1356/1467/1356 1352/1460/1352
f 1361/1463/1361 1362/4836/1362 1353/1432/1353
f 1354/1461/1354 1357/1372/1357 1362/1462/1362
f 1357/1372/1357 1303/1369/1303 1181/1373/1181
f 1233/1169/1233 542/1472/542 1244/1167/1244
f 1362/4836/1362 1364/1457/1364 1363/1456/1363
f 1361/1463/1361 1364/1457/1364 1362/4836/1362
f 1364/1466/1364 1361/4837/1361 1352/1464/1352
f 1351/4838/1351 1364/1466/1364 1356/1465/1356
f 1358/1434/1358 1351/1455/1351 1356/1467/1356
f 1322/4839/1322 1365/1407/1365 1325/4840/1325
f 1325/1395/1325 1324/1337/1324 1267/1428/1267
f 1186/1409/1186 1325/4840/1325 1365/1407/1365
f 1228/4841/1228 1093/1865/1093 1096/1861/1096
f 1367/4830/1367 1368/4832/1368 1141/4842/1141
f 1225/1389/1225 1365/1398/1365 1322/1437/1322
f 1366/4843/1366 1141/4842/1141 1368/4832/1368
f 1366/4843/1366 1368/4832/1368 1263/4833/1263
f 827/1476/827 913/1469/913 1066/1471/1066
f 1370/1477/1370 1013/1067/1013 1371/236/1371
f 1133/1267/1133 893/4756/893 530/1473/530
f 1213/1474/1213 530/1473/530 1084/4695/1084
f 1069/1201/1069 1068/4702/1068 847/4697/847
f 1069/1201/1069 847/4697/847 1072/1204/1072
f 1072/1204/1072 828/4698/828 1081/1475/1081
f 828/4698/828 827/1476/827 1081/1475/1081
f 591/4612/591 593/4611/593 839/4844/839
f 1374/1547/1374 1409/1523/1409 1484/1539/1484
f 1013/1067/1013 1369/198/1369 1371/236/1371
f 1014/4731/1014 1369/198/1369 1015/1071/1015
f 1017/1065/1017 1370/1477/1370 921/1063/921
f 1372/196/1372 1369/198/1369 1014/4731/1014
f 638/197/638 1372/196/1372 1370/1477/1370
f 1014/4731/1014 921/1063/921 1372/196/1372
f 1530/1582/1530 1385/1569/1385 1539/1480/1539
f 1461/1479/1461 1530/1582/1530 1539/1480/1539
f 1459/1838/1459 1382/1640/1382 1462/1592/1462
f 1512/1622/1512 1473/4845/1473 1422/4846/1422
f 1412/1741/1412 1410/1748/1410 1486/1746/1486
f 1374/1547/1374 1449/1478/1449 1537/1808/1537
f 1528/1798/1528 1466/1799/1466 1448/1822/1448
f 1619/1500/1619 1680/1828/1680 1597/1830/1597
f 1537/1808/1537 710/609/710 1528/1798/1528
f 1492/1503/1492 1467/1535/1467 1629/1820/1629
f 1520/4847/1520 1576/1848/1576 1553/1584/1553
f 1459/1838/1459 1397/4848/1397 1381/1504/1381
f 1440/1499/1440 1376/1498/1376 1397/4848/1397
f 1411/1577/1411 1631/1736/1631 1552/4849/1552
f 1390/1585/1390 1553/1584/1553 1576/1848/1576
f 1480/1623/1480 1408/4850/1408 1515/1621/1515
f 1447/1564/1447 1503/1611/1503 1577/1570/1577
f 1396/1600/1396 1511/1527/1511 1483/1510/1483
f 1398/4851/1398 540/4679/540 1401/674/1401
f 1453/1580/1453 1559/4852/1559 1630/1581/1630
f 1395/4853/1395 1439/1612/1439 1503/1611/1503
f 1480/1623/1480 1522/1552/1522 1408/4850/1408
f 1462/1592/1462 1517/1508/1517 1393/1495/1393
f 1520/4847/1520 1553/1584/1553 1391/1548/1391
f 1386/4854/1386 1393/1495/1393 1561/1509/1561
f 1398/4851/1398 1390/4855/1390 1576/4856/1576
f 1566/1714/1566 1564/1481/1564 1455/1824/1455
f 1448/1822/1448 1564/1481/1564 1392/1483/1392
f 1407/4857/1407 1573/1538/1573 1581/1540/1581
f 1403/1488/1403 1402/1487/1402 1563/4858/1563
f 1569/1573/1569 1403/1488/1403 1563/4858/1563
f 1516/1806/1516 1514/4859/1514 1386/4854/1386
f 1563/4858/1563 1574/1528/1574 1569/1573/1569
f 1512/4860/1512 1422/1744/1422 1482/1768/1482
f 1402/1487/1402 1481/1506/1481 1549/1823/1549
f 1564/1481/1564 1566/1714/1566 1533/1482/1533
f 1451/1805/1451 1493/1626/1493 1488/1628/1488
f 1641/1507/1641 1548/1534/1548 1383/1529/1383
f 1459/1838/1459 1381/1504/1381 1524/1571/1524
f 1472/1516/1472 1399/4861/1399 1594/1588/1594
f 1542/1627/1542 1499/1524/1499 1382/1640/1382
f 1488/1628/1488 1542/1627/1542 1382/1640/1382
f 1580/1514/1580 1639/4862/1639 1578/1834/1578
f 1553/1584/1553 1464/1583/1464 1526/4863/1526
f 1643/1726/1643 1642/4864/1642 1647/1724/1647
f 1495/1549/1495 1553/1584/1553 1526/4863/1526
f 1384/1853/1384 1397/4848/1397 1376/1498/1376
f 1580/1514/1580 1542/1627/1542 1639/4862/1639
f 1484/1539/1484 1409/1523/1409 1565/1522/1565
f 1559/4852/1559 1453/1580/1453 1573/1538/1573
f 1484/1539/1484 1512/1622/1512 1581/1540/1581
f 1623/1712/1623 1471/1711/1471 1625/4865/1625
f 1638/4866/1638 1598/1546/1598 1640/1545/1640
f 1488/1628/1488 1524/1571/1524 1405/4867/1405
f 1505/1512/1505 1435/1541/1435 1495/1549/1495
f 1493/1626/1493 1635/1559/1635 1454/1558/1454
f 1598/1546/1598 1639/4868/1639 1531/1669/1531
f 1569/1573/1569 1509/1543/1509 1523/1537/1523
f 1454/1558/1454 1479/4869/1479 1637/4870/1637
f 1586/1732/1586 1444/4871/1444 1672/1764/1672
f 1390/4855/1390 1398/4851/1398 1377/1494/1377
f 1509/1543/1509 1569/1573/1569 1511/1527/1511
f 1470/4872/1470 1447/1564/1447 1550/1566/1550
f 1404/1614/1404 1634/1844/1634 1583/4873/1583
f 1583/4873/1583 1375/1620/1375 1404/1614/1404
f 1379/1624/1379 1533/1482/1533 1566/1714/1566
f 1532/1655/1532 1495/1549/1495 1526/4863/1526
f 1480/1623/1480 1533/1482/1533 1379/1624/1379
f 1405/4867/1405 1503/1611/1503 1451/1805/1451
f 1508/1496/1508 1464/1786/1464 1390/4855/1390
f 1528/1798/1528 1448/1822/1448 1392/1483/1392
f 1570/1647/1570 1513/1706/1513 1529/1645/1529
f 1448/1822/1448 1466/1799/1466 1549/1823/1549
f 1560/615/1560 1458/1542/1458 1466/1799/1466
f 1465/4874/1465 1498/1719/1498 1502/1632/1502
f 1594/1588/1594 1568/4875/1568 1415/1586/1415
f 1567/1511/1567 1574/1528/1574 1458/1542/1458
f 1405/4867/1405 1524/1571/1524 1577/1570/1577
f 1582/1520/1582 1523/1537/1523 1509/1543/1509
f 1454/1558/1454 1637/4870/1637 1639/4862/1639
f 1636/4876/1636 1418/1489/1418 1403/1488/1403
f 1546/1651/1546 1420/1817/1420 1506/1544/1506
f 1637/1851/1637 1419/1850/1419 1531/1669/1531
f 1386/4854/1386 1508/1496/1508 1393/1495/1393
f 1394/1589/1394 1507/1521/1507 1406/1590/1406
f 1640/1545/1640 1506/1544/1506 1420/1817/1420
f 1575/1555/1575 1570/1554/1570 1451/1805/1451
f 1385/1557/1385 1373/1492/1373 1557/1491/1557
f 1481/1506/1481 1383/1529/1383 1455/1824/1455
f 1401/674/1401 1387/1608/1387 1376/1498/1376
f 1400/1497/1400 1398/4851/1398 1401/674/1401
f 1641/1652/1641 1402/4877/1402 1418/1610/1418
f 1398/4851/1398 1400/1497/1400 1377/1494/1377
f 1629/1820/1629 1631/1565/1631 1492/1503/1492
f 1473/1771/1473 1421/1778/1421 1554/1772/1554
f 1565/1522/1565 1480/1623/1480 1515/1621/1515
f 1675/1762/1675 1588/1631/1588 1414/1630/1414
f 1448/1822/1448 1455/1824/1455 1564/1481/1564
f 1530/1582/1530 1630/1581/1630 1510/1567/1510
f 1375/1620/1375 1455/1824/1455 1383/1529/1383
f 1388/1530/1388 1537/1808/1537 1449/1478/1449
f 1405/4867/1405 1577/1570/1577 1503/1611/1503
f 1380/1801/1380 1495/1549/1495 1532/1655/1532
f 1509/1543/1509 1507/1521/1507 1582/1520/1582
f 1519/1625/1519 1522/1552/1522 1480/1623/1480
f 1453/1580/1453 1461/1479/1461 1484/1539/1484
f 1515/1779/1515 1442/1754/1442 1536/1770/1536
f 1466/1799/1466 1574/1528/1574 1563/4858/1563
f 1528/1798/1528 1392/1483/1392 1537/1808/1537
f 1531/1669/1531 1639/4868/1639 1637/1851/1637
f 1465/4878/1465 1502/4879/1502 1431/1718/1431
f 1545/1629/1545 1636/4876/1636 1403/1488/1403
f 1449/1478/1449 1436/1644/1436 1388/1530/1388
f 1641/1652/1641 1599/1653/1599 1548/4880/1548
f 1572/614/1572 1435/1541/1435 1458/1542/1458
f 1491/1572/1491 1510/1567/1510 1630/1581/1630
f 1558/1812/1558 1596/1813/1596 1416/1597/1416
f 1435/1541/1435 1505/1512/1505 1567/1511/1567
f 1550/1574/1550 1407/4857/1407 1581/1540/1581
f 1427/1780/1427 1456/1774/1456 1426/1777/1426
f 1617/1661/1617 1680/1826/1680 1614/1662/1614
f 1526/4863/1526 1568/1656/1568 1532/1655/1532
f 1600/1650/1600 1531/1669/1531 1419/1850/1419
f 1440/1499/1440 1579/1654/1579 1400/1497/1400
f 1636/1561/1636 1664/1563/1664 1418/1610/1418
f 1528/1798/1528 714/608/714 1560/615/1560
f 1412/1741/1412 1630/1745/1630 1559/1729/1559
f 1472/1516/1472 1617/1661/1617 1678/1517/1678
f 1400/1497/1400 1401/674/1401 1440/1499/1440
f 1488/1628/1488 1405/4867/1405 1451/1805/1451
f 1393/1495/1393 1400/1497/1400 1579/1654/1579
f 1638/4881/1638 1640/1649/1640 1545/1562/1545
f 1650/1668/1650 1647/1698/1647 1648/1727/1648
f 1506/1544/1506 1598/1546/1598 1600/1650/1600
f 1490/1674/1490 1417/4882/1417 1419/4883/1419
f 1651/1696/1651 1653/1681/1653 1603/1854/1603
f 1419/4883/1419 1548/4880/1548 1490/1674/1490
f 1490/1674/1490 1548/4880/1548 1599/1653/1599
f 1474/1677/1474 1420/1817/1420 1546/1651/1546
f 1538/1847/1538 1635/1559/1635 1493/1626/1493
f 1419/1850/1419 1417/1678/1417 1546/1651/1546
f 1655/1672/1655 1654/1684/1654 1653/1686/1653
f 1455/1824/1455 1549/1823/1549 1481/1506/1481
f 1420/1817/1420 1662/1689/1662 1640/1545/1640
f 1490/1674/1490 1599/1653/1599 1601/1675/1601
f 1478/1609/1478 1656/1676/1656 1660/1683/1660
f 1599/1653/1599 1478/1609/1478 1660/1683/1660
f 1432/1613/1432 1610/1687/1610 1498/1719/1498
f 1438/1682/1438 1490/1674/1490 1652/1680/1652
f 1541/4884/1541 1474/1677/1474 1490/4885/1490
f 1434/1705/1434 1646/4886/1646 1431/1718/1431
f 1632/1695/1632 1538/4887/1538 1633/4888/1633
f 1460/1633/1460 1610/1687/1610 1543/1693/1543
f 1665/1697/1665 1656/1676/1656 1661/1692/1661
f 1545/1562/1545 1604/1648/1604 1664/1563/1664
f 1602/1673/1602 1657/4889/1657 1652/1680/1652
f 1660/1683/1660 1657/4889/1657 1602/1673/1602
f 1430/1665/1430 1649/1704/1649 1443/1664/1443
f 1651/1604/1651 1656/4890/1656 1665/4891/1665
f 1603/1605/1603 1657/1691/1657 1658/1606/1658
f 1474/1677/1474 1541/4884/1541 1663/1688/1663
f 1664/1563/1664 1661/1692/1661 1656/1676/1656
f 1543/1693/1543 1609/1486/1609 1487/1694/1487
f 1660/1683/1660 1602/1673/1602 1601/1675/1601
f 1659/1671/1659 1663/1688/1663 1654/1684/1654
f 1523/1537/1523 1403/1488/1403 1569/1573/1569
f 1490/1674/1490 1602/1673/1602 1652/1680/1652
f 1494/1615/1494 1375/1603/1375 1608/1602/1608
f 1555/1634/1555 1633/4888/1633 1538/4887/1538
f 1529/1645/1529 1502/4879/1502 1555/1646/1555
f 1608/1602/1608 1429/1720/1429 1494/1615/1494
f 1460/1633/1460 1633/4888/1633 1555/1634/1555
f 1487/1694/1487 1635/1699/1635 1632/1695/1632
f 1436/4892/1436 1557/1491/1557 1571/4893/1571
f 1608/1602/1608 1583/1601/1583 1487/1619/1487
f 1460/1633/1460 1502/1632/1502 1610/1687/1610
f 1612/1716/1612 1498/1719/1498 1465/4874/1465
f 1610/1687/1610 1609/1486/1609 1543/1693/1543
f 1611/1703/1611 1443/1664/1443 1649/1704/1649
f 1430/1665/1430 1504/1722/1504 1649/1704/1649
f 1469/1816/1469 1514/1701/1514 1378/1811/1378
f 1431/1718/1431 1443/1664/1443 1611/1703/1611
f 1476/4894/1476 1585/1756/1585 1552/4849/1552
f 1465/4878/1465 1431/1718/1431 1646/4886/1646
f 1465/4874/1465 1646/1849/1646 1612/1716/1612
f 1476/4894/1476 1552/4849/1552 1629/4895/1629
f 1648/1727/1648 1649/1660/1649 1650/1668/1650
f 1650/4896/1650 1649/1704/1649 1504/1722/1504
f 1662/1689/1662 1604/1679/1604 1640/1545/1640
f 1586/1732/1586 1628/1728/1628 1407/1730/1407
f 1643/1717/1643 1645/4897/1645 1644/1715/1644
f 1468/1578/1468 1552/4849/1552 1585/1756/1585
f 1412/1741/1412 1559/1729/1559 1628/1728/1628
f 1489/1725/1489 1645/1723/1645 1643/1726/1643
f 1644/1715/1644 1498/1719/1498 1612/1716/1612
f 1389/4668/1389 1391/1548/1391 1572/614/1572
f 1411/1577/1411 1552/4849/1552 1468/1578/1468
f 1476/4898/1476 1486/1746/1486 1587/1763/1587
f 1486/1746/1486 1630/1745/1630 1412/1741/1412
f 1544/1743/1544 1425/4899/1425 1423/1769/1423
f 1529/1645/1529 1525/1616/1525 1443/1664/1443
f 1389/4668/1389 1520/4847/1520 1391/1548/1391
f 1410/1748/1410 1676/1766/1676 1486/1746/1486
f 1423/1739/1423 1605/1738/1605 1395/1775/1395
f 1629/4895/1629 1552/4849/1552 1631/1736/1631
f 1589/4900/1589 1591/1750/1591 1590/1752/1590
f 1590/1752/1590 1674/4901/1674 1589/4900/1589
f 1584/1740/1584 1676/1766/1676 1410/1748/1410
f 1587/1757/1587 1585/1756/1585 1476/4894/1476
f 1629/4895/1629 1491/4902/1491 1476/4894/1476
f 1468/1578/1468 1585/1756/1585 1414/1630/1414
f 1674/4903/1674 1535/4904/1535 1673/4905/1673
f 1591/1761/1591 1518/1836/1518 1588/1631/1588
f 1584/1740/1584 1628/1728/1628 1413/1839/1413
f 1591/1761/1591 1589/4906/1589 1518/1836/1518
f 1676/1766/1676 1535/1751/1535 1486/1746/1486
f 1414/1630/1414 1587/1757/1587 1675/1762/1675
f 1437/4907/1437 1667/4908/1667 1668/4909/1668
f 1672/1764/1672 1413/1839/1413 1586/1732/1586
f 1551/1840/1551 1444/4871/1444 1586/1732/1586
f 1518/1836/1518 1589/4906/1589 1624/1837/1624
f 1606/1742/1606 1485/4910/1485 1425/4899/1425
f 1554/1772/1554 1606/1742/1606 1422/1744/1422
f 1591/1761/1591 1675/1762/1675 1587/1757/1587
f 1584/1740/1584 1413/1839/1413 1676/1766/1676
f 1671/4911/1671 1672/1764/1672 1444/4871/1444
f 1501/1819/1501 1399/4861/1399 1472/1516/1472
f 1588/1631/1588 1444/4912/1444 1551/1579/1551
f 1424/1797/1424 1427/4913/1427 1477/1595/1477
f 1515/1779/1515 1421/1778/1421 1473/1771/1473
f 1522/1753/1522 1424/1797/1424 1442/1754/1442
f 1423/1769/1423 1482/1768/1482 1544/1743/1544
f 1427/4913/1427 1626/1593/1626 1477/1595/1477
f 1576/1848/1576 1520/4847/1520 1497/663/1497
f 1425/4899/1425 1544/1743/1544 1606/1742/1606
f 1540/1784/1540 1536/1770/1536 1477/1595/1477
f 1456/1774/1456 1427/1780/1427 1424/1758/1424
f 1421/1778/1421 1536/1770/1536 1554/1772/1554
f 1456/1774/1456 1605/1738/1605 1426/1777/1426
f 1620/1789/1620 1540/1784/1540 1477/1595/1477
f 1667/4908/1667 1669/4914/1669 1668/4909/1668
f 1501/1819/1501 1445/1814/1445 1399/4861/1399
f 1607/1737/1607 1426/1777/1426 1605/1738/1605
f 1500/1792/1500 1666/1594/1666 1626/1593/1626
f 1621/1835/1621 1667/1788/1667 1437/1707/1437
f 1427/1780/1427 1426/1777/1426 1622/1781/1622
f 1457/1710/1457 1622/1781/1622 1426/1777/1426
f 1606/1742/1606 1554/1772/1554 1540/1784/1540
f 1510/1567/1510 1385/1569/1385 1530/1582/1530
f 1425/1783/1425 1607/1737/1607 1423/1739/1423
f 1663/1688/1663 1541/4884/1541 1438/1685/1438
f 1670/4915/1670 1666/4916/1666 1500/4917/1500
f 1514/4859/1514 1516/1806/1516 1378/4918/1378
f 1617/1661/1617 1472/1516/1472 1618/1587/1618
f 1621/1835/1621 1437/1707/1437 1606/1742/1606
f 1384/1853/1384 1381/1504/1381 1397/4848/1397
f 1395/4853/1395 1447/1564/1447 1470/4872/1470
f 1670/4915/1670 1500/4917/1500 1669/4914/1669
f 1669/4919/1669 1625/1708/1625 1668/1818/1668
f 1620/1789/1620 1621/1835/1621 1540/1784/1540
f 1672/4920/1672 1671/4921/1671 1673/4905/1673
f 1446/1793/1446 1500/1792/1500 1626/1593/1626
f 1542/1627/1542 1454/1558/1454 1639/4862/1639
f 1457/1710/1457 1485/1776/1485 1471/1711/1471
f 1500/1792/1500 1623/1791/1623 1669/4919/1669
f 1666/1594/1666 1620/1789/1620 1477/1595/1477
f 1519/1625/1519 1513/1550/1513 1522/1552/1522
f 1420/1817/1420 1475/1670/1475 1662/1689/1662
f 1532/1655/1532 1399/1657/1399 1380/1801/1380
f 1561/1509/1561 1516/1806/1516 1386/4854/1386
f 1511/1527/1511 1396/1600/1396 1507/1521/1507
f 1516/1806/1516 1561/1509/1561 1547/1525/1547
f 1378/4918/1378 1516/1806/1516 1394/1807/1394
f 1573/1538/1573 1407/4857/1407 1559/4852/1559
f 1556/1785/1556 1568/4922/1568 1464/1786/1464
f 1493/1626/1493 1451/1805/1451 1538/1847/1538
f 1441/1638/1441 1527/1598/1527 1596/1813/1596
f 1558/1800/1558 1406/1590/1406 1396/1600/1396
f 1444/4912/1444 1588/1631/1588 1624/1837/1624
f 1633/4888/1633 1543/1693/1543 1632/1695/1632
f 1594/1588/1594 1399/4861/1399 1568/4875/1568
f 1469/1816/1469 1415/1641/1415 1514/1701/1514
f 1380/4923/1380 1399/4861/1399 1445/1814/1445
f 1627/1502/1627 1616/1501/1616 1527/1803/1527
f 1613/1637/1613 1615/1843/1615 1614/1662/1614
f 1680/1828/1680 1619/1500/1619 1614/1827/1614
f 1445/1814/1445 1501/1819/1501 1592/1815/1592
f 1403/1488/1403 1523/1537/1523 1638/1599/1638
f 1596/1813/1596 1592/1815/1592 1595/1518/1595
f 1613/1825/1613 1627/1502/1627 1441/1804/1441
f 1593/1810/1593 1527/1803/1527 1616/1501/1616
f 1678/1832/1678 1617/4924/1617 1679/1845/1679
f 1393/1495/1393 1579/1654/1579 1462/1592/1462
f 1571/4893/1571 1557/1491/1557 1450/1553/1450
f 1644/1715/1644 1645/4897/1645 1433/1484/1433
f 1440/1499/1440 1397/4848/1397 1459/1838/1459
f 1449/1478/1449 1539/1480/1539 1436/1644/1436
f 1384/1853/1384 1373/1492/1373 1463/1505/1463
f 1615/1843/1615 1613/1637/1613 1677/1639/1677
f 1625/1708/1625 1669/4919/1669 1623/1791/1623
f 1673/4905/1673 1671/4921/1671 1674/4903/1674
f 1590/4925/1590 1535/4904/1535 1674/4903/1674
f 1395/1775/1395 1470/4926/1470 1423/1739/1423
f 1376/1498/1376 1534/1490/1534 1384/1853/1384
f 1604/1648/1604 1655/1842/1655 1665/1697/1665
f 1548/4880/1548 1419/4883/1419 1479/4927/1479
f 1490/1674/1490 1438/1682/1438 1541/4928/1541
f 1656/4890/1656 1651/1604/1651 1660/1841/1660
f 1430/1665/1430 1525/1616/1525 1494/1615/1494
f 1543/1693/1543 1633/4888/1633 1460/1633/1460
f 1658/1606/1658 1657/1691/1657 1660/1841/1660
f 1604/1648/1604 1665/1697/1665 1661/1692/1661
f 1450/1553/1450 671/613/671 1571/4893/1571
f 1392/1483/1392 1533/1482/1533 1409/1523/1409
f 1390/4855/1390 1377/1494/1377 1508/1496/1508
f 1458/1542/1458 1560/615/1560 1572/614/1572
f 1526/4863/1526 1464/1583/1464 1568/1656/1568
f 1547/4929/1547 1562/1519/1562 1507/1521/1507
f 1563/4858/1563 1402/1487/1402 1549/1823/1549
f 1498/1719/1498 1644/1715/1644 1432/1613/1432
f 1549/1823/1549 1466/1799/1466 1563/4858/1563
f 1454/1558/1454 1634/1560/1634 1479/4869/1479
f 1417/1678/1417 1490/4885/1490 1474/1677/1474
f 1469/1816/1469 1378/1811/1378 1593/1810/1593
f 1489/1725/1489 1504/1722/1504 1645/1723/1645
f 1546/1651/1546 1600/1650/1600 1419/1850/1419
f 1570/4930/1570 1555/1634/1555 1538/4887/1538
f 1496/1485/1496 1433/1484/1433 1645/4897/1645
f 1444/4871/1444 1624/4931/1624 1671/4911/1671
f 1671/4911/1671 1624/4931/1624 1589/4900/1589
f 1674/4901/1674 1671/4911/1671 1589/4900/1589
f 2063/2146/2063 2253/1873/2253 2537/1903/2537
f 671/1532/671 710/609/710 1388/1530/1388
f 1401/674/1401 538/611/538 1387/1608/1387
f 538/611/538 814/605/814 1387/1608/1387
f 1304/4746/1304 1681/1117/1681 1189/4932/1189
f 1214/1155/1214 1281/1171/1281 1255/1863/1255
f 1172/4753/1172 1116/1172/1116 1273/1163/1273
f 1220/1866/1220 1094/4760/1094 1189/1859/1189
f 1219/4743/1219 1189/1859/1189 1094/4760/1094
f 1093/1865/1093 1228/4841/1228 1092/1149/1092
f 1096/1861/1096 1220/1866/1220 1682/1858/1682
f 1969/1872/1969 1968/1885/1968 20/20/20
f 2344/1876/2344 2523/1891/2523 2346/1877/2346
f 1878/1886/1878 2510/1888/2510 2467/1915/2467
f 1924/1913/1924 24/4576/24 2337/4933/2337
f 1879/4934/1879 2154/1899/2154 2069/1882/2069
f 1969/1872/1969 2067/1883/2067 2510/1888/2510
f 733/52/733 2404/1928/2404 1956/4570/1956
f 2028/1892/2028 2523/1891/2523 2361/2155/2361
f 2066/1902/2066 2087/1879/2087 1980/4935/1980
f 2517/1936/2517 2154/1899/2154 2073/1934/2073
f 2087/1879/2087 1891/1881/1891 2521/1897/2521
f 2155/1874/2155 2066/1902/2066 2451/4936/2451
f 2073/1934/2073 1980/1901/1980 2452/1893/2452
f 2361/2155/2361 1881/4937/1881 2063/2146/2063
f 2104/1908/2104 1878/1886/1878 2467/1915/2467
f 640/1907/640 1968/1885/1968 2081/1937/2081
f 2062/1890/2062 2028/1892/2028 1955/1911/1955
f 1955/1911/1955 2515/1933/2515 2062/1890/2062
f 2335/1898/2335 2086/1904/2086 1986/1906/1986
f 1955/1911/1955 2036/1959/2036 2515/1933/2515
f 2344/1876/2344 2253/1873/2253 1881/4937/1881
f 2086/1904/2086 2335/1898/2335 1929/1880/1929
f 2381/1889/2381 1956/4570/1956 2404/1928/2404
f 2335/1898/2335 2521/1897/2521 1891/1881/1891
f 2154/1899/2154 2343/4938/2343 2066/1900/2066
f 1955/1911/1955 2404/1928/2404 2036/1959/2036
f 27/1871/27 24/4576/24 2068/1914/2068
f 2028/1892/2028 2064/1912/2064 1955/1911/1955
f 1969/1872/1969 27/1871/27 2068/1914/2068
f 2155/1874/2155 1929/1880/1929 2087/1879/2087
f 2452/1893/2452 1980/1901/1980 2087/1894/2087
f 1926/1946/1926 2333/1948/2333 1927/2420/1927
f 2467/1915/2467 2517/1936/2517 2104/1908/2104
f 2062/1890/2062 2346/1877/2346 2523/1891/2523
f 2404/1928/2404 1955/1911/1955 2381/1889/2381
f 2467/1915/2467 2069/1882/2069 2154/1899/2154
f 1935/51/1935 16/1949/16 1943/1931/1943
f 28/58/28 2484/1938/2484 35/56/35
f 2062/1890/2062 2515/1933/2515 1876/1921/1876
f 2515/1933/2515 2036/1959/2036 2029/1925/2029
f 1922/1958/1922 1936/55/1936 1923/1929/1923
f 2250/1935/2250 2452/1893/2452 2124/1940/2124
f 1985/1930/1985 1973/1951/1973 2074/1952/2074
f 1986/1906/1986 2344/1876/2344 1971/1878/1971
f 2001/4939/2001 1883/1943/1883 2546/1922/2546
f 1883/1943/1883 21/4577/21 2546/1922/2546
f 2036/1959/2036 2034/1926/2034 2029/1925/2029
f 2071/1896/2071 2335/1898/2335 1973/1951/1973
f 2081/1937/2081 2123/4940/2123 2484/1938/2484
f 2104/1908/2104 2517/1936/2517 2534/1939/2534
f 2122/1941/2122 2452/1893/2452 2072/1895/2072
f 1985/1930/1985 2072/1910/2072 2521/1897/2521
f 2117/1953/2117 2473/1942/2473 2124/1940/2124
f 2248/1918/2248 35/56/35 2249/1945/2249
f 2540/2419/2540 2116/1944/2116 1926/1946/1926
f 2081/1937/2081 2417/1887/2417 2123/4940/2123
f 2122/1941/2122 2547/4941/2547 1989/4942/1989
f 1926/1946/1926 2123/4940/2123 2534/1939/2534
f 1876/1921/1876 2107/4943/2107 1885/1919/1885
f 2149/4944/2149 2148/1957/2148 1922/1958/1922
f 1971/1878/1971 1973/1951/1973 1986/1906/1986
f 29/95/29 31/97/31 2483/1960/2483
f 2417/1887/2417 2534/1939/2534 2123/4940/2123
f 1922/1958/1922 18/1956/18 1936/55/1936
f 2473/1942/2473 2534/1939/2534 2250/1935/2250
f 2034/1926/2034 2404/1928/2404 1935/51/1935
f 2346/1877/2346 1972/1920/1972 1971/1878/1971
f 2116/1944/2116 2540/2419/2540 1925/2347/1925
f 1923/1929/1923 2248/1918/2248 2116/1944/2116
f 2430/1984/2430 2304/1975/2304 2543/1976/2543
f 2547/4941/2547 2122/1941/2122 1985/4945/1985
f 2542/1964/2542 2508/4946/2508 1783/1974/1783
f 1772/2265/1772 2013/1966/2013 2353/2263/2353
f 2003/1967/2003 2009/1916/2009 2012/1968/2012
f 2508/4946/2508 2542/1964/2542 2013/1966/2013
f 2013/1966/2013 1772/2265/1772 2508/4946/2508
f 2377/1973/2377 2305/1989/2305 2142/2381/2142
f 1783/1974/1783 2306/2382/2306 2388/2287/2388
f 2543/1976/2543 1772/2265/1772 2006/1985/2006
f 2542/1964/2542 1773/1969/1773 2485/2267/2485
f 1745/2056/1745 2679/2904/2679 2264/2050/2264
f 2508/4946/2508 1772/2265/1772 2543/1976/2543
f 2508/4946/2508 2543/1976/2543 1783/1974/1783
f 2060/65/2060 2014/106/2014 2011/1970/2011
f 2006/1985/2006 2430/1984/2430 2543/1976/2543
f 2009/1916/2009 2060/65/2060 2011/1970/2011
f 2011/1970/2011 2012/1968/2012 2009/1916/2009
f 790/4583/790 2486/1972/2486 2014/106/2014
f 1771/2264/1771 2006/1985/2006 1772/2265/1772
f 1783/1974/1783 2003/1967/2003 2542/1964/2542
f 2012/1968/2012 2011/1970/2011 1773/1969/1773
f 1727/1986/1727 2007/1977/2007 2149/1979/2149
f 2005/1983/2005 2006/1985/2006 1770/2272/1770
f 2005/1983/2005 1727/1986/1727 2430/1984/2430
f 2007/1977/2007 2005/1983/2005 1770/2272/1770
f 1770/2272/1770 2006/1985/2006 1771/2264/1771
f 2007/1977/2007 2008/1980/2008 2148/1978/2148
f 22/1981/22 2008/1980/2008 1743/1982/1743
f 2430/1984/2430 1727/1986/1727 2305/1989/2305
f 2080/1999/2080 1765/1996/1765 2125/1995/2125
f 1762/1994/1762 2548/2049/2548 2125/1995/2125
f 11/238/11 1764/1997/1764 2126/2067/2126
f 1765/1996/1765 1752/2000/1752 3326/1998/3326
f 3326/1998/3326 1762/1994/1762 1765/1996/1765
f 1764/1997/1764 2297/4947/2297 2126/2067/2126
f 1764/1997/1764 2298/1993/2298 2297/4947/2297
f 1762/1994/1762 1753/144/1753 10/138/10
f 10/138/10 1763/136/1763 1762/1994/1762
f 1762/1994/1762 1763/136/1763 2548/2049/2548
f 2080/1999/2080 2298/1993/2298 3312/1991/3312
f 1720/2046/1720 1728/2015/1728 1721/2068/1721
f 1769/237/1769 2652/2017/2652 6/4585/6
f 1746/2026/1746 2061/2025/2061 2090/2014/2090
f 2652/2017/2652 2260/2089/2260 6/4585/6
f 2657/2090/2657 1767/2075/1767 2261/2020/2261
f 2262/2051/2262 2524/2086/2524 1729/2069/1729
f 1766/2058/1766 2295/2053/2295 2455/2023/2455
f 1761/161/1761 2290/2060/2290 1751/156/1751
f 2290/2060/2290 2513/2044/2513 1732/2063/1732
f 1748/2083/1748 1777/4948/1777 2146/2270/2146
f 2145/2269/2145 2214/2080/2214 2090/2014/2090
f 2267/2027/2267 1789/2029/1789 1788/2031/1788
f 1791/2033/1791 2053/2082/2053 1788/2031/1788
f 2132/254/2132 15/253/15 1785/2036/1785
f 1786/2038/1786 2109/2034/2109 1787/2030/1787
f 1790/2035/1790 1786/2038/1786 2132/254/2132
f 2132/254/2132 1785/2036/1785 1790/2035/1790
f 2299/240/2299 1787/2030/1787 1791/2033/1791
f 2052/2071/2052 2269/2032/2269 1749/153/1749
f 1790/2035/1790 2053/2082/2053 2054/2037/2054
f 1788/2031/1788 1790/2035/1790 2269/2032/2269
f 2109/2034/2109 2550/2081/2550 1791/2033/1791
f 1728/2015/1728 2090/2014/2090 2061/2025/2061
f 2163/2006/2163 2135/2077/2135 2164/2007/2164
f 2293/2061/2293 1750/2001/1750 2291/2062/2291
f 2472/2064/2472 2442/2021/2442 1746/2026/1746
f 2259/2018/2259 2261/2020/2261 1767/2075/1767
f 2621/2072/2621 2624/4949/2624 2294/2066/2294
f 2624/4949/2624 2573/4950/2573 2294/2066/2294
f 2632/2047/2632 1721/2068/1721 1774/2065/1774
f 1774/2065/1774 2294/2066/2294 2573/4950/2573
f 2633/2055/2633 2265/2052/2265 1730/2070/1730
f 2290/2060/2290 1732/2063/1732 2293/2061/2293
f 2472/2064/2472 2214/2080/2214 2292/2002/2292
f 1732/2063/1732 2472/2064/2472 2293/2061/2293
f 1748/2083/1748 2476/2266/2476 2505/2084/2505
f 1761/161/1761 2126/2067/2126 2297/4947/2297
f 2548/2049/2548 1763/136/1763 2079/243/2079
f 2298/1993/2298 2290/2060/2290 2297/4947/2297
f 1746/2026/1746 2394/2054/2394 2263/2024/2263
f 1766/2058/1766 1767/2075/1767 2266/2059/2266
f 2090/2014/2090 2214/2080/2214 1746/2026/1746
f 1749/153/1749 6/4585/6 2260/2089/2260
f 2269/2032/2269 1784/2087/1784 1749/153/1749
f 1749/153/1749 2260/2089/2260 2052/2071/2052
f 2265/2052/2265 2262/2051/2262 1730/2070/1730
f 2262/2051/2262 2136/2078/2136 2163/2006/2163
f 145/151/145 1784/2087/1784 14/239/14
f 2143/2079/2143 2145/2269/2145 2010/2268/2010
f 2136/2078/2136 2264/2050/2264 1744/2905/1744
f 12/2003/12 2292/2002/2292 2475/2004/2475
f 2164/2007/2164 1747/2048/1747 2131/301/2131
f 1732/2063/1732 2513/2044/2513 1768/2022/1768
f 2655/2910/2655 2135/2077/2135 2136/2078/2136
f 2054/2037/2054 2551/2783/2551 2109/2034/2109
f 2297/4947/2297 2290/2060/2290 1761/161/1761
f 2144/2013/2144 2145/2269/2145 2090/2014/2090
f 1787/2030/1787 2132/254/2132 1786/2038/1786
f 2135/2077/2135 2658/2010/2658 2134/2012/2134
f 2296/2057/2296 2266/2059/2266 1745/2056/1745
f 2263/2024/2263 1721/2068/1721 2061/2025/2061
f 2259/2018/2259 2270/2028/2270 2267/2027/2267
f 2136/2078/2136 2135/2077/2135 2163/2006/2163
f 2513/2044/2513 2298/1993/2298 2080/1999/2080
f 14/239/14 1784/2087/1784 15/253/15
f 1745/2056/1745 2264/2050/2264 2265/2052/2265
f 2442/2021/2442 2455/2023/2455 2394/2054/2394
f 2654/2088/2654 2261/2020/2261 2260/2089/2260
f 1723/2096/1723 1736/2100/1736 2329/2117/2329
f 1742/2011/1742 1769/237/1769 3/2074/3
f 2109/2034/2109 1786/2038/1786 2054/2037/2054
f 1728/2015/1728 1720/2046/1720 2622/2045/2622
f 43/4951/43 2339/2110/2339 2/4952/2
f 26/2122/26 2058/2115/2058 5/4953/5
f 1758/2108/1758 763/2118/763 1735/2093/1735
f 1782/2106/1782 1739/4954/1739 13/4955/13
f 1737/2120/1737 1738/2104/1738 2458/2103/2458
f 2057/2883/2057 2056/2097/2056 1724/2099/1724
f 1756/2119/1756 1754/2123/1754 2479/2098/2479
f 2057/2883/2057 2631/2886/2631 1730/2070/1730
f 1737/2120/1737 2458/2103/2458 40/2092/40
f 1780/2094/1780 1778/4956/1778 1777/4948/1777
f 1757/2109/1757 1756/2119/1756 1740/2112/1740
f 1740/2112/1740 1741/2113/1741 1757/2109/1757
f 1741/2113/1741 2/4952/2 2339/2110/2339
f 1741/2113/1741 39/2116/39 2/4952/2
f 1760/2126/1760 5/4953/5 2058/2115/2058
f 1757/2109/1757 1735/2093/1735 1734/2102/1734
f 1722/4957/1722 1723/2096/1723 1754/2123/1754
f 1755/2881/1755 1754/2123/1754 1723/2096/1723
f 1755/2881/1755 1724/2099/1724 1754/2123/1754
f 1739/4954/1739 1781/2105/1781 1738/2104/1738
f 1775/4958/1775 2146/2270/2146 1778/4956/1778
f 1779/2107/1779 1776/4959/1776 1778/4956/1778
f 1780/2094/1780 1748/2083/1748 2459/2095/2459
f 2056/2097/2056 2524/2086/2524 2479/2098/2479
f 2459/2095/2459 2609/2085/2609 2608/2884/2608
f 2057/2883/2057 1729/2069/1729 2056/2097/2056
f 1777/4948/1777 1778/4956/1778 2146/2270/2146
f 2633/2055/2633 1730/2070/1730 2631/2886/2631
f 1738/2104/1738 1780/2094/1780 2329/2117/2329
f 1736/2100/1736 1722/4957/1722 1726/2101/1726
f 1733/4591/1733 2164/2007/2164 2131/301/2131
f 1724/2099/1724 1755/2881/1755 2057/2883/2057
f 2339/2110/2339 1757/2109/1757 1741/2113/1741
f 2059/2114/2059 1759/2009/1759 1760/2126/1760
f 1754/2123/1754 1726/2101/1726 1722/4957/1722
f 1/2121/1 1739/4954/1739 1737/2120/1737
f 7/4960/7 1782/2106/1782 13/4955/13
f 1760/2126/1760 1725/2008/1725 1733/2124/1733
f 2458/2103/2458 1736/2100/1736 1734/2102/1734
f 5/4953/5 1760/2126/1760 9/2125/9
f 1735/2093/1735 40/2092/40 2458/2103/2458
f 1758/2108/1758 2339/2110/2339 43/4951/43
f 1723/2096/1723 2459/2095/2459 1755/2881/1755
f 1780/2094/1780 1777/4948/1777 1748/2083/1748
f 1778/4956/1778 1781/2105/1781 1779/2107/1779
f 1756/2119/1756 1734/2102/1734 1726/2101/1726
f 2058/2115/2058 2059/2114/2059 1760/2126/1760
f 2337/2150/2337 25/4961/25 2347/4962/2347
f 1775/4958/1775 1778/4956/1778 1776/4959/1776
f 1729/2069/1729 2057/2883/2057 1730/2070/1730
f 2413/2137/2413 2063/2146/2063 2537/1903/2537
f 42/328/42 2243/2147/2243 34/326/34
f 2066/1902/2066 2045/2135/2045 2451/4936/2451
f 2310/329/2310 38/310/38 1942/337/1942
f 2449/4963/2449 1924/2151/1924 2031/4964/2031
f 2017/4965/2017 2045/2153/2045 2378/2128/2378
f 2015/1875/2015 2451/4936/2451 2045/2135/2045
f 2429/2132/2429 2064/1912/2064 2028/1892/2028
f 2031/4964/2031 2497/2143/2497 2044/2142/2044
f 2041/2144/2041 2497/2143/2497 2347/4962/2347
f 2065/2130/2065 2311/2148/2311 2354/330/2354
f 2537/1903/2537 2022/2134/2022 2413/2137/2413
f 2311/2148/2311 298/325/298 633/2149/633
f 2337/2150/2337 2347/4962/2347 2497/2143/2497
f 2050/4966/2050 1928/2221/1928 2278/4967/2278
f 2545/1909/2545 2064/1912/2064 2398/2140/2398
f 2031/4964/2031 2044/2142/2044 1879/2127/1879
f 2343/2129/2343 2378/2128/2378 2045/2153/2045
f 2361/2155/2361 2429/2132/2429 2028/1892/2028
f 2064/1912/2064 2545/1909/2545 2381/1889/2381
f 2311/2148/2311 2310/329/2310 1942/337/1942
f 2311/2148/2311 1942/337/1942 298/325/298
f 2545/1909/2545 2065/2130/2065 2035/1870/2035
f 1924/2151/1924 2497/2143/2497 2031/4964/2031
f 2311/2148/2311 2243/2147/2243 2310/329/2310
f 2451/4936/2451 2015/1875/2015 2155/1874/2155
f 2069/4968/2069 2031/4964/2031 1879/2127/1879
f 2318/2175/2318 2276/2241/2276 2046/2163/2046
f 1933/2159/1933 2020/2145/2020 2413/2137/2413
f 2502/2180/2502 1934/2239/1934 2023/2177/2023
f 2336/4969/2336 2315/2212/2315 2282/4970/2282
f 1940/2176/1940 1941/2167/1941 2024/2166/2024
f 1941/2167/1941 2041/2144/2041 2347/4962/2347
f 2042/2181/2042 1932/2246/1932 2499/2245/2499
f 2286/2228/2286 2037/2219/2037 1962/2218/1962
f 1965/2186/1965 1963/2172/1963 2506/2184/2506
f 2389/2217/2389 2359/2213/2359 1966/2131/1966
f 2016/2133/2016 2021/2174/2021 2378/2128/2378
f 1930/2162/1930 2536/2223/2536 2433/2160/2433
f 2277/4971/2277 2026/2222/2026 1928/2221/1928
f 2021/2174/2021 1930/2162/1930 2048/4972/2048
f 2024/2166/2024 2018/2230/2018 2042/2181/2042
f 2025/2161/2025 1875/2240/1875 2318/2175/2318
f 2436/2232/2436 2026/2222/2026 1934/2239/1934
f 2490/2192/2490 1963/2172/1963 2322/2171/2322
f 2027/2244/2027 2274/2243/2274 2323/2198/2323
f 2341/2220/2341 2051/4973/2051 2463/4974/2463
f 2051/4973/2051 2460/2197/2460 2349/4975/2349
f 2461/2242/2461 2040/2233/2040 2499/2245/2499
f 2436/2232/2436 2502/2180/2502 2040/2233/2040
f 1933/2159/1933 2520/2157/2520 1961/2206/1961
f 2043/4976/2043 2039/4977/2039 2341/2220/2341
f 2048/4972/2048 2017/4965/2017 2378/2128/2378
f 2359/2213/2359 2314/4978/2314 2242/2179/2242
f 2038/2187/2038 2037/2219/2037 46/3306/46
f 2287/2204/2287 2481/2200/2481 1967/2224/1967
f 2151/2190/2151 2282/4979/2282 2315/2215/2315
f 2153/2188/2153 2152/2214/2152 2389/2217/2389
f 46/3306/46 47/411/47 2038/2187/2038
f 48/2193/48 2490/2192/2490 47/411/47
f 44/2209/44 1932/2246/1932 2018/2230/2018
f 2273/2196/2273 2349/4975/2349 2460/2197/2460
f 36/389/36 2254/2202/2254 2275/2225/2275
f 2418/2236/2418 2323/2198/2323 2274/2243/2274
f 1967/2224/1967 2418/2199/2418 2275/2225/2275
f 2281/2207/2281 1960/2156/1960 2422/2169/2422
f 2336/4969/2336 2282/4970/2282 2283/4980/2283
f 2283/4980/2283 2279/4981/2279 2336/4969/2336
f 2288/2173/2288 2016/2133/2016 2032/2178/2032
f 1928/2221/1928 2463/4974/2463 2278/4967/2278
f 2318/2175/2318 1930/2162/1930 2025/2161/2025
f 2024/2166/2024 2042/2181/2042 1940/2176/1940
f 2241/2141/2241 560/4629/560 34/326/34
f 2017/2152/2017 1931/2182/1931 2358/2138/2358
f 2480/401/2480 2254/2202/2254 36/389/36
f 2323/2198/2323 2418/2236/2418 2273/2196/2273
f 2020/2145/2020 2389/2217/2389 2429/2132/2429
f 2152/2214/2152 2153/2188/2153 2151/2190/2151
f 2422/2169/2422 2047/2168/2047 2046/4982/2046
f 2043/4976/2043 2436/2232/2436 2392/2231/2392
f 1962/2218/1962 2038/2187/2038 1964/2234/1964
f 19/2165/19 2018/2230/2018 2024/2166/2024
f 2504/2216/2504 1961/2206/1961 2153/2188/2153
f 2287/2204/2287 1967/2224/1967 2254/2202/2254
f 2347/4962/2347 19/2165/19 1941/2167/1941
f 2048/4972/2048 2378/2128/2378 2021/2174/2021
f 2038/2187/2038 2322/2171/2322 1964/2234/1964
f 1940/2176/1940 2502/2180/2502 2023/2177/2023
f 2019/2136/2019 2022/2134/2022 2412/2158/2412
f 49/2237/49 2506/2184/2506 2113/2191/2113
f 2359/2213/2359 2389/2217/2389 2152/2214/2152
f 2047/2164/2047 2048/4972/2048 1930/2162/1930
f 2041/2144/2041 2016/2133/2016 2044/2142/2044
f 2027/2244/2027 2392/2231/2392 2461/2242/2461
f 2499/2245/2499 2040/2233/2040 2042/2181/2042
f 1941/2167/1941 1940/2176/1940 2032/2178/2032
f 2032/2178/2032 2016/2133/2016 1941/2167/1941
f 2323/2198/2323 2460/2197/2460 2027/2244/2027
f 2046/2163/2046 2276/2241/2276 2422/4983/2422
f 2242/2179/2242 23/2195/23 560/4629/560
f 2274/2243/2274 1932/2246/1932 2289/2208/2289
f 1932/2246/1932 2274/2243/2274 2461/2242/2461
f 1934/2239/1934 2025/2161/2025 2433/2160/2433
f 2025/2161/2025 2277/4971/2277 1875/2240/1875
f 2274/2243/2274 2993/2226/2993 2418/2236/2418
f 2032/2178/2032 2536/2223/2536 2288/2173/2288
f 2336/4969/2336 1963/2172/1963 1965/2186/1965
f 2418/2199/2418 1967/2224/1967 2481/2200/2481
f 19/2165/19 2347/4962/2347 25/4961/25
f 2433/2160/2433 2536/2223/2536 2023/2177/2023
f 387/387/387 2037/2219/2037 2480/401/2480
f 2314/2211/2314 1965/2186/1965 2244/2185/2244
f 2412/2158/2412 1933/2159/1933 2019/2136/2019
f 2314/4978/2314 2244/2194/2244 2242/2179/2242
f 2490/2192/2490 2322/2171/2322 47/411/47
f 2043/4976/2043 2460/2197/2460 2039/4977/2039
f 2279/4981/2279 2284/2170/2284 1963/2172/1963
f 2443/2779/2443 2151/4984/2151 2324/4985/2324
f 2114/2203/2114 2037/2219/2037 2286/2228/2286
f 1842/2782/1842 2280/4986/2280 2424/2728/2424
f 1959/2255/1959 1957/2261/1957 2283/2256/2283
f 1875/2259/1875 2050/2775/2050 2495/2753/2495
f 2280/4986/2280 2443/2779/2443 2324/4985/2324
f 2151/4984/2151 2414/2258/2414 2282/2257/2282
f 2368/2252/2368 2276/2251/2276 2049/2260/2049
f 1962/2248/1962 1964/4987/1964 1840/4988/1840
f 2475/2004/2475 2010/2268/2010 2486/1972/2486
f 1875/2259/1875 2495/2753/2495 2049/2260/2049
f 2481/2733/2481 2287/2253/2287 2272/2760/2272
f 2284/2780/2284 2279/2262/2279 1854/2722/1854
f 2443/2779/2443 2280/4986/2280 1842/2782/1842
f 2424/2728/2424 2520/4989/2520 2281/4990/2281
f 2520/4989/2520 2424/2728/2424 2280/4986/2280
f 33/2005/33 2475/2004/2475 2486/1972/2486
f 2528/1965/2528 2485/2267/2485 2144/2013/2144
f 2091/1971/2091 2485/2267/2485 1773/1969/1773
f 2622/2045/2622 2353/2263/2353 2528/1965/2528
f 1728/2015/1728 2622/2045/2622 2528/1965/2528
f 2146/2270/2146 1731/2273/1731 1771/2264/1771
f 2528/1965/2528 2353/2263/2353 2013/1966/2013
f 1771/2264/1771 2353/2263/2353 2476/2266/2476
f 2145/2269/2145 2144/2013/2144 2485/2267/2485
f 2010/2268/2010 2485/2267/2485 2091/1971/2091
f 2146/2270/2146 2476/2266/2476 1748/2083/1748
f 1743/1982/1743 1770/2272/1770 1731/2273/1731
f 1743/1982/1743 1775/4958/1775 1776/4959/1776
f 2374/4991/2374 1945/2306/1945 1947/2305/1947
f 2138/2367/2138 2133/4992/2133 2371/2393/2371
f 1921/2291/1921 1882/2406/1882 1937/2346/1937
f 1882/2406/1882 2115/1955/2115 1925/2347/1925
f 2002/2274/2002 2357/2334/2357 1943/1931/1943
f 1886/2275/1886 2075/2277/2075 2500/2337/2500
f 2399/2283/2399 2373/2282/2373 1950/2323/1950
f 1893/2304/1893 1919/2331/1919 1897/2330/1897
f 2369/4993/2369 1970/2431/1970 2382/4994/2382
f 1920/2391/1920 2149/4944/2149 2397/2392/2397
f 1921/2291/1921 2456/2290/2456 1920/2391/1920
f 1923/1929/1923 2397/2392/2397 1922/1958/1922
f 1927/2420/1927 2333/1948/2333 2085/2348/2085
f 1938/2295/1938 1939/2298/1939 2447/2422/2447
f 1939/2298/1939 2307/2383/2307 1954/4995/1954
f 1945/2306/1945 1896/2673/1896 1893/2304/1893
f 1897/4996/1897 1999/2396/1999 2369/2322/2369
f 1895/2281/1895 1990/2325/1990 2373/2282/2373
f 1949/2320/1949 1894/2379/1894 1896/2673/1896
f 1951/2297/1951 2325/2296/2325 2101/4997/2101
f 1951/2297/1951 1992/2415/1992 2375/2299/2375
f 1953/2300/1953 1992/2415/1992 1994/2384/1994
f 2447/2312/2447 2133/4992/2133 2342/2313/2342
f 2112/4998/2112 2084/2360/2084 2308/2359/2308
f 2102/2351/2102 1951/2297/1951 2101/4997/2101
f 1970/2431/1970 2428/2355/2428 2382/4994/2382
f 2348/2375/2348 2419/2374/2419 2119/2398/2119
f 1977/2397/1977 2498/2326/2498 1991/2400/1991
f 1984/2344/1984 2084/2360/2084 1978/2345/1978
f 1949/2320/1949 2300/2321/2300 2111/4999/2111
f 1984/2344/1984 2082/2316/2082 2387/2315/2387
f 2302/2324/2302 1950/2323/1950 2340/2311/2340
f 2373/2282/2373 2340/2311/2340 1950/2323/1950
f 1946/2640/1946 2224/2373/2224 1991/2400/1991
f 2498/2326/2498 2432/2318/2432 1991/2400/1991
f 2416/2285/2416 2509/2308/2509 1992/2415/1992
f 1998/2327/1998 1987/2358/1987 2371/2393/2371
f 2004/2429/2004 2514/2369/2514 1993/2368/1993
f 1993/2368/1993 2001/4939/2001 2004/2429/2004
f 2307/2383/2307 2083/2424/2083 1998/5000/1998
f 2141/2404/2141 1883/1943/1883 2001/4939/2001
f 2004/2429/2004 2001/4939/2001 2546/1922/2546
f 1884/2294/1884 2469/2293/2469 1890/2333/1890
f 1890/2333/1890 2483/1960/2483 1884/2294/1884
f 1890/2333/1890 1889/2341/1889 2357/2334/2357
f 2078/2343/2078 2405/2339/2405 2129/2340/2129
f 2078/2343/2078 2128/2388/2128 2127/2338/2127
f 2082/2316/2082 1978/2345/1978 2105/2354/2105
f 2320/2389/2320 1937/2346/1937 2085/2348/2085
f 1984/2344/1984 1979/2394/1979 2084/2360/2084
f 2102/2351/2102 2325/2296/2325 2103/2286/2103
f 2107/4943/2107 2030/1932/2030 1981/2350/1981
f 2110/2385/2110 2308/2386/2308 2215/2395/2215
f 1995/2362/1995 2309/2361/2309 2111/4999/2111
f 2112/4998/2112 1995/2402/1995 2084/2360/2084
f 2301/5001/2301 2379/2401/2379 2410/1954/2410
f 2118/2364/2118 2320/2389/2320 2539/1947/2539
f 2089/2407/2089 2082/2316/2082 2105/2354/2105
f 2129/2340/2129 2076/2335/2076 2128/2388/2128
f 2133/4992/2133 1954/2329/1954 1997/2328/1997
f 2514/2369/2514 2306/2372/2306 2138/2367/2138
f 1974/2349/1974 2140/2409/2140 2141/2404/2141
f 32/103/32 2140/2409/2140 2139/1961/2139
f 2301/5001/2301 2410/1954/2410 1989/4942/1989
f 1988/2353/1988 2448/2352/2448 1995/2402/1995
f 1988/2353/1988 2111/2421/2111 2300/2376/2300
f 2225/2303/2225 1937/2346/1937 2419/2365/2419
f 2078/2343/2078 1885/1919/1885 2108/2342/2108
f 2226/2314/2226 2342/2313/2342 2142/2428/2142
f 2428/5002/2428 2300/5003/2300 2374/5004/2374
f 2303/2378/2303 1996/2387/1996 1894/2379/1894
f 2303/2378/2303 2111/4999/2111 2309/2361/2309
f 2308/2386/2308 2083/2424/2083 1994/2384/1994
f 2309/2361/2309 1996/2387/1996 2303/2378/2303
f 1949/2320/1949 2111/4999/2111 2303/2378/2303
f 2075/2277/2075 1888/2279/1888 2127/2338/2127
f 1972/1920/1972 2070/2280/2070 2092/1950/2092
f 1988/2353/1988 2120/2408/2120 2105/2354/2105
f 29/95/29 2002/2274/2002 299/514/299
f 1979/2394/1979 1987/2358/1987 2084/2360/2084
f 2547/4941/2547 1970/2431/1970 1989/4942/1989
f 2003/1924/2003 2004/2429/2004 2546/1922/2546
f 2075/2277/2075 2400/2276/2400 2074/1952/2074
f 1989/4942/1989 2369/4993/2369 2301/5001/2301
f 2105/2354/2105 2120/2408/2120 2089/2407/2089
f 1991/2400/1991 2348/2375/2348 1977/2397/1977
f 2369/2322/2369 2382/5005/2382 1897/5006/1897
f 1946/2640/1946 1991/2400/1991 2332/2399/2332
f 1946/2640/1946 2103/2286/2103 2325/2296/2325
f 2325/2296/2325 2102/2351/2102 2101/4997/2101
f 2077/2336/2077 1889/2341/1889 1890/2333/1890
f 875/8/875 888/31/888 571/2/571
f 2115/1955/2115 2116/1944/2116 1925/2347/1925
f 2448/2352/2448 2105/2354/2105 1978/2345/1978
f 2093/1927/2093 1943/1931/1943 2357/2334/2357
f 2348/2375/2348 1991/2400/1991 2224/2373/2224
f 2374/5004/2374 2382/5007/2382 2428/5002/2428
f 2469/2293/2469 2077/2336/2077 1890/2333/1890
f 2405/2339/2405 1981/2350/1981 2093/1927/2093
f 2340/2311/2340 2379/2310/2379 2302/2324/2302
f 2107/4943/2107 1981/2350/1981 2108/2342/2108
f 2133/4992/2133 2306/2372/2306 2342/2313/2342
f 2129/2340/2129 2128/2388/2128 2078/2343/2078
f 2325/2296/2325 2224/2373/2224 1946/2640/1946
f 2140/2409/2140 1884/2294/1884 2139/1961/2139
f 2088/2292/2088 2500/2337/2500 2469/2293/2469
f 2034/1926/2034 1943/1931/1943 2093/1927/2093
f 2074/1952/2074 2089/2407/2089 1985/1930/1985
f 1893/2304/1893 1897/2330/1897 1947/2305/1947
f 2085/2348/2085 2539/1947/2539 2320/2389/2320
f 2357/2334/2357 1889/2341/1889 2093/1927/2093
f 2428/2355/2428 1970/2431/1970 2120/2356/2120
f 2137/2302/2137 2456/2290/2456 1944/2289/1944
f 2139/1961/2139 1884/2294/1884 2483/1960/2483
f 2100/2426/2100 1938/2295/1938 2402/2418/2402
f 2002/2274/2002 2483/1960/2483 1890/2333/1890
f 1997/2328/1997 2371/2393/2371 2133/4992/2133
f 1947/2305/1947 1897/2330/1897 2382/5008/2382
f 1939/2298/1939 1951/2297/1951 2375/2299/2375
f 2000/2430/2000 2388/2371/2388 1877/2425/1877
f 1992/2415/1992 2509/2308/2509 2215/2395/2215
f 1992/2415/1992 1951/2297/1951 2416/2285/2416
f 1885/1919/1885 2107/4943/2107 2108/2342/2108
f 2215/2395/2215 2426/2413/2426 2110/2385/2110
f 2085/2348/2085 2540/2419/2540 1927/2420/1927
f 2001/4939/2001 1993/2368/1993 1975/2411/1975
f 1975/2411/1975 2141/2404/2141 2001/4939/2001
f 2500/2337/2500 2387/2315/2387 1886/2275/1886
f 2382/5008/2382 2374/4991/2374 1947/2305/1947
f 1952/2309/1952 2498/2326/2498 1977/2397/1977
f 1984/2344/1984 2387/2315/2387 2088/2292/2088
f 2390/2319/2390 2432/2318/2432 1895/2281/1895
f 2397/2392/2397 1923/1929/1923 2115/1955/2115
f 3159/3674/3159 1684/2480/1684 1688/5009/1688
f 2340/2311/2340 2373/2282/2373 1990/2325/1990
f 1885/1919/1885 1887/2278/1887 1972/1920/1972
f 1896/2673/1896 1945/2306/1945 1949/2320/1949
f 2397/2392/2397 2149/4944/2149 1922/1958/1922
f 1884/2294/1884 2140/2409/2140 1974/2349/1974
f 1921/2291/1921 2397/2392/2397 1882/2406/1882
f 1954/2329/1954 2133/4992/2133 2447/2312/2447
f 1954/4995/1954 2447/2422/2447 1939/2298/1939
f 2309/2361/2309 2112/2363/2112 2110/2385/2110
f 2325/2296/2325 2100/2426/2100 2224/2373/2224
f 2371/2393/2371 1997/2328/1997 1998/2327/1998
f 1887/2278/1887 1885/1919/1885 1888/2279/1888
f 2514/2369/2514 2004/2429/2004 1877/2425/1877
f 2124/1940/2124 2410/1954/2410 2117/1953/2117
f 1979/2394/1979 1974/2349/1974 1880/2403/1880
f 2122/1941/2122 1989/4942/1989 2410/1954/2410
f 2402/2301/2402 2225/2303/2225 2100/5010/2100
f 1954/4995/1954 2307/2383/2307 1998/5000/1998
f 2539/1947/2539 2117/1953/2117 2118/2364/2118
f 2215/2395/2215 1994/2384/1994 1992/2415/1992
f 1970/2431/1970 2547/4941/2547 2121/2432/2121
f 1700/2458/1700 2147/2442/2147 1685/2498/1685
f 3017/2481/3017 1685/2496/1685 2503/2479/2503
f 1686/3687/1686 2380/2491/2380 1683/2490/1683
f 1688/5011/1688 1683/2490/1683 2345/2489/2345
f 1717/2454/1717 1718/2456/1718 1689/5012/1689
f 2462/2440/2462 2435/2465/2435 2216/2438/2216
f 1691/2451/1691 2525/2445/2525 1716/2457/1716
f 1694/5013/1694 1689/5012/1689 1718/2456/1718
f 1695/2462/1695 1694/2461/1694 2393/2483/2393
f 1697/2459/1697 1700/2458/1700 1687/5014/1687
f 1698/2471/1698 2217/2464/2217 1683/2494/1683
f 1703/2444/1703 2097/2446/2097 2147/2442/2147
f 2098/2450/2098 2395/5015/2395 2525/2445/2525
f 1700/2458/1700 1716/2457/1716 1703/2444/1703
f 1714/2468/1714 2150/2486/2150 1712/5016/1712
f 1692/2502/1692 2327/5017/2327 2150/2486/2150
f 2251/2663/2251 1694/2461/1694 2313/2463/2313
f 1709/5018/1709 2462/2440/2462 1698/2471/1698
f 2503/2497/2503 2501/2467/2501 1684/2504/1684
f 1714/2468/1714 1710/2505/1710 2501/2467/2501
f 2462/2440/2462 1710/2505/1710 2435/2465/2435
f 2393/2483/2393 2218/5019/2218 1686/2484/1686
f 1706/2500/1706 2321/2448/2321 2246/2650/2246
f 2507/5020/2507 2530/2477/2530 1706/2500/1706
f 2096/2492/2096 2246/2650/2246 2321/2448/2321
f 2099/2453/2099 2096/2492/2096 2321/2448/2321
f 3029/2472/3029 2218/5021/2218 1718/2456/1718
f 2251/5022/2251 1689/5012/1689 1694/5013/1694
f 2518/2474/2518 2437/2476/2437 1704/2460/1704
f 2312/2470/2312 2255/2636/2255 1711/2493/1711
f 2217/2464/2217 2462/2440/2462 1708/2439/1708
f 1711/2493/1711 2216/2438/2216 2258/2466/2258
f 2258/2466/2258 1712/5016/1712 1713/2469/1713
f 2147/2442/2147 1702/2488/1702 1685/2498/1685
f 2345/3685/2345 3159/3674/3159 1688/5009/1688
f 2258/2466/2258 1714/2468/1714 1712/5016/1712
f 1701/2443/1701 2150/2486/2150 2482/2441/2482
f 1689/5012/1689 2096/2492/2096 2401/2452/2401
f 1713/2469/1713 2150/2486/2150 2327/5017/2327
f 1687/2435/1687 1700/2495/1700 2541/2437/2541
f 3178/2436/3178 2531/2433/2531 1687/2435/1687
f 2150/2486/2150 2097/2446/2097 1692/2502/1692
f 1709/5018/1709 1684/2504/1684 1710/2505/1710
f 1710/2505/1710 2462/2440/2462 1709/5018/1709
f 1711/2493/1711 2255/2636/2255 1707/2475/1707
f 1711/2493/1711 1707/2475/1707 2518/2474/2518
f 2220/5023/2220 2363/2434/2363 2219/2473/2219
f 2098/2450/2098 1699/2449/1699 2530/2477/2530
f 1699/2449/1699 1716/2457/1716 1715/2482/1715
f 2219/3502/2219 3029/3503/3029 2220/5024/2220
f 2312/2470/2312 1713/2469/1713 2252/2665/2252
f 1716/2457/1716 2525/2445/2525 1703/2444/1703
f 2395/5015/2395 1705/2478/1705 2095/5025/2095
f 1704/2460/1704 1708/2439/1708 2518/2474/2518
f 2401/2452/2401 1717/2454/1717 1689/5012/1689
f 2393/2483/2393 2217/2464/2217 1695/2462/1695
f 2097/2446/2097 2525/2445/2525 2395/5015/2395
f 1683/2490/1683 1709/5026/1709 1698/5027/1698
f 1697/2459/1697 2363/2499/2363 1715/2482/1715
f 1701/2443/1701 2147/2442/2147 2097/2446/2097
f 1715/2482/1715 2363/2499/2363 1719/2447/1719
f 2507/5020/2507 1705/2478/1705 2530/2477/2530
f 2216/2438/2216 2518/2474/2518 1708/2439/1708
f 2186/2587/2186 1871/2540/1871 2187/2574/2187
f 2395/5015/2395 2094/2501/2094 2097/2446/2097
f 1684/2480/1684 1709/5028/1709 1688/5009/1688
f 2159/2508/2159 1845/2507/1845 2411/2521/2411
f 1797/2683/1797 1798/2682/1798 2236/5029/2236
f 2427/2685/2427 1847/2524/1847 2465/2526/2465
f 1806/2537/1806 2535/5030/2535 1814/2635/1814
f 1799/2575/1799 1871/2540/1871 1872/2539/1872
f 1873/2630/1873 1874/2543/1874 1801/2576/1801
f 2350/2615/2350 2351/2516/2351 2376/2515/2376
f 1825/2517/1825 2351/2516/2351 1805/2528/1805
f 1814/2635/1814 1803/2598/1803 1857/2542/1857
f 2366/5031/2366 2493/2691/2493 1815/2621/1815
f 1815/2621/1815 1868/2522/1868 2366/5031/2366
f 1845/2507/1845 1869/2604/1869 2411/2521/2411
f 1849/2527/1849 1813/2534/1813 1805/2528/1805
f 2366/5031/2366 1827/2692/1827 2493/2691/2493
f 1812/2536/1812 1850/2530/1850 2529/2611/2529
f 1852/2529/1852 1805/2528/1805 2351/2516/2351
f 2488/5032/2488 2511/2541/2511 1848/2512/1848
f 1848/2512/1848 1849/2527/1849 2488/5032/2488
f 1869/2604/1869 2470/2563/2470 1795/2571/1795
f 1857/2542/1857 2488/5032/2488 1814/2635/1814
f 2488/5032/2488 1852/2529/1852 1806/2537/1806
f 1870/2605/1870 2198/2509/2198 1796/2511/1796
f 2350/2615/2350 2453/2520/2453 1807/5033/1807
f 2408/2623/2408 2168/5034/2168 2415/5035/2415
f 2338/2606/2338 1846/2614/1846 2157/2680/2157
f 2157/2680/2157 1797/2683/1797 2338/2606/2338
f 2200/2579/2200 2223/5036/2223 2745/2549/2745
f 2194/2610/2194 2172/2609/2172 2165/2551/2165
f 2491/2634/2491 2240/5037/2240 2696/3095/2696
f 2745/2549/2745 2192/2548/2192 2538/2589/2538
f 2211/2558/2211 2171/2557/2171 2365/5038/2365
f 2206/2590/2206 2179/2564/2179 2538/2589/2538
f 2208/2586/2208 2210/2577/2210 2365/5038/2365
f 2188/2572/2188 2440/2583/2440 2177/2573/2177
f 2182/2570/2182 2181/2567/2181 2492/2568/2492
f 2209/2597/2209 2173/5039/2173 2205/2595/2205
f 2364/5040/2364 1807/5033/1807 2453/2520/2453
f 2175/2580/2175 2185/2510/2185 2180/2588/2180
f 2186/2587/2186 2176/2591/2176 2180/2588/2180
f 2188/2572/2188 2516/2627/2516 2406/5041/2406
f 2190/5042/2190 2202/2565/2202 2181/2567/2181
f 2190/5042/2190 1812/2536/1812 2202/2565/2202
f 2364/5040/2364 2183/5043/2183 2173/5039/2173
f 2201/2593/2201 2175/2580/2175 2180/2588/2180
f 2194/2610/2194 2207/2592/2207 2195/2582/2195
f 2208/2586/2208 2213/2585/2213 2406/5041/2406
f 2221/2622/2221 2168/5034/2168 2197/2596/2197
f 2198/2509/2198 2180/2588/2180 2185/2510/2185
f 2202/2565/2202 2529/2611/2529 2370/2566/2370
f 2203/2629/2203 2197/2596/2197 2168/5034/2168
f 2182/2570/2182 2331/2569/2331 2204/2599/2204
f 2204/2599/2204 2535/5030/2535 2182/2570/2182
f 2196/2546/2196 2494/2545/2494 2331/2569/2331
f 2203/2629/2203 2209/2597/2209 2197/2596/2197
f 2512/5044/2512 2200/2579/2200 2179/2564/2179
f 2192/2548/2192 2222/5045/2222 2191/2617/2191
f 2210/2577/2210 2204/2599/2204 2331/2569/2331
f 2211/2558/2211 2365/5038/2365 2210/2577/2210
f 2213/2585/2213 2169/2613/2169 2440/2583/2440
f 1794/2603/1794 1792/2618/1792 1868/2522/1868
f 2434/2624/2434 2221/5046/2221 2222/2625/2222
f 2235/2538/2235 1871/2540/1871 2236/5029/2236
f 2235/2538/2235 2465/2526/2465 1872/2539/1872
f 2236/5029/2236 2234/2607/2234 2338/2606/2338
f 1847/2524/1847 2511/2541/2511 2326/2525/2326
f 2190/5042/2190 2182/2570/2182 2535/5030/2535
f 2173/2559/2173 2206/2590/2206 2191/2617/2191
f 2496/2533/2496 2409/2612/2409 2199/2535/2199
f 2166/2550/2166 2193/2581/2193 2165/2551/2165
f 1851/5047/1851 1868/2522/1868 2372/2620/2372
f 2535/5030/2535 2204/2599/2204 1814/2635/1814
f 2200/2579/2200 2512/5044/2512 2175/2580/2175
f 2173/2559/2173 2191/2617/2191 2205/5048/2205
f 2207/2592/2207 2176/2591/2176 2177/2573/2177
f 2177/2573/2177 2440/2583/2440 2195/2582/2195
f 2170/2544/2170 2408/2623/2408 2415/5035/2415
f 2350/2615/2350 2529/2611/2529 1850/2530/1850
f 2165/2551/2165 2201/2593/2201 2194/2610/2194
f 1874/2543/1874 2326/2525/2326 2511/2541/2511
f 2696/3095/2696 2169/2554/2169 2856/3041/2856
f 2745/2549/2745 2538/2589/2538 2200/2579/2200
f 1872/2539/1872 2326/2525/2326 1873/2630/1873
f 1851/2616/1851 2376/2515/2376 1827/5049/1827
f 2179/2564/2179 2409/2612/2409 2512/5044/2512
f 1799/2575/1799 1873/2630/1873 2516/2627/2516
f 1807/5033/1807 2370/2566/2370 2529/2611/2529
f 2236/5029/2236 2338/2606/2338 1797/2683/1797
f 1869/2604/1869 1795/2571/1795 1794/2603/1794
f 2453/2520/2453 1792/2519/1792 2183/5043/2183
f 2440/2583/2440 2406/5041/2406 2213/2585/2213
f 2409/2612/2409 2496/2533/2496 1796/2511/1796
f 2365/5038/2365 2171/2557/2171 2208/2586/2208
f 2203/2629/2203 2408/2623/2408 2407/2594/2407
f 2191/5050/2191 2221/2622/2221 2205/2595/2205
f 2178/2628/2178 2364/5040/2364 2209/2597/2209
f 2166/2550/2166 2200/2579/2200 2193/2581/2193
f 2407/2594/2407 2178/2628/2178 2203/2629/2203
f 1848/2512/1848 1847/2524/1847 1800/2513/1800
f 2170/3304/2170 2691/3094/2691 2494/5051/2494
f 2234/2607/2234 2186/2587/2186 2198/2509/2198
f 2406/5041/2406 2440/2583/2440 2188/2572/2188
f 2406/5041/2406 2189/2578/2189 2208/2586/2208
f 2184/2561/2184 1792/2618/1792 1794/2603/1794
f 1812/2536/1812 2190/5042/2190 1806/2537/1806
f 2331/2569/2331 2492/2568/2492 2196/2546/2196
f 2236/5029/2236 1871/2540/1871 2234/2607/2234
f 2691/3094/2691 2692/2553/2692 2171/2555/2171
f 1845/2507/1845 1856/2532/1856 1869/2604/1869
f 2512/5044/2512 2185/2510/2185 2175/2580/2175
f 1845/2507/1845 2487/2506/2487 2162/2531/2162
f 2162/2531/2162 2403/2631/2403 2496/2533/2496
f 1801/2576/1801 1803/2598/1803 2210/2577/2210
f 2745/3101/2745 2434/2624/2434 2212/2626/2212
f 2184/2561/2184 1794/2603/1794 1795/2571/1795
f 1874/2543/1874 1857/2542/1857 1803/2598/1803
f 2427/2685/2427 2235/2538/2235 1798/2682/1798
f 1806/2537/1806 1814/2635/1814 2488/5032/2488
f 2511/2541/2511 2488/5032/2488 1857/2542/1857
f 2189/2578/2189 2406/5041/2406 2516/2627/2516
f 2167/2552/2167 2165/2551/2165 2172/2609/2172
f 2255/2636/2255 2519/2667/2519 1707/2475/1707
f 2516/2627/2516 1801/2576/1801 2189/2578/2189
f 2235/2538/2235 2236/5029/2236 1798/2682/1798
f 2474/2653/2474 1690/5052/1690 1696/2654/1696
f 1909/2645/1909 2247/2649/2247 1903/5053/1903
f 1892/2307/1892 2416/2285/2416 1898/2668/1898
f 1894/2379/1894 1904/5054/1904 1910/2646/1910
f 1895/2281/1895 1907/2643/1907 2390/2319/2390
f 1896/2673/1896 1910/2646/1910 1901/2648/1901
f 2355/5055/2355 2509/2308/2509 1898/2668/1898
f 1898/2668/1898 2454/2671/2454 2355/5055/2355
f 2245/2662/2245 1917/2655/1917 1900/2647/1900
f 1903/5053/1903 2489/2644/2489 1909/2645/1909
f 1917/2655/1917 1919/2331/1919 1902/5056/1902
f 1905/2676/1905 2362/2669/2362 2356/2670/2356
f 1906/2639/1906 2445/5057/2445 2362/2669/2362
f 1908/2642/1908 2399/2283/2399 1915/2666/1915
f 2245/2662/2245 1900/2647/1900 1911/2651/1911
f 1912/2284/1912 1899/2652/1899 1898/2668/1898
f 1914/2672/1914 1915/2666/1915 2399/2283/2399
f 1919/2674/1919 1914/2672/1914 1913/2641/1913
f 2247/2649/2247 1706/2500/1706 2246/2650/2246
f 1982/2661/1982 2362/2669/2362 2445/5057/2445
f 2313/2463/2313 1707/2475/1707 1693/2657/1693
f 2251/5022/2251 1696/2654/1696 1690/5052/1690
f 2395/5015/2395 1899/2652/1899 2094/2501/2094
f 1692/2502/1692 2356/2670/2356 2327/5017/2327
f 1909/2645/1909 2355/5055/2355 2454/2671/2454
f 1904/5054/1904 1911/2651/1911 1910/2646/1910
f 1690/5052/1690 2245/2662/2245 2096/2492/2096
f 1690/5052/1690 2474/2653/2474 2245/2662/2245
f 1902/5056/1902 1896/2673/1896 1901/2648/1901
f 2327/5017/2327 2252/2665/2252 1713/2469/1713
f 1908/2642/1908 2317/2637/2317 2390/2319/2390
f 1919/2331/1919 1916/2659/1916 1918/2660/1918
f 2362/2669/2362 1905/2676/1905 1906/2639/1906
f 2519/2667/2519 1915/2666/1915 2257/2658/2257
f 2509/2308/2509 2355/5055/2355 1948/2414/1948
f 2489/2644/2489 1996/2387/1996 1948/2414/1948
f 2356/2670/2356 1692/2502/1692 1905/2676/1905
f 2252/2665/2252 2356/2670/2356 1983/2664/1983
f 1918/5058/1918 2257/2658/2257 1914/2672/1914
f 2362/2669/2362 1982/2661/1982 1983/2664/1983
f 1894/2379/1894 2489/2644/2489 1904/5054/1904
f 1912/2284/1912 1906/2639/1906 2441/2675/2441
f 1976/2317/1976 2445/5057/2445 2332/2399/2332
f 2507/5020/2507 2454/2671/2454 2095/5025/2095
f 1893/2304/1893 1902/5056/1902 1919/2331/1919
f 2095/5025/2095 2454/2671/2454 1899/2652/1899
f 1899/2652/1899 2395/5015/2395 2095/5025/2095
f 1912/2284/1912 1898/2668/1898 2416/2285/2416
f 1912/2284/1912 2103/2286/2103 1906/2639/1906
f 2094/2501/2094 2441/2675/2441 1692/2502/1692
f 1946/2640/1946 2445/5057/2445 1906/2639/1906
f 2313/2463/2313 1693/2657/1693 1696/2656/1696
f 1832/2704/1832 2438/5059/2438 2457/2705/2457
f 2247/2649/2247 1911/2651/1911 1903/5053/1903
f 1917/2655/1917 1902/5056/1902 1901/2648/1901
f 2441/2675/2441 2094/2501/2094 1912/2284/1912
f 1793/2523/1793 2423/2677/2423 2439/2678/2439
f 1823/2768/1823 1802/2514/1802 1821/2696/1821
f 2411/2521/2411 2439/2678/2439 2159/2508/2159
f 1833/2708/1833 1842/2782/1842 2386/2727/2386
f 1843/2250/1843 1834/2710/1834 2328/2712/2328
f 2352/2758/2352 2527/2749/2527 1804/2723/1804
f 2431/2714/2431 1836/2766/1836 2272/2760/2272
f 1808/2715/1808 2431/2714/2431 2319/2249/2319
f 1838/2777/1838 1844/2726/1844 2328/2712/2328
f 2532/2729/2532 2420/2707/2420 1810/2730/1810
f 1811/5060/1811 2384/5061/2384 2466/2761/2466
f 1829/2699/1829 1837/2718/1837 1808/2781/1808
f 1816/2737/1816 2439/2678/2439 2423/2677/2423
f 1817/2738/1817 2450/2747/2450 2334/2739/2334
f 1824/2690/1824 2549/2774/2549 2396/5062/2396
f 2478/2689/2478 1825/2517/1825 1823/2768/1823
f 2425/5063/2425 2156/2767/2156 2446/5064/2446
f 1811/5060/1811 1810/2730/1810 2420/2707/2420
f 1811/5060/1811 2466/2761/2466 2457/2705/2457
f 1839/2757/1839 2468/5065/2468 2391/2778/2391
f 1841/2745/1841 2477/2701/2477 1957/2261/1957
f 1958/2731/1958 1810/2730/1810 2438/5059/2438
f 2228/2736/2228 2522/2771/2522 2231/2754/2231
f 2228/2736/2228 2463/2724/2463 2468/5065/2468
f 1815/2621/1815 1826/2693/1826 1858/2719/1858
f 1858/2719/1858 1830/2703/1830 2423/2677/2423
f 1859/2702/1859 1831/2698/1831 2334/2739/2334
f 2549/2774/2549 2421/2716/2421 2396/5062/2396
f 2383/2748/2383 2156/2767/2156 2161/2746/2161
f 2281/4990/2281 1844/2726/1844 2424/2728/2424
f 2278/2735/2278 2231/2754/2231 2050/2775/2050
f 2051/2725/2051 2349/2759/2349 2352/2758/2352
f 2285/2732/2285 2349/2759/2349 2273/5066/2273
f 2487/2506/2487 2160/2776/2160 2162/2531/2162
f 2157/2680/2157 2238/2681/2238 1797/2683/1797
f 2160/2776/2160 1811/5060/1811 2446/5064/2446
f 1817/2738/1817 2384/5061/2384 2487/2506/2487
f 2468/5065/2468 2232/2765/2232 2391/2778/2391
f 2391/2778/2391 1824/2690/1824 2478/2689/2478
f 2232/2765/2232 2527/2749/2527 2549/2774/2549
f 2233/2717/2233 2421/2716/2421 1867/2773/1867
f 1836/2766/1836 2431/2714/2431 2233/2717/2233
f 1816/2737/1816 2450/2747/2450 2439/2678/2439
f 2471/2762/2471 2368/2252/2368 2237/2770/2237
f 2229/2755/2229 1866/2695/1866 2239/2744/2239
f 2239/2744/2239 1839/2757/1839 2229/2755/2229
f 1840/4988/1840 1855/2769/1855 1962/2248/1962
f 2457/2705/2457 1810/2730/1810 1811/5060/1811
f 2423/2677/2423 1815/2621/1815 1858/2719/1858
f 2396/5062/2396 1827/5049/1827 2376/2515/2376
f 1822/2694/1822 1823/2768/1823 1821/2696/1821
f 1864/2743/1864 1865/2697/1865 1820/2688/1820
f 2544/2734/2544 2271/2750/2271 2349/2759/2349
f 2328/2712/2328 2526/2711/2526 1838/2777/1838
f 2237/2770/2237 2495/2753/2495 2230/2752/2230
f 2272/2760/2272 2319/2249/2319 2431/2714/2431
f 2391/2778/2391 2229/2755/2229 1839/2757/1839
f 1839/2757/1839 1835/2756/1835 2522/2771/2522
f 2334/2739/2334 1816/2737/1816 1859/2702/1859
f 1818/2684/1818 2471/2762/2471 2444/2687/2444
f 2272/2760/2272 2287/2253/2287 2319/2249/2319
f 2403/2631/2403 2383/2748/2383 2161/2746/2161
f 2319/2249/2319 1855/2769/1855 1808/2715/1808
f 1867/2773/1867 2360/2772/2360 2233/2717/2233
f 2349/2759/2349 2285/2732/2285 2544/2734/2544
f 2477/2701/2477 1853/2700/1853 1854/2722/1854
f 1804/2723/1804 2468/5065/2468 2463/2724/2463
f 2403/2631/2403 2158/2679/2158 1846/2614/1846
f 1831/2698/1831 1832/2704/1832 1860/2706/1860
f 1842/2782/1842 2532/2729/2532 2443/2779/2443
f 2424/2728/2424 2386/2727/2386 1842/2782/1842
f 1864/2743/1864 1820/2688/1820 1819/2686/1819
f 1841/2745/1841 2414/2258/2414 2438/5059/2438
f 1838/2777/1838 1828/2741/1828 2367/2740/2367
f 2386/2727/2386 2367/2740/2367 1833/2708/1833
f 2420/2707/2420 2532/2729/2532 1833/2708/1833
f 2284/2780/2284 1840/2721/1840 1964/5067/1964
f 2231/2754/2231 2278/2735/2278 2228/2736/2228
f 2522/2771/2522 2230/2752/2230 2231/2754/2231
f 2457/2705/2457 2438/5059/2438 1810/2730/1810
f 1826/5068/1826 2396/5062/2396 2421/2716/2421
f 1825/2517/1825 2396/5062/2396 2376/2515/2376
f 2384/5061/2384 1811/5060/1811 2160/2776/2160
f 2425/5063/2425 2420/2707/2420 1861/2709/1861
f 2368/2252/2368 2471/2762/2471 1843/2250/1843
f 2527/2749/2527 1867/2773/1867 2549/2774/2549
f 2471/2762/2471 1818/2684/1818 1862/2764/1862
f 1805/2528/1805 1823/2768/1823 1825/2517/1825
f 1863/2742/1863 2239/2744/2239 1864/2743/1864
f 1844/2726/1844 2422/2254/2422 2328/2712/2328
f 2464/2763/2464 1863/2742/1863 2444/2687/2444
f 2425/5063/2425 2446/5064/2446 1811/5060/1811
f 2427/2685/2427 1819/2686/1819 1800/2513/1800
f 2420/2707/2420 2425/5063/2425 1811/5060/1811
f 2438/5059/2438 2414/2258/2414 1958/2731/1958
f 2444/2687/2444 2427/2685/2427 1818/2684/1818
f 2367/2740/2367 2386/2727/2386 1838/2777/1838
f 2446/5064/2446 2383/2748/2383 2160/2776/2160
f 1855/5069/1855 1840/2721/1840 1808/2781/1808
f 2450/2747/2450 2159/2508/2159 2439/2678/2439
f 2227/2751/2227 1836/2766/1836 2360/2772/2360
f 1860/2706/1860 2384/5061/2384 1817/2738/1817
f 2239/2744/2239 1863/2742/1863 1835/2756/1835
f 2606/2870/2606 2570/2805/2570 2608/5070/2608
f 2468/5065/2468 1839/2757/1839 2228/2736/2228
f 2471/2762/2471 2237/2770/2237 2464/2763/2464
f 2238/2681/2238 2526/2711/2526 1862/2764/1862
f 1835/2756/1835 2464/2763/2464 2230/2752/2230
f 1818/2684/1818 1798/2682/1798 2238/2681/2238
f 2645/5071/2645 2642/2890/2642 2054/2037/2054
f 2997/2042/2997 2643/3309/2643 2645/5072/2645
f 2995/2039/2995 2555/2041/2555 2994/2787/2994
f 2559/2797/2559 2558/2790/2558 2557/2789/2557
f 2556/2795/2556 2560/2794/2560 2625/2864/2625
f 2563/2791/2563 2562/2788/2562 2558/2790/2558
f 2561/2792/2561 2558/2790/2558 2559/2797/2559
f 2562/2788/2562 2560/2798/2560 2557/2789/2557
f 2628/2799/2628 2566/2850/2566 2638/2849/2638
f 2574/2822/2574 2641/2807/2641 2635/2859/2635
f 2569/2824/2569 2640/2823/2640 2571/2866/2571
f 2637/5073/2637 2575/2865/2575 2604/2811/2604
f 2603/2869/2603 2604/2811/2604 2575/2865/2575
f 2604/2811/2604 2603/2869/2603 2564/2871/2564
f 2505/2084/2505 2622/2045/2622 2609/2085/2609
f 2579/2817/2579 2628/2799/2628 2638/2849/2638
f 2581/2861/2581 2638/2849/2638 2576/2851/2576
f 2579/2817/2579 2587/2814/2587 2578/2840/2578
f 2590/2855/2590 2598/2842/2598 2595/2867/2595
f 2589/5074/2589 2577/2839/2577 2586/2838/2586
f 2580/2852/2580 2620/2876/2620 2592/2819/2592
f 2600/2815/2600 2587/2814/2587 2588/2816/2588
f 2589/5074/2589 2586/2838/2586 2598/2842/2598
f 2600/2815/2600 2601/2845/2601 2591/2820/2591
f 2639/2873/2639 2567/5075/2567 2593/2821/2593
f 2595/2867/2595 2598/2842/2598 2596/2858/2596
f 2596/2858/2596 2598/2842/2598 2599/2857/2599
f 2599/2857/2599 2600/2815/2600 2591/2820/2591
f 2609/2085/2609 2605/2880/2605 2564/2825/2564
f 2625/2864/2625 2582/2834/2582 2614/2833/2614
f 2592/2819/2592 2593/2821/2593 2580/2852/2580
f 2598/2842/2598 2627/2877/2627 2599/2857/2599
f 2613/2832/2613 2593/2821/2593 2573/2875/2573
f 2613/2832/2613 2610/2831/2610 2562/5076/2562
f 2629/2800/2629 2565/2837/2565 2617/2862/2617
f 2593/2821/2593 2585/2846/2585 2573/2875/2573
f 2597/2868/2597 2583/2856/2583 2621/2872/2621
f 2621/2872/2621 2616/2853/2616 2624/2874/2624
f 2625/2864/2625 2621/2872/2621 2583/2856/2583
f 2607/2860/2607 2567/5075/2567 2635/2859/2635
f 2607/2860/2607 2585/2846/2585 2567/5075/2567
f 2570/2805/2570 2634/2804/2634 2608/5070/2608
f 2627/2877/2627 2623/2841/2623 2586/2838/2586
f 2583/2856/2583 2597/2868/2597 2589/5074/2589
f 2640/2823/2640 2603/2869/2603 2575/2865/2575
f 2615/2828/2615 2612/2827/2612 2563/2854/2563
f 2589/5074/2589 2590/2855/2590 2583/2856/2583
f 2564/2871/2564 2605/2809/2605 2604/2811/2604
f 2572/2810/2572 2637/5073/2637 2604/2811/2604
f 2627/2877/2627 2630/2813/2630 2600/2815/2600
f 2618/2829/2618 2619/2836/2619 2584/2835/2584
f 2577/2839/2577 2597/2868/2597 2565/2837/2565
f 2617/2844/2617 2569/2824/2569 2629/5077/2629
f 2618/2829/2618 2615/2828/2615 2619/2836/2619
f 2581/2861/2581 2576/2851/2576 2574/2822/2574
f 2627/2877/2627 2600/2815/2600 2599/2857/2599
f 2591/2820/2591 2584/2835/2584 2596/2858/2596
f 2612/2827/2612 2593/2821/2593 2613/2832/2613
f 2637/2812/2637 2635/2859/2635 2641/2807/2641
f 2586/2838/2586 2578/2840/2578 2630/2813/2630
f 2641/2807/2641 2576/2851/2576 2571/2808/2571
f 2617/2844/2617 2633/5078/2633 2626/2843/2626
f 2616/2853/2616 2625/2864/2625 2610/2831/2610
f 2594/2818/2594 2581/2861/2581 2574/2822/2574
f 2610/2831/2610 2560/2794/2560 2562/5076/2562
f 2576/2851/2576 2636/2801/2636 2571/2808/2571
f 2590/2855/2590 2595/2867/2595 2582/2834/2582
f 2597/2868/2597 2621/2872/2621 2568/2863/2568
f 2572/2810/2572 2607/5079/2607 2637/5073/2637
f 2618/2829/2618 2591/2820/2591 2620/2876/2620
f 2567/5075/2567 2639/2873/2639 2635/2859/2635
f 2569/2824/2569 2617/2844/2617 2602/2803/2602
f 2634/2804/2634 2602/2803/2602 2626/2843/2626
f 2636/2801/2636 2576/2851/2576 2566/2850/2566
f 2573/2875/2573 2585/2846/2585 1774/2848/1774
f 2618/2829/2618 2620/2876/2620 2580/2852/2580
f 2633/5078/2633 2617/2844/2617 2568/5080/2568
f 2613/2832/2613 2573/2875/2573 2616/2853/2616
f 2565/2837/2565 2628/2799/2628 2578/2840/2578
f 2591/2820/2591 2618/2829/2618 2584/2835/2584
f 2572/2810/2572 2605/2809/2605 2607/5079/2607
f 1755/2881/1755 2634/2885/2634 2626/2882/2626
f 2631/2886/2631 2626/2882/2626 2633/2055/2633
f 2608/2884/2608 2609/2085/2609 2606/2826/2606
f 2563/2854/2563 2613/2832/2613 2562/5076/2562
f 2670/5081/2670 2668/2907/2668 2673/2921/2673
f 2552/2892/2552 2646/2887/2646 2554/2889/2554
f 2642/5082/2642 2552/2892/2552 2551/5083/2551
f 2645/5072/2645 2643/3309/2643 2642/5082/2642
f 2553/2888/2553 2645/5072/2645 2054/5084/2054
f 2551/5083/2551 2552/2892/2552 2644/2891/2644
f 2553/2888/2553 2646/2887/2646 2645/5072/2645
f 2643/3309/2643 2552/2892/2552 2642/5082/2642
f 2650/2902/2650 2651/2930/2651 2678/2932/2678
f 2680/5085/2680 2649/2899/2649 2681/2926/2681
f 2650/2902/2650 2678/2932/2678 2672/2923/2672
f 2680/5085/2680 2651/2900/2651 2649/2899/2649
f 2647/2925/2647 2649/2899/2649 2650/2901/2650
f 2658/2010/2658 2655/2910/2655 2653/2911/2653
f 2656/2903/2656 2679/2904/2679 2266/2059/2266
f 2261/2020/2261 2654/2088/2654 2657/2090/2657
f 2661/2909/2661 2663/2916/2663 2654/2088/2654
f 2656/2903/2656 2659/2913/2659 2655/2910/2655
f 2663/2916/2663 2665/2076/2665 2657/2090/2657
f 2659/2913/2659 2662/2906/2662 2653/2911/2653
f 2663/2916/2663 2682/2924/2682 2675/2917/2675
f 2680/5085/2680 2681/2926/2681 2682/2928/2682
f 2671/2897/2671 2676/5086/2676 2684/2918/2684
f 2678/2932/2678 2670/5087/2670 2672/2923/2672
f 2670/5081/2670 2673/2921/2673 2672/5088/2672
f 2670/5081/2670 2678/5089/2678 2669/2893/2669
f 2673/5090/2673 2676/2922/2676 2672/2923/2672
f 2683/2919/2683 2675/2917/2675 2682/2924/2682
f 2677/5091/2677 2651/2900/2651 2680/5085/2680
f 2659/2913/2659 2676/2915/2676 2673/2921/2673
f 2658/2010/2658 2653/2911/2653 2664/2016/2664
f 2679/2904/2679 2655/2910/2655 1744/2905/1744
f 2682/2924/2682 2663/2916/2663 2661/2909/2661
f 2667/2914/2667 2656/2903/2656 2660/2912/2660
f 2681/2926/2681 2647/2925/2647 2684/2929/2684
f 2668/2907/2668 2662/2906/2662 2673/2921/2673
f 1744/2905/1744 2655/2910/2655 2136/2078/2136
f 2676/2915/2676 2667/2914/2667 2684/2920/2684
f 2672/2923/2672 2671/2897/2671 2648/2896/2648
f 2657/2090/2657 2654/2088/2654 2663/2916/2663
f 2775/2949/2775 2778/3688/2778 2728/5092/2728
f 2659/2913/2659 2656/2903/2656 2676/2915/2676
f 2669/2893/2669 2666/2908/2666 2668/2907/2668
f 2677/2894/2677 2680/5093/2680 2682/2924/2682
f 2677/2894/2677 2682/2924/2682 2666/2908/2666
f 2799/2963/2799 2740/3690/2740 2705/5094/2705
f 2728/5092/2728 2933/2948/2933 2809/2947/2809
f 2921/2971/2921 2743/3013/2743 2710/3009/2710
f 2732/3172/2732 2928/2950/2928 2879/3141/2879
f 2773/5095/2773 2811/5096/2811 2715/3235/2715
f 2927/2951/2927 2769/5097/2769 2816/5098/2816
f 3297/2958/3297 2927/2943/2927 2920/2941/2920
f 2744/2993/2744 2710/3009/2710 2729/2986/2729
f 2802/2942/2802 2746/2953/2746 2794/2940/2794
f 2807/2938/2807 2794/2940/2794 2853/2952/2853
f 2927/2951/2927 2715/3235/2715 2811/5096/2811
f 2763/2936/2763 2853/2952/2853 2730/2956/2730
f 2775/2949/2775 2816/5098/2816 2889/3694/2889
f 2951/5099/2951 2960/3245/2960 2967/3252/2967
f 2709/3701/2709 2921/2971/2921 2744/2993/2744
f 2922/2964/2922 2825/2992/2825 2820/2991/2820
f 2745/3101/2745 2814/3105/2814 2883/3042/2883
f 2729/2986/2729 2710/3009/2710 2923/2987/2923
f 2859/3007/2859 2767/2985/2767 2756/2975/2756
f 2708/2960/2708 2957/2983/2957 2953/2961/2953
f 2760/2974/2760 2767/2984/2767 2923/2967/2923
f 2744/2993/2744 2825/2992/2825 2709/3701/2709
f 2862/3108/2862 2824/5100/2824 2912/3109/2912
f 2875/5101/2875 2823/3102/2823 2841/3093/2841
f 2740/2972/2740 2921/2971/2921 2709/3701/2709
f 2820/2991/2820 2744/2993/2744 2729/2986/2729
f 2710/3009/2710 2744/2993/2744 2921/2971/2921
f 2860/5102/2860 2912/3109/2912 2824/5100/2824
f 2957/2983/2957 2756/5103/2756 2767/2984/2767
f 2756/5103/2756 2957/2983/2957 2708/2960/2708
f 2729/2986/2729 2859/3007/2859 2820/2991/2820
f 2771/2982/2771 2933/3696/2933 2924/2999/2924
f 2798/2994/2798 2908/3014/2908 2837/2995/2837
f 2756/2975/2756 2820/2991/2820 2859/3007/2859
f 2867/3025/2867 2839/3018/2839 2698/3020/2698
f 2840/5104/2840 2698/3020/2698 2796/3083/2796
f 2685/3019/2685 2813/3027/2813 2698/3020/2698
f 2898/3054/2898 2783/3084/2783 2686/3068/2686
f 2904/5105/2904 2688/3065/2688 2863/3112/2863
f 2780/3032/2780 2877/5106/2877 2823/3102/2823
f 2828/3015/2828 2777/3088/2777 2908/3014/2908
f 2821/3121/2821 2838/3091/2838 2887/3103/2887
f 2690/3037/2690 2687/5107/2687 2852/3034/2852
f 2907/3049/2907 2694/2990/2694 2170/3304/2170
f 2904/5105/2904 2863/3112/2863 2905/3119/2905
f 2904/3075/2904 2761/3087/2761 2693/3076/2693
f 2777/3088/2777 2877/5106/2877 2780/3032/2780
f 2909/5108/2909 2828/3015/2828 2917/5109/2917
f 2891/2996/2891 2869/3005/2869 2786/3017/2786
f 2793/3031/2793 2826/2989/2826 2695/3047/2695
f 2856/3041/2856 2692/2553/2692 2793/3031/2793
f 2910/3096/2910 2888/3040/2888 2805/3052/2805
f 2782/3016/2782 2786/3017/2786 2815/3080/2815
f 2821/3121/2821 2701/5110/2701 2916/3120/2916
f 2702/3086/2702 2878/3104/2878 2689/3038/2689
f 2812/5111/2812 2731/3071/2731 2898/3054/2898
f 2768/2988/2768 2701/3046/2701 2826/2989/2826
f 2808/3056/2808 2796/3083/2796 2783/3084/2783
f 2813/3027/2813 2796/3083/2796 2698/3020/2698
f 2783/3084/2783 2898/3054/2898 2808/3056/2808
f 2722/3058/2722 2699/3090/2699 2919/3061/2919
f 2894/5112/2894 2699/3090/2699 2882/3060/2882
f 2822/3036/2822 2910/3096/2910 2852/3034/2852
f 2838/5113/2838 2768/2988/2768 2935/3048/2935
f 2870/5114/2870 2841/3093/2841 2936/3092/2936
f 2828/3015/2828 2782/3016/2782 2805/5115/2805
f 2847/3063/2847 2687/5107/2687 2690/3037/2690
f 2741/3045/2741 2870/3053/2870 2936/3074/2936
f 2917/5116/2917 2828/3051/2828 2888/3040/2888
f 2907/3049/2907 2918/3004/2918 2741/3045/2741
f 2701/3046/2701 2768/2988/2768 2916/5117/2916
f 2901/3059/2901 2843/3028/2843 2882/3060/2882
f 2723/3044/2723 2803/3043/2803 2919/3061/2919
f 2781/3012/2781 2857/3055/2857 2891/2996/2891
f 2877/5106/2877 2887/3103/2887 2823/3102/2823
f 2780/3032/2780 2906/3024/2906 2873/3033/2873
f 2837/2995/2837 2780/3032/2780 2727/3011/2727
f 2931/3062/2931 2934/3072/2934 2932/3064/2932
f 2783/3084/2783 2813/3027/2813 2686/3068/2686
f 2888/3040/2888 2695/3047/2695 2917/5116/2917
f 2936/3074/2936 2838/5113/2838 2935/3048/2935
f 2798/2994/2798 2891/2996/2891 2786/3017/2786
f 2843/3028/2843 2894/5112/2894 2882/3060/2882
f 2883/3042/2883 2761/3087/2761 2860/3029/2860
f 2906/3024/2906 2823/3102/2823 2839/3018/2839
f 2782/3016/2782 2855/3079/2855 2805/5115/2805
f 2898/3054/2898 2686/3068/2686 2812/5111/2812
f 2906/3024/2906 2780/3032/2780 2823/3102/2823
f 2888/3040/2888 2822/3036/2822 2856/3041/2856
f 2883/3042/2883 2814/3105/2814 2693/3076/2693
f 2719/3187/2719 2736/3106/2736 2869/3005/2869
f 2782/3016/2782 2828/3015/2828 2798/2994/2798
f 2867/3025/2867 2698/3020/2698 2840/5104/2840
f 2685/3019/2685 2839/3018/2839 2875/5101/2875
f 2877/5106/2877 2818/5118/2818 2821/3121/2821
f 2847/3063/2847 2223/3077/2223 2166/5119/2166
f 2795/3006/2795 2724/3182/2724 2869/3005/2869
f 2873/3033/2873 2840/5104/2840 2808/3056/2808
f 2887/3103/2887 2838/3091/2838 2841/3093/2841
f 2857/3055/2857 2931/3062/2931 2932/3064/2932
f 2907/3049/2907 2168/2601/2168 2918/3004/2918
f 2691/3094/2691 2170/3304/2170 2694/2990/2694
f 2692/2553/2692 2691/3094/2691 2826/2989/2826
f 2803/3043/2803 2901/3059/2901 2722/3058/2722
f 2768/2988/2768 2694/2990/2694 2935/3048/2935
f 2931/3062/2931 2898/3054/2898 2731/3071/2731
f 2777/3088/2777 2780/3032/2780 2837/2995/2837
f 2168/2601/2168 2703/2600/2703 2918/3004/2918
f 2685/3019/2685 2870/5114/2870 2894/5120/2894
f 2689/3038/2689 2690/3037/2690 2702/3086/2702
f 2891/2996/2891 2837/2995/2837 2781/3012/2781
f 2909/5108/2909 2701/5110/2701 2818/5118/2818
f 2911/3070/2911 2812/5111/2812 2686/3068/2686
f 2871/3114/2871 2925/2955/2925 2720/5121/2720
f 2818/5118/2818 2777/3088/2777 2909/5108/2909
f 2726/3039/2726 2688/3100/2688 2904/3075/2904
f 2905/3119/2905 2854/5122/2854 2761/5123/2761
f 2883/3042/2883 2860/3029/2860 2901/3059/2901
f 2695/3047/2695 2888/3040/2888 2793/3031/2793
f 2779/3066/2779 2688/3065/2688 2689/3099/2689
f 2862/3069/2862 2686/3068/2686 2813/3027/2813
f 2701/3046/2701 2917/5116/2917 2695/3047/2695
f 2788/3189/2788 2858/3188/2858 2711/3149/2711
f 2720/5121/2720 2716/3107/2716 2912/3109/2912
f 2880/3138/2880 2929/3243/2929 2819/3139/2819
f 2795/3006/2795 2797/3115/2797 2724/3182/2724
f 2792/5124/2792 2938/5125/2938 2753/5126/2753
f 2860/5102/2860 2761/5123/2761 2854/5122/2854
f 2913/3111/2913 2871/3114/2871 2854/5122/2854
f 2893/3116/2893 2914/3127/2914 2915/3110/2915
f 2688/3065/2688 2697/3067/2697 2915/3110/2915
f 2930/3050/2930 2913/3111/2913 2914/3127/2914
f 2893/3116/2893 2779/3066/2779 2774/3128/2774
f 2819/3139/2819 2844/3129/2844 2731/3071/2731
f 2719/3187/2719 2869/3005/2869 2724/3182/2724
f 2734/3131/2734 2801/3126/2801 2893/3116/2893
f 2800/3130/2800 2853/2952/2853 2739/3177/2739
f 2912/3109/2912 2871/3114/2871 2720/5121/2720
f 2878/3021/2878 2855/5127/2855 2704/3022/2704
f 2879/3141/2879 2789/3133/2789 2896/3142/2896
f 2911/3070/2911 2716/5128/2716 2880/3138/2880
f 2812/5111/2812 2911/3070/2911 2819/3139/2819
f 2913/3111/2913 2930/3050/2930 2718/3113/2718
f 2789/3133/2789 2930/3050/2930 2914/3127/2914
f 2770/3170/2770 2895/3169/2895 2976/3184/2976
f 2932/3064/2932 2934/3072/2934 2795/3006/2795
f 2725/2957/2725 2844/3129/2844 2929/3243/2929
f 2844/3129/2844 2725/2957/2725 2800/3130/2800
f 2819/3139/2819 2929/3243/2929 2844/3129/2844
f 2731/3071/2731 2812/5111/2812 2819/3139/2819
f 2789/3133/2789 2928/2950/2928 2930/3050/2930
f 2852/3034/2852 2687/5107/2687 2700/3035/2700
f 2878/3021/2878 2717/3023/2717 2779/3066/2779
f 2848/3123/2848 2850/3125/2850 2902/3201/2902
f 2912/3109/2912 2860/5102/2860 2854/5122/2854
f 2796/3083/2796 2808/3056/2808 2840/5104/2840
f 2885/3257/2885 2749/3144/2749 2845/3146/2845
f 2915/3110/2915 2914/3127/2914 2913/3111/2913
f 2992/5129/2992 2949/3234/2949 2991/3254/2991
f 2871/3114/2871 2913/3111/2913 2718/3113/2718
f 2881/5130/2881 2864/3089/2864 2827/3134/2827
f 2893/3116/2893 2774/3128/2774 2734/3131/2734
f 2884/3179/2884 2751/5131/2751 2973/3289/2973
f 2801/3126/2801 2896/3142/2896 2789/3133/2789
f 2925/2955/2925 2716/3107/2716 2720/5121/2720
f 2773/3097/2773 2715/5132/2715 2836/3198/2836
f 2963/3246/2963 2951/5099/2951 2833/5133/2833
f 2751/5134/2751 2884/3145/2884 2881/3168/2881
f 2949/3234/2949 2990/5135/2990 2989/3230/2989
f 2751/5136/2751 2827/3134/2827 2784/5137/2784
f 2784/5137/2784 2827/3134/2827 2849/3183/2849
f 2719/3187/2719 2733/3185/2733 2849/3183/2849
f 2785/3132/2785 2706/5138/2706 2742/3173/2742
f 2881/3168/2881 2749/3144/2749 2717/3023/2717
f 2718/3113/2718 2809/2947/2809 2926/2954/2926
f 2902/5139/2902 2811/5140/2811 2773/3097/2773
f 2810/3147/2810 2833/5141/2833 2846/3148/2846
f 2712/5142/2712 2895/3169/2895 2735/3157/2735
f 2892/3118/2892 2817/3263/2817 2735/3157/2735
f 2792/5143/2792 2753/5144/2753 2712/3194/2712
f 2832/5145/2832 2817/3263/2817 2834/5146/2834
f 2937/3204/2937 2830/3159/2830 2748/3161/2748
f 2809/2947/2809 2930/3050/2930 2728/5092/2728
f 2713/3186/2713 2831/3165/2831 2752/5147/2752
f 2806/3195/2806 2707/5148/2707 2759/3221/2759
f 2712/3194/2712 2762/3136/2762 2885/3257/2885
f 2714/3242/2714 2810/3147/2810 2711/3149/2711
f 2940/3216/2940 2832/5149/2832 2834/5150/2834
f 2712/5142/2712 2735/3157/2735 2792/3156/2792
f 2830/3262/2830 2892/3118/2892 2737/3117/2737
f 2858/3188/2858 2737/3117/2737 2714/3242/2714
f 2769/3692/2769 2927/2943/2927 3297/2958/3297
f 2712/3194/2712 2753/5144/2753 2747/3137/2747
f 2948/3175/2948 2748/3161/2748 2787/3160/2787
f 2846/3152/2846 2896/3142/2896 2738/5151/2738
f 2925/2955/2925 2903/2946/2903 2799/2963/2799
f 2830/3262/2830 2886/5152/2886 2817/3263/2817
f 2735/3157/2735 2770/3170/2770 2892/3118/2892
f 2962/3273/2962 2960/3245/2960 2848/3123/2848
f 2842/3181/2842 2872/5153/2872 2733/3185/2733
f 2831/3165/2831 2734/3131/2734 2851/3135/2851
f 2861/3140/2861 2739/3177/2739 2842/3181/2842
f 2846/5154/2846 2788/3251/2788 2711/5155/2711
f 2842/3181/2842 2739/3177/2739 2872/5153/2872
f 2929/3243/2929 2763/2936/2763 2730/2956/2730
f 2849/3183/2849 2736/3106/2736 2719/3187/2719
f 2765/2962/2765 2880/3122/2880 2925/2955/2925
f 2739/3177/2739 2802/2942/2802 2892/3118/2892
f 2738/3154/2738 2706/3268/2706 2865/3155/2865
f 2851/3135/2851 2734/3131/2734 2762/3136/2762
f 2930/3050/2930 2775/2949/2775 2728/5092/2728
f 2890/5156/2890 2846/3152/2846 2738/5151/2738
f 2953/2961/2953 2924/2999/2924 2866/3000/2866
f 2750/3191/2750 2737/3190/2737 2788/3205/2788
f 2804/3211/2804 2817/5157/2817 2832/3213/2832
f 2939/3212/2939 2804/3211/2804 2832/3213/2832
f 2707/3166/2707 2747/3137/2747 2753/5144/2753
f 2714/3242/2714 2711/3149/2711 2858/3188/2858
f 2833/5133/2833 2810/3124/2810 2848/3123/2848
f 2750/3191/2750 2946/3224/2946 2787/3160/2787
f 2895/3247/2895 2979/5158/2979 2975/3248/2975
f 2758/3197/2758 2942/3196/2942 2988/3236/2988
f 2751/5159/2751 2784/3209/2784 2974/3208/2974
f 2897/3223/2897 2829/5160/2829 2791/3231/2791
f 2836/3198/2836 2968/3200/2968 2773/3097/2773
f 2732/3199/2732 2868/3264/2868 2968/3200/2968
f 2835/5161/2835 2833/5162/2833 2951/5163/2951
f 2833/5133/2833 2848/3123/2848 2963/3246/2963
f 2902/3201/2902 2962/3273/2962 2848/3123/2848
f 2791/3231/2791 2938/5125/2938 2755/3210/2755
f 2949/3234/2949 2992/5129/2992 2990/5135/2990
f 2987/3219/2987 2791/3218/2791 2829/3226/2829
f 2950/3225/2950 2946/3224/2946 2945/3206/2945
f 2945/3206/2945 2899/5164/2899 2950/3225/2950
f 2885/3296/2885 2845/3240/2845 2985/3178/2985
f 2987/3219/2987 2829/3226/2829 2943/3228/2943
f 2802/2942/2802 2739/3177/2739 2746/2953/2746
f 2939/3212/2939 2897/3223/2897 2755/3210/2755
f 2900/3233/2900 2865/3155/2865 2706/3268/2706
f 2849/3183/2849 2766/5165/2766 2784/5137/2784
f 2947/3176/2947 2948/3175/2948 2946/3224/2946
f 2774/3128/2774 2717/3023/2717 2749/3144/2749
f 2750/3191/2750 2945/3206/2945 2946/3224/2946
f 2831/3165/2831 2851/3135/2851 2707/3166/2707
f 2977/3290/2977 2983/3292/2983 2974/3208/2974
f 2886/3162/2886 2937/3164/2937 2785/3132/2785
f 2948/3175/2948 2787/3160/2787 2946/3224/2946
f 2804/3158/2804 2735/3157/2735 2817/3263/2817
f 2896/3142/2896 2742/3173/2742 2738/5151/2738
f 2802/2942/2802 2714/3242/2714 2737/3117/2737
f 2886/5152/2886 2834/5146/2834 2817/3263/2817
f 2707/5148/2707 2753/3222/2753 2759/3221/2759
f 2827/3134/2827 2751/5136/2751 2881/5130/2881
f 2842/3181/2842 2797/3115/2797 2861/3140/2861
f 2730/2956/2730 2725/2957/2725 2929/3243/2929
f 2868/3264/2868 2732/3199/2732 2835/5161/2835
f 2772/3174/2772 2949/3261/2949 2757/3203/2757
f 2835/5161/2835 2951/5163/2951 2965/3265/2965
f 2963/3246/2963 2960/3245/2960 2951/5099/2951
f 2724/3182/2724 2842/3181/2842 2719/3187/2719
f 2766/5165/2766 2849/3183/2849 2976/3184/2976
f 2762/3136/2762 2712/3194/2712 2747/3137/2747
f 2872/5153/2872 2892/3118/2892 2770/3170/2770
f 2947/3256/2947 2950/5166/2950 2899/3255/2899
f 2829/3226/2829 2897/3267/2897 2944/3227/2944
f 2713/3186/2713 2752/5147/2752 2834/5167/2834
f 2896/3142/2896 2801/3126/2801 2742/3173/2742
f 2962/3098/2962 2902/5139/2902 2773/3097/2773
f 2739/3177/2739 2892/3118/2892 2872/5153/2872
f 2755/3210/2755 2792/5124/2792 2804/3211/2804
f 2747/3137/2747 2707/3166/2707 2851/3135/2851
f 2763/2936/2763 2929/3243/2929 2765/2945/2765
f 2886/3162/2886 2713/3186/2713 2834/5167/2834
f 2940/3216/2940 2834/5150/2834 2752/3215/2752
f 2758/3197/2758 2752/3215/2752 2831/3272/2831
f 2928/2950/2928 2836/3171/2836 2715/3235/2715
f 2787/5168/2787 2830/3262/2830 2737/3117/2737
f 2920/2941/2920 2850/3241/2850 2802/2942/2802
f 2965/3265/2965 2951/5163/2951 2967/5169/2967
f 2706/5138/2706 2738/5151/2738 2742/3173/2742
f 2739/3177/2739 2853/2952/2853 2746/2953/2746
f 2785/3132/2785 2734/3131/2734 2713/3186/2713
f 2733/3185/2733 2872/5153/2872 2770/3170/2770
f 2992/3300/2992 2941/3302/2941 2989/5170/2989
f 2927/2951/2927 2816/5098/2816 2775/2949/2775
f 2968/5171/2968 2970/3282/2970 2961/5172/2961
f 2924/2999/2924 2952/2998/2952 2771/2982/2771
f 2954/3277/2954 2958/3278/2958 2956/3279/2956
f 2954/3277/2954 2955/3275/2955 2959/3274/2959
f 2771/3276/2771 2958/3278/2958 2959/3274/2959
f 2953/3280/2953 2958/3278/2958 2952/3281/2952
f 2971/3283/2971 2868/5173/2868 2969/3284/2969
f 2968/5171/2968 2868/5173/2868 2971/3283/2971
f 2868/3264/2868 2835/5161/2835 2965/3265/2965
f 2971/3283/2971 2970/3282/2970 2968/5171/2968
f 2985/3178/2985 2972/3180/2972 2986/3298/2986
f 2977/3290/2977 2976/3249/2976 2975/3248/2975
f 2982/3291/2982 2975/3248/2975 2979/5158/2979
f 2979/5158/2979 2981/5174/2981 2982/3291/2982
f 2973/3289/2973 2983/3237/2983 2978/3239/2978
f 2974/3208/2974 2973/3293/2973 2751/5159/2751
f 2646/2887/2646 2996/2043/2996 2995/2039/2995
f 2766/3207/2766 2977/3290/2977 2974/3208/2974
f 2972/3286/2972 2978/5175/2978 2984/3287/2984
f 2943/3260/2943 2942/3259/2942 2987/5176/2987
f 2986/3288/2986 2984/3287/2984 2980/5177/2980
f 2944/3227/2944 2940/3216/2940 2758/3197/2758
f 2990/5178/2990 2992/3300/2992 2989/5170/2989
f 2899/3255/2899 2890/3153/2890 2941/3229/2941
f 2945/3250/2945 2890/3153/2890 2899/3255/2899
f 2807/2933/2807 2764/2935/2764 2776/3698/2776
f 2687/5107/2687 2166/5119/2166 2167/2632/2167
f 2723/3044/2723 2434/2624/2434 2745/3101/2745
f 2723/3044/2723 2919/3061/2919 2434/2624/2434
f 2168/2601/2168 2907/3049/2907 2415/3305/2415
f 2700/3035/2700 2167/2632/2167 2491/2634/2491
f 2700/3035/2700 2687/5107/2687 2167/2632/2167
f 2993/5179/2993 839/390/839 36/389/36
f 2275/2225/2275 2993/5179/2993 36/389/36
f 591/3308/591 2993/2226/2993 37/2210/37
f 2995/2039/2995 2994/2787/2994 2645/5072/2645
f 2645/5072/2645 2646/2887/2646 2995/2039/2995
f 2643/3309/2643 2996/2043/2996 2552/2892/2552
f 2994/2787/2994 2997/2042/2997 2645/5072/2645
f 3016/5180/3016 3082/3368/3082 3112/3367/3112
f 2996/2043/2996 2316/2040/2316 2995/2039/2995
f 2999/3471/2999 3005/3338/3005 3073/3314/3073
f 3113/3324/3113 3155/5181/3155 3043/3322/3043
f 2999/3471/2999 3161/3369/3161 3005/3338/3005
f 3161/3369/3161 3183/3371/3183 3083/3320/3083
f 3026/3451/3026 3250/3450/3250 3075/3313/3075
f 3018/3319/3018 3017/2481/3017 3167/3337/3167
f 3230/5182/3230 3131/3568/3131 3172/3570/3172
f 3121/3387/3121 3189/5183/3189 3260/3428/3260
f 3192/3346/3192 3190/3452/3190 3129/3315/3129
f 3189/5183/3189 3121/3387/3121 3095/3683/3095
f 3007/5184/3007 3024/3396/3024 3092/3376/3092
f 3190/3474/3190 3202/3438/3202 3002/3332/3002
f 3115/3331/3115 3191/3333/3191 3153/3397/3153
f 3128/3419/3128 3085/3360/3085 3200/5185/3200
f 3143/3400/3143 3191/3333/3191 3090/3483/3090
f 3269/5186/3269 3271/5187/3271 3275/5188/3275
f 3187/3432/3187 3022/3364/3022 3080/3651/3080
f 3207/3482/3207 3191/3333/3191 3002/3332/3002
f 3156/3370/3156 3161/3369/3161 2999/3471/2999
f 3210/5189/3210 3219/3659/3219 3211/3656/3211
f 3125/3415/3125 2998/3414/2998 3007/5184/3007
f 3253/5190/3253 3106/3485/3106 3034/3478/3034
f 3163/3465/3163 3238/3648/3238 3239/3463/3239
f 3048/5191/3048 3222/3467/3222 3262/3506/3262
f 3148/3567/3148 3232/5192/3232 3060/3559/3060
f 3112/3367/3112 3099/3366/3099 3013/3445/3013
f 3019/3497/3019 3103/3496/3103 3108/5193/3108
f 3183/3371/3183 3009/3372/3009 3008/3374/3008
f 3072/5194/3072 3179/3410/3179 3033/3409/3033
f 3006/3412/3006 3121/3387/3121 3012/3386/3012
f 3287/5195/3287 3291/5196/3291 3290/3671/3290
f 3205/3388/3205 3177/3384/3177 3093/3348/3093
f 3196/3399/3196 3162/3350/3162 3010/3356/3010
f 3029/3503/3029 3138/3310/3138 3114/3312/3114
f 3119/3351/3119 3162/3350/3162 3196/3399/3196
f 3261/3330/3261 3020/3359/3020 3096/3361/3096
f 3150/5197/3150 3209/5198/3209 3199/3431/3199
f 3033/3409/3033 3147/3470/3147 3072/5194/3072
f 3128/3419/3128 3200/5185/3200 3258/5199/3258
f 3204/3444/3204 3195/3325/3195 3197/3327/3197
f 3184/3390/3184 3016/3639/3016 3097/3391/3097
f 3013/3445/3013 3154/3507/3154 3112/3367/3112
f 3004/3508/3004 3208/5200/3208 3078/5201/3078
f 3011/3365/3011 3013/3445/3013 3204/3444/3204
f 3166/3634/3166 3116/3626/3116 3226/5202/3226
f 3132/3449/3132 3214/3555/3214 3250/3450/3250
f 3292/3456/3292 3291/3381/3291 3287/3513/3287
f 3253/5190/3253 3102/5203/3102 3106/3485/3106
f 3262/3329/3262 3150/5204/3150 3174/5205/3174
f 3093/3348/3093 3177/3384/3177 3030/3347/3030
f 3200/5185/3200 3085/3360/3085 3020/3359/3020
f 3253/3517/3253 3054/3628/3054 3255/3518/3255
f 3080/3651/3080 3012/3386/3012 3187/3432/3187
f 3113/5206/3113 3095/3683/3095 3077/3488/3077
f 3203/3326/3203 3012/3386/3012 3080/3651/3080
f 3188/3411/3188 3179/3410/3179 3106/3565/3106
f 3154/3507/3154 3013/3445/3013 3004/3508/3004
f 3113/5206/3113 3189/5207/3189 3095/3683/3095
f 3250/3450/3250 3249/5208/3249 3135/3489/3135
f 3034/3478/3034 3119/3351/3119 3201/3417/3201
f 3100/3495/3100 3199/3431/3199 3209/5198/3209
f 3159/3674/3159 3142/3505/3142 3167/3337/3167
f 3161/3369/3161 3083/3320/3083 3018/3319/3018
f 3077/3488/3077 3155/3435/3155 3113/5206/3113
f 3206/5209/3206 3254/3477/3254 3198/3416/3198
f 3019/3497/3019 3108/5193/3108 3134/5210/3134
f 3157/3343/3157 3027/3657/3027 3220/3344/3220
f 3023/3363/3023 3193/3362/3193 3030/3347/3030
f 3034/3478/3034 3254/3477/3254 3253/5190/3253
f 3277/3537/3277 3280/3551/3280 3276/3552/3276
f 3125/3415/3125 3021/3487/3021 3251/3580/3251
f 3035/3494/3035 3019/3460/3019 3210/3462/3210
f 3199/3431/3199 3174/3484/3174 3150/5197/3150
f 3258/5211/3258 3001/5212/3001 3126/3596/3126
f 3260/5213/3260 3189/5214/3189 3044/3525/3044
f 3203/3326/3203 3080/3651/3080 3197/3327/3197
f 3073/3314/3073 3075/3313/3075 3250/3450/3250
f 3210/3462/3210 3211/3469/3211 3035/3494/3035
f 3090/3483/3090 3014/3401/3014 3143/3400/3143
f 3114/3312/3114 3014/3401/3014 3029/3503/3029
f 3195/3325/3195 2541/2437/2541 3086/3321/3086
f 3114/3312/3114 3003/3311/3003 3127/3317/3127
f 3231/3558/3231 3257/3534/3257 3175/3533/3175
f 3264/3569/3264 3139/3459/3139 3172/3570/3172
f 3120/3621/3120 3217/3608/3217 3285/3602/3285
f 3008/3374/3008 3118/3373/3118 3083/3320/3083
f 3177/5215/3177 3035/3494/3035 3100/3495/3100
f 3072/5194/3072 3135/3489/3135 3249/5208/3249
f 3132/3650/3132 3101/3413/3101 3036/3581/3036
f 3188/3411/3188 3252/3481/3252 3015/3408/3015
f 3015/3408/3015 3033/3409/3033 3188/3411/3188
f 3192/3346/3192 3167/3337/3167 3142/3505/3142
f 3106/3485/3106 3031/3349/3031 3034/3478/3034
f 3073/3314/3073 3147/3470/3147 2999/3471/2999
f 3262/3329/3262 3111/3328/3111 3150/5204/3150
f 3036/3581/3036 3101/3413/3101 3125/3415/3125
f 3113/3324/3113 3123/3323/3123 3046/3500/3046
f 3146/3357/3146 3000/3353/3000 3164/3358/3164
f 3074/3318/3074 3184/3390/3184 3157/3392/3157
f 3236/3548/3236 3221/3547/3221 3293/5216/3293
f 3276/5217/3276 3224/5218/3224 3275/5219/3275
f 3124/3383/3124 3209/3355/3209 3010/3356/3010
f 3197/3327/3197 3011/3365/3011 3204/3444/3204
f 3174/5220/3174 3044/3525/3044 3098/3536/3098
f 3130/3420/3130 3119/3351/3119 3196/3399/3196
f 3045/3519/3045 3176/3520/3176 3223/3393/3223
f 3121/3387/3121 3260/3428/3260 3144/3385/3144
f 2541/2437/2541 1685/2496/1685 3018/3319/3018
f 3189/5214/3189 3046/3500/3046 3044/3525/3044
f 3194/3510/3194 3193/3362/3193 3153/3397/3153
f 3069/3316/3069 3074/3318/3074 3093/3348/3093
f 3194/3510/3194 3028/3339/3028 3069/3316/3069
f 3174/5220/3174 3098/3536/3098 3048/3535/3048
f 3270/5221/3270 3050/3521/3050 3169/5222/3169
f 3165/3501/3165 3169/5222/3169 3050/3521/3050
f 3098/3536/3098 3044/3525/3044 3280/3551/3280
f 3176/3520/3176 3049/3527/3049 3107/3538/3107
f 3148/3572/3148 3268/3378/3268 3232/3377/3232
f 3189/5214/3189 3113/3324/3113 3046/3500/3046
f 3133/5223/3133 3131/5224/3131 3230/5225/3230
f 3262/3506/3262 3174/5226/3174 3048/5191/3048
f 3049/3527/3049 3079/3523/3079 3279/3532/3279
f 3133/5223/3133 3065/3679/3065 3131/5224/3131
f 3278/3528/3278 3045/3519/3045 3048/5191/3048
f 3269/5186/3269 3270/5221/3270 3271/5187/3271
f 3224/3526/3224 3280/3551/3280 3044/3525/3044
f 3200/5227/3200 3165/3501/3165 3043/3322/3043
f 3045/3519/3045 3049/3527/3049 3176/3520/3176
f 3180/3605/3180 3186/3599/3186 3117/3590/3117
f 3063/3458/3063 3172/3570/3172 3139/3459/3139
f 3039/3614/3039 3242/3577/3242 3246/3583/3246
f 3224/3526/3224 3046/3500/3046 3047/3499/3047
f 3203/3326/3203 3086/3321/3086 3006/3412/3006
f 3270/5221/3270 3269/5186/3269 3273/3542/3273
f 3169/3550/3169 3165/5228/3165 3107/3538/3107
f 3047/3499/3047 3274/3543/3274 3224/3526/3224
f 3128/5229/3128 3258/5230/3258 3084/5231/3084
f 3257/3534/3257 3231/3558/3231 3001/5212/3001
f 3122/5232/3122 3277/3537/3277 3276/3552/3276
f 3205/3388/3205 3093/3348/3093 3074/3318/3074
f 3279/3532/3279 3272/3522/3272 3270/3541/3270
f 3269/5233/3269 3274/5234/3274 3273/5235/3273
f 3060/3559/3060 3133/5223/3133 3084/3557/3084
f 3271/3540/3271 3272/3522/3272 3122/3524/3122
f 3079/3523/3079 3278/3528/3278 3048/5191/3048
f 3275/5188/3275 3271/5187/3271 3276/3552/3276
f 3084/5231/3084 3229/3544/3229 3128/5229/3128
f 3103/3496/3103 3074/5236/3074 3040/3661/3040
f 3172/3570/3172 3063/3458/3063 3230/5182/3230
f 3126/3596/3126 3001/5212/3001 3231/3558/3231
f 3089/3424/3089 3212/3447/3212 3058/3492/3058
f 3061/3546/3061 3058/3442/3058 3168/3490/3168
f 3063/3458/3063 3059/3545/3059 3230/5182/3230
f 3072/3589/3072 3136/3588/3136 3179/5237/3179
f 3230/5182/3230 3229/3544/3229 3084/5231/3084
f 3032/3448/3032 3212/3447/3212 3257/3534/3257
f 3119/3351/3119 3034/3478/3034 3031/3349/3031
f 3125/3415/3125 3007/5184/3007 3031/3349/3031
f 3229/3544/3229 3230/5182/3230 3059/3545/3059
f 3084/3557/3084 3258/5211/3258 3126/3596/3126
f 3088/3422/3088 3081/3644/3081 3057/3646/3057
f 3128/5229/3128 3229/3544/3229 3141/3491/3141
f 3066/3425/3066 3148/3567/3148 3062/3426/3062
f 3063/3458/3063 3094/3556/3094 3059/3545/3059
f 3070/3682/3070 3171/3611/3171 3242/3577/3242
f 3065/3679/3065 3281/3402/3281 3064/3404/3064
f 3186/3599/3186 3182/3591/3182 3117/3590/3117
f 3094/3556/3094 3137/3457/3137 3058/3442/3058
f 3226/5202/3226 3163/3465/3163 3166/3634/3166
f 3179/5238/3179 3117/3590/3117 3021/5239/3021
f 3089/3424/3089 3137/3493/3137 3263/3582/3263
f 3133/5223/3133 3060/3559/3060 3232/5192/3232
f 3141/3491/3141 3061/3546/3061 3168/3490/3168
f 3154/3507/3154 3025/3509/3025 3097/3652/3097
f 3282/3594/3282 3145/3593/3145 3240/5240/3240
f 3182/3591/3182 3036/5241/3036 3251/3592/3251
f 3249/3587/3249 3171/3611/3171 3158/3585/3158
f 3266/3678/3266 3065/3679/3065 3133/5223/3133
f 3136/3588/3136 3038/3575/3038 3179/5237/3179
f 3215/3597/3215 3246/3583/3246 3037/3584/3037
f 3171/3611/3171 3070/3682/3070 3158/3585/3158
f 3265/3560/3265 3065/5242/3065 3064/5243/3064
f 3099/3366/3099 3178/2436/3178 3204/3444/3204
f 3065/5242/3065 3265/3560/3265 3264/3569/3264
f 3288/3681/3288 3289/3680/3289 3296/3670/3296
f 3021/5239/3021 3117/3590/3117 3251/3592/3251
f 3024/3396/3024 2998/3414/2998 3115/3331/3115
f 3062/3426/3062 3060/3559/3060 3231/3558/3231
f 3214/3598/3214 3171/3611/3171 3250/5244/3250
f 3255/5245/3255 3145/3593/3145 3173/3406/3173
f 3070/3682/3070 3213/3586/3213 3158/3585/3158
f 3215/3600/3215 3214/5246/3214 3182/3591/3182
f 3136/3588/3136 3213/3586/3213 3216/3576/3216
f 3136/3588/3136 3218/3573/3218 3038/3575/3038
f 3186/3599/3186 3180/3605/3180 3120/3621/3120
f 3164/3633/3164 3000/3624/3000 3116/3626/3116
f 3242/3577/3242 3216/3576/3216 3070/3682/3070
f 3186/3599/3186 3120/3621/3120 3215/3600/3215
f 3082/3368/3082 2531/2433/2531 3099/3366/3099
f 3198/3617/3198 3053/3630/3053 3051/3618/3051
f 3282/3594/3282 3057/5247/3057 3110/3641/3110
f 3256/3407/3256 3116/3626/3116 3071/3625/3071
f 3218/3573/3218 3245/3622/3245 3286/3623/3286
f 3140/3616/3140 3039/3603/3039 3285/3602/3285
f 3217/3608/3217 3180/3605/3180 3286/3609/3286
f 3226/5202/3226 3238/3648/3238 3163/3465/3163
f 3247/3620/3247 3216/3576/3216 3284/3578/3284
f 3054/3628/3054 3227/3638/3227 3255/3518/3255
f 3180/3605/3180 3217/3608/3217 3120/3621/3120
f 3055/3423/3055 3227/3638/3227 3087/3421/3087
f 3102/5248/3102 3255/5245/3255 3173/3406/3173
f 3071/3625/3071 3252/3405/3252 3256/3407/3256
f 3173/3406/3173 3188/5249/3188 3102/5248/3102
f 3247/3620/3247 3218/3573/3218 3136/3588/3136
f 3053/3606/3053 3164/3633/3164 3166/3634/3166
f 3055/3423/3055 3088/3422/3088 3237/3645/3237
f 3116/3626/3116 3166/3634/3166 3164/3633/3164
f 3007/5184/3007 3092/3376/3092 3031/3349/3031
f 3237/3645/3237 3240/3636/3240 3055/3423/3055
f 3138/3472/3138 2219/2473/2219 2531/2433/2531
f 3238/3648/3238 3226/5202/3226 3241/3595/3241
f 3116/3626/3116 3256/3407/3256 3226/5202/3226
f 3240/5240/3240 3057/5247/3057 3282/3594/3282
f 3052/3665/3052 3054/3628/3054 3051/3618/3051
f 3054/3628/3054 3052/3665/3052 3227/3638/3227
f 3151/3631/3151 3067/3643/3067 3228/3637/3228
f 3054/3628/3054 3206/3619/3206 3051/3618/3051
f 3051/3618/3051 3151/3631/3151 3052/3665/3052
f 3041/3382/3041 3104/3658/3104 3078/5250/3078
f 3087/3421/3087 3052/3665/3052 3151/3631/3151
f 3140/3616/3140 3217/3608/3217 3245/3610/3245
f 3228/3637/3228 3087/3421/3087 3151/3631/3151
f 3225/3627/3225 3241/3595/3241 3226/5202/3226
f 3270/3541/3270 3169/3550/3169 3279/3532/3279
f 3110/3641/3110 3056/5251/3056 3282/3594/3282
f 3074/3318/3074 3127/3317/3127 3184/3390/3184
f 3214/5246/3214 3036/5241/3036 3182/3591/3182
f 3096/3361/3096 3111/3328/3111 3261/3330/3261
f 3076/3515/3076 3292/3456/3292 3287/3513/3287
f 3056/5251/3056 3110/3641/3110 3239/3463/3239
f 3025/3509/3025 3027/5252/3027 3157/3653/3157
f 3067/3464/3067 3239/3463/3239 3081/3642/3081
f 3096/3361/3096 3085/3360/3085 3196/3399/3196
f 3078/5250/3078 3170/3654/3170 3041/3382/3041
f 3205/3388/3205 3019/5253/3019 3177/3384/3177
f 3208/5200/3208 3013/3445/3013 3011/3365/3011
f 2998/3414/2998 3101/3413/3101 3105/3475/3105
f 3097/3652/3097 3112/3367/3112 3154/3507/3154
f 3202/3438/3202 3190/3474/3190 3185/3439/3185
f 3187/3432/3187 3035/3494/3035 3211/3469/3211
f 3211/3469/3211 3208/5200/3208 3011/3365/3011
f 3201/3417/3201 3198/3416/3198 3034/3478/3034
f 3095/3683/3095 3118/3373/3118 3077/3488/3077
f 3219/3659/3219 3210/5189/3210 3134/3549/3134
f 3259/3429/3259 3119/3351/3119 3130/3420/3130
f 3227/3638/3227 3055/3423/3055 3145/3635/3145
f 3291/3381/3291 3292/3456/3292 3104/3658/3104
f 3109/3340/3109 3293/3342/3293 3221/5254/3221
f 3078/5250/3078 3208/3655/3208 3170/3654/3170
f 3104/3658/3104 3004/5255/3004 3078/5250/3078
f 3133/5223/3133 3230/5225/3230 3084/3557/3084
f 3295/3660/3295 3290/3380/3290 3041/3382/3041
f 3109/3340/3109 3221/5254/3221 3108/5193/3108
f 3293/5216/3293 3248/3669/3248 3236/3548/3236
f 3234/3454/3234 3235/3341/3235 3294/3662/3294
f 3040/3661/3040 3074/5236/3074 3157/5256/3157
f 3083/3320/3083 3118/3373/3118 3006/3412/3006
f 3293/3342/3293 3235/3341/3235 3068/3453/3068
f 3248/3668/3248 3293/3342/3293 3068/3453/3068
f 3235/3341/3235 3234/3454/3234 3068/3453/3068
f 3219/3659/3219 3170/3654/3170 3211/3656/3211
f 3220/3344/3220 3104/3658/3104 3292/3456/3292
f 3108/5193/3108 3040/3661/3040 3042/3663/3042
f 3295/3660/3295 3236/3548/3236 3296/3670/3296
f 3274/5234/3274 3275/5219/3275 3224/5218/3224
f 3042/3663/3042 3109/3340/3109 3108/5193/3108
f 3042/3663/3042 3235/3341/3235 3109/3340/3109
f 3134/5210/3134 3108/5193/3108 3221/5254/3221
f 1685/2496/1685 3017/2481/3017 3018/3319/3018
f 3131/3568/3131 3065/5242/3065 3264/3569/3264
f 3040/3661/3040 3108/5193/3108 3103/3496/3103
f 3244/3675/3244 3284/3677/3284 3242/5257/3242
f 3057/3646/3057 3237/3645/3237 3088/3422/3088
f 3243/3612/3243 3245/3622/3245 3247/3620/3247
f 3225/3627/3225 3226/5202/3226 3256/3407/3256
f 3171/3611/3171 3214/3598/3214 3037/3584/3037
f 3266/3379/3266 3268/3378/3268 3281/3564/3281
f 3241/3595/3241 3282/3594/3282 3283/3647/3283
f 3110/3641/3110 3057/5247/3057 3081/3642/3081
f 3231/3558/3231 3175/3533/3175 3062/3426/3062
f 3284/3677/3284 3243/3676/3243 3247/5260/3247
f 3003/3311/3003 3184/3390/3184 3127/3317/3127
f 3147/3470/3147 3015/3408/3015 3156/3370/3156
f 3258/3436/3258 3200/3434/3200 3149/3375/3149
f 3000/3353/3000 3146/3357/3146 3183/3371/3183
f 3100/3495/3100 3209/5198/3209 3177/5215/3177
f 3287/5195/3287 3290/3671/3290 3289/3684/3289
f 3121/3387/3121 3006/3412/3006 3095/3683/3095
f 3265/3560/3265 3064/5243/3064 3263/3561/3263
f 3005/3338/3005 3129/3315/3129 3073/3314/3073
f 3209/3355/3209 3150/5204/3150 3111/3328/3111
f 3091/3354/3091 3000/3353/3000 3183/3371/3183
f 3232/5192/3232 3266/3678/3266 3133/5223/3133
f 3168/3490/3168 3058/3442/3058 3259/3441/3259
f 3048/5191/3048 3277/3539/3277 3079/3523/3079
f 3245/3622/3245 3243/3612/3243 3039/3614/3039
f 3250/3450/3250 3135/3489/3135 3073/3314/3073
f 3202/3438/3202 2345/2489/2345 2380/2491/2380
f 3202/3438/3202 3142/3440/3142 2345/2489/2345
f 3178/2436/3178 3099/3366/3099 2531/2433/2531
f 3014/3401/3014 1686/3687/1686 2218/3686/2218
f 3090/3483/3090 2380/2491/2380 1686/3687/1686
f 3298/3693/3298 3297/2958/3297 2794/2940/2794
f 2790/3691/2790 2799/2963/2799 2903/2946/2903
f 2776/5261/2776 2794/2940/2794 2807/2938/2807
f 2903/3697/2903 2876/2977/2876 2790/2997/2790
f 2764/2935/2764 2709/3701/2709 2825/2992/2825
f 2933/3696/2933 2771/2982/2771 2876/2977/2876
f 2825/2992/2825 3298/3699/3298 2776/3698/2776
f 383/319/383 903/334/903 653/18/653
f 562/4571/562 392/4608/392 411/24/411
f 376/4572/376 227/335/227 875/8/875
f 287/41/287 383/319/383 385/36/385
f 236/4573/236 474/27/474 411/35/411
f 231/40/231 792/15/792 412/14/412
f 823/10/823 475/9/475 332/23/332
f 236/4573/236 792/15/792 231/40/231
f 377/81/377 892/71/892 910/13/910
f 437/458/437 382/72/382 892/71/892
f 569/93/569 568/28/568 447/45/447
f 435/98/435 816/79/816 327/78/327
f 762/85/762 568/28/568 569/93/569
f 907/112/907 626/115/626 627/4579/627
f 788/4582/788 790/4583/790 358/108/358
f 93/125/93 124/122/124 354/120/354
f 2330/1990/2330 8/1992/8 683/149/683
f 110/152/110 1056/1092/1056 1026/170/1026
f 615/223/615 122/246/122 583/231/583
f 118/233/118 608/194/608 619/142/619
f 129/4586/129 128/4596/128 132/220/132
f 581/211/581 997/229/997 1003/208/1003
f 459/157/459 2130/159/2130 3/2074/3
f 611/4588/611 118/233/118 119/155/119
f 798/249/798 122/246/122 615/223/615
f 722/177/722 90/164/90 485/257/485
f 611/4588/611 609/250/609 111/252/111
f 85/210/85 405/181/405 94/203/94
f 780/217/780 483/245/483 122/246/122
f 111/252/111 4/251/4 33/2005/33
f 813/4587/813 111/252/111 532/199/532
f 2291/2062/2291 609/250/609 121/2073/121
f 99/4590/99 98/267/98 100/273/100
f 26/297/26 5/4598/5 104/288/104
f 133/293/133 135/271/135 682/299/682
f 135/271/135 136/280/136 101/274/101
f 401/4597/401 114/281/114 113/263/113
f 403/295/403 117/287/117 95/163/95
f 5/4598/5 9/290/9 721/289/721
f 998/234/998 982/4600/982 401/4597/401
f 982/4600/982 932/283/932 114/281/114
f 702/402/702 361/363/361 232/309/232
f 669/308/669 392/5500/392 362/4605/362
f 888/31/888 744/323/744 364/409/364
f 643/304/643 895/4601/895 904/4603/904
f 902/333/902 232/309/232 361/363/361
f 909/317/909 687/4606/687 362/4609/362
f 227/335/227 376/4572/376 409/314/409
f 294/4602/294 902/333/902 288/321/288
f 902/333/902 792/4610/792 236/307/236
f 285/377/285 364/409/364 744/323/744
f 831/313/831 371/341/371 365/322/365
f 759/4613/759 281/344/281 372/414/372
f 724/365/724 374/364/374 286/4614/286
f 284/4615/284 363/393/363 641/400/641
f 887/405/887 366/361/366 281/344/281
f 646/339/646 592/338/592 375/421/375
f 48/2193/48 644/357/644 841/419/841
f 791/4624/791 590/420/590 391/369/391
f 702/402/702 362/4605/362 393/374/393
f 741/348/741 285/377/285 320/397/320
f 473/379/473 472/4628/472 649/398/649
f 637/380/637 367/406/367 636/416/636
f 649/398/649 767/4638/767 315/407/315
f 44/972/44 363/393/363 284/4615/284
f 314/403/314 384/358/384 731/410/731
f 49/2237/49 2113/2191/2113 841/419/841
f 911/4622/911 668/396/668 391/369/391
f 767/4638/767 649/398/649 472/4628/472
f 842/372/842 641/400/641 390/351/390
f 911/4622/911 716/371/716 388/370/388
f 761/4621/761 388/370/388 390/351/390
f 374/364/374 911/4622/911 761/4621/761
f 759/4613/759 286/4614/286 369/350/369
f 842/372/842 716/371/716 801/4623/801
f 595/433/595 599/4644/599 198/875/198
f 833/430/833 705/429/705 594/432/594
f 129/4586/129 784/4646/784 96/4645/96
f 128/4596/128 96/4645/96 125/131/125
f 918/123/918 124/122/124 96/4645/96
f 125/131/125 96/4645/96 124/122/124
f 829/523/829 796/450/796 276/584/276
f 699/464/699 304/503/304 257/831/257
f 711/590/711 817/484/817 296/483/296
f 437/458/437 299/514/299 16/1949/16
f 544/557/544 883/453/883 300/583/300
f 306/823/306 742/566/742 248/468/248
f 309/592/309 645/571/645 344/572/344
f 346/588/346 428/4666/428 228/448/228
f 740/546/740 467/4656/467 830/83/830
f 660/497/660 467/4656/467 622/4654/622
f 293/548/293 905/550/905 681/527/681
f 779/558/779 735/505/735 342/601/342
f 300/4657/300 462/124/462 765/114/765
f 310/604/310 296/483/296 630/512/630
f 424/4651/424 458/4655/458 449/493/449
f 846/474/846 415/515/415 292/580/292
f 342/601/342 563/525/563 455/569/455
f 629/543/629 735/5501/735 779/466/779
f 631/4660/631 430/4659/430 450/4650/450
f 465/4662/465 346/588/346 906/553/906
f 845/104/845 681/527/681 278/4653/278
f 840/502/840 344/572/344 335/847/335
f 777/485/777 817/484/817 295/530/295
f 311/500/311 543/576/543 444/528/444
f 305/537/305 632/544/632 625/567/625
f 430/4659/430 631/4660/631 429/597/429
f 277/454/277 235/456/235 293/548/293
f 278/4653/278 645/4658/645 230/547/230
f 671/1532/671 54/4683/54 51/688/51
f 53/4667/53 570/661/570 1497/663/1497
f 696/4669/696 57/4670/57 470/656/470
f 876/677/876 717/683/717 68/686/68
f 54/4672/54 50/4681/50 536/650/536
f 535/643/535 74/652/74 746/4673/746
f 753/632/753 59/631/59 537/669/537
f 537/669/537 59/631/59 74/652/74
f 844/4674/844 803/648/803 824/4671/824
f 690/619/690 876/677/876 441/626/441
f 63/645/63 824/4671/824 57/4670/57
f 74/652/74 59/631/59 67/641/67
f 439/4675/439 442/623/442 69/625/69
f 803/648/803 576/647/576 575/665/575
f 73/646/73 54/4672/54 64/676/64
f 470/656/470 77/667/77 78/654/78
f 76/644/76 746/4673/746 573/856/573
f 746/4673/746 67/641/67 635/640/635
f 55/624/55 82/681/82 869/660/869
f 800/699/800 554/791/554 504/757/504
f 179/886/179 695/4696/695 200/689/200
f 826/712/826 221/721/221 781/709/781
f 672/4687/672 837/806/837 220/719/220
f 826/712/826 160/703/160 206/717/206
f 737/798/737 490/734/490 489/4688/489
f 559/729/559 486/728/486 827/4689/827
f 526/777/526 855/764/855 497/750/497
f 783/708/783 508/702/508 496/815/496
f 511/775/511 893/790/893 657/726/657
f 496/815/496 508/702/508 520/782/520
f 524/814/524 501/781/501 880/735/880
f 486/728/486 487/732/487 913/4691/913
f 203/696/203 672/4687/672 857/810/857
f 890/771/890 527/770/527 498/748/498
f 555/718/555 900/698/900 672/4687/672
f 179/4699/179 723/705/723 850/4686/850
f 502/740/502 867/787/867 896/4692/896
f 880/735/880 529/783/529 491/769/491
f 850/4686/850 901/704/901 720/807/720
f 825/694/825 219/809/219 209/716/209
f 664/817/664 477/877/477 209/716/209
f 155/761/155 764/745/764 528/780/528
f 498/748/498 493/767/493 503/756/503
f 837/806/837 153/700/153 155/761/155
f 153/700/153 506/742/506 507/746/507
f 71/821/71 72/820/72 917/855/917
f 258/846/258 254/859/254 253/830/253
f 266/840/266 271/865/271 269/4705/269
f 715/598/715 335/847/335 336/850/336
f 877/841/877 574/832/574 71/821/71
f 635/640/635 572/4707/572 917/855/917
f 72/820/72 675/819/675 534/666/534
f 267/842/267 877/841/877 871/4703/871
f 564/833/564 439/4675/439 884/638/884
f 679/864/679 651/653/651 446/655/446
f 268/843/268 812/818/812 261/827/261
f 757/838/757 251/4704/251 438/4680/438
f 262/835/262 795/834/795 565/828/565
f 156/4684/156 166/4685/166 176/957/176
f 156/4684/156 899/4712/899 174/882/174
f 184/894/184 676/893/676 898/892/898
f 317/435/317 162/911/162 749/910/749
f 863/928/863 218/953/218 177/885/177
f 208/920/208 700/427/700 316/4643/316
f 480/933/480 213/4711/213 776/936/776
f 550/4715/550 551/930/551 833/430/833
f 547/948/547 809/919/809 195/942/195
f 708/971/708 664/817/664 481/871/481
f 558/905/558 874/951/874 550/4715/550
f 706/955/706 772/869/772 186/868/186
f 745/436/745 318/425/318 185/896/185
f 181/956/181 182/884/182 175/888/175
f 756/970/756 213/4711/213 186/868/186
f 191/4710/191 738/961/738 834/969/834
f 709/949/709 807/946/807 212/899/212
f 773/902/773 806/901/806 190/903/190
f 961/1055/961 958/1034/958 962/1015/962
f 946/256/946 933/4724/933 970/4722/970
f 947/4721/947 993/1049/993 935/1006/935
f 977/1029/977 951/1004/951 987/1003/987
f 993/1049/993 947/4721/947 1004/994/1004
f 1027/241/1027 1042/1084/1042 1034/224/1034
f 1020/1081/1020 1045/4739/1045 1022/4735/1022
f 1025/4734/1025 1044/5502/1044 1054/4737/1054
f 1175/1295/1175 1243/1206/1243 1231/1426/1231
f 1061/1274/1061 1318/1161/1318 1230/1160/1230
f 1283/4748/1283 1255/1123/1255 1309/1321/1309
f 1172/1144/1172 1273/4749/1273 1161/1133/1161
f 1313/1118/1313 1134/1127/1134 1157/1353/1157
f 1304/4746/1304 1182/1429/1182 1315/1125/1315
f 1171/4755/1171 1336/4758/1336 1101/1147/1101
f 1214/1155/1214 1283/1864/1283 1187/1867/1187
f 1064/1266/1064 1211/1241/1211 657/1278/657
f 1242/1148/1242 1305/1159/1305 1132/4759/1132
f 1131/1449/1131 1132/4759/1132 1305/1159/1305
f 1077/4761/1077 1297/1305/1297 1208/1251/1208
f 1253/1185/1253 1272/1184/1272 1065/1259/1065
f 1318/1161/1318 1073/4777/1073 1311/1228/1311
f 1301/1217/1301 1083/4770/1083 1127/4766/1127
f 1312/1250/1312 1280/1223/1280 1197/1252/1197
f 1317/4762/1317 1292/1208/1292 1284/1269/1284
f 1280/1223/1280 1237/1225/1237 1126/1249/1126
f 1179/4767/1179 1063/5503/1063 1195/4776/1195
f 1070/1242/1070 1211/1241/1211 1270/1284/1270
f 1235/1268/1235 1256/1247/1256 1292/1208/1292
f 1296/1292/1296 1105/1297/1105 1308/1308/1308
f 1149/1285/1149 1259/4790/1259 1073/4777/1073
f 1224/1191/1224 1230/1160/1230 1290/1195/1290
f 1240/1226/1240 1204/1227/1204 1114/1162/1114
f 1073/4777/1073 1259/4790/1259 1110/1299/1110
f 1203/4779/1203 1265/4807/1265 1323/1385/1323
f 1160/1181/1160 1125/1290/1125 1076/1314/1076
f 1267/4782/1267 1278/4809/1278 1162/1438/1162
f 1140/4787/1140 1199/5504/1199 1152/4788/1152
f 1122/1341/1122 1134/1127/1134 1124/1348/1124
f 1147/1136/1147 1243/1206/1243 1161/1133/1161
f 1108/1413/1108 1315/1125/1315 1182/1429/1182
f 1090/1315/1090 1122/1341/1122 1254/4802/1254
f 1274/4804/1274 1251/5505/1251 1355/4805/1355
f 1331/1354/1331 1152/4798/1152 1135/4821/1135
f 1187/4751/1187 1198/4750/1198 1304/4824/1304
f 1120/4826/1120 1091/4806/1091 1203/4779/1203
f 1326/1338/1326 1348/4834/1348 1344/4827/1344
f 1269/4810/1269 1203/4779/1203 1144/1384/1144
f 1226/1401/1226 1258/5506/1258 1254/4802/1254
f 1360/1458/1360 1354/1461/1354 1362/1462/1362
f 1357/1372/1357 1354/1461/1354 1303/1369/1303
f 1233/1169/1233 488/1470/488 542/1472/542
f 1370/1477/1370 1017/1065/1017 1013/1067/1013
f 1374/1547/1374 1392/1483/1392 1409/1523/1409
f 1374/1547/1374 1461/1479/1461 1449/1478/1449
f 1447/1564/1447 1395/4853/1395 1503/1611/1503
f 1398/4851/1398 1576/4856/1576 540/4679/540
f 1542/1627/1542 1580/1514/1580 1499/1524/1499
f 1643/1726/1643 1434/1705/1434 1642/4864/1642
f 1495/1549/1495 1391/1548/1391 1553/1584/1553
f 1638/4866/1638 1578/5507/1578 1598/1546/1598
f 1598/1546/1598 1578/5507/1578 1639/4868/1639
f 1567/1511/1567 1483/1510/1483 1574/1528/1574
f 1386/4854/1386 1556/1785/1556 1508/1496/1508
f 1394/1589/1394 1547/4929/1547 1507/1521/1507
f 1565/1522/1565 1533/1482/1533 1480/1623/1480
f 1515/1779/1515 1408/1755/1408 1442/1754/1442
f 1466/1799/1466 1458/1542/1458 1574/1528/1574
f 1632/1695/1632 1635/1699/1635 1538/4887/1538
f 1529/1645/1529 1431/1718/1431 1502/4879/1502
f 1436/4892/1436 1539/1607/1539 1557/1491/1557
f 1586/1732/1586 1413/1839/1413 1628/1728/1628
f 1476/4898/1476 1491/1747/1491 1486/1746/1486
f 1389/4668/1389 1497/663/1497 1520/4847/1520
f 1676/1766/1676 1673/1765/1673 1535/1751/1535
f 1606/1742/1606 1437/1707/1437 1485/4910/1485
f 1667/4908/1667 1670/4915/1670 1669/4914/1669
f 1384/1853/1384 1463/1505/1463 1381/1504/1381
f 1420/1817/1420 1659/1671/1659 1475/1670/1475
f 1450/1553/1450 814/605/814 671/613/671
f 2063/2146/2063 1881/4937/1881 2253/1873/2253
f 2344/1876/2344 1881/4937/1881 2523/1891/2523
f 1924/1913/1924 2068/1914/2068 24/4576/24
f 1969/1872/1969 2068/1914/2068 2067/1883/2067
f 2517/1936/2517 2467/1915/2467 2154/1899/2154
f 2073/1934/2073 2154/1899/2154 1980/1901/1980
f 2361/2155/2361 2523/1891/2523 1881/4937/1881
f 2381/1889/2381 2533/42/2533 1956/4570/1956
f 2154/1899/2154 1879/4934/1879 2343/4938/2343
f 1926/1946/1926 2534/1939/2534 2333/1948/2333
f 2250/1935/2250 2073/1934/2073 2452/1893/2452
f 1985/1930/1985 2122/5508/2122 2072/1910/2072
f 1926/1946/1926 2484/1938/2484 2123/4940/2123
f 1876/1921/1876 2030/1932/2030 2107/4943/2107
f 1923/1929/1923 45/54/45 2248/1918/2248
f 2430/1984/2430 2305/1989/2305 2304/1975/2304
f 2377/1973/2377 2304/1975/2304 2305/1989/2305
f 1783/1974/1783 2377/1973/2377 2306/2382/2306
f 2542/1964/2542 2012/1968/2012 1773/1969/1773
f 1745/2056/1745 2266/2059/2266 2679/2904/2679
f 2262/2051/2262 2163/2006/2163 2524/2086/2524
f 1766/2058/1766 2296/2057/2296 2295/2053/2295
f 2290/2060/2290 2298/1993/2298 2513/2044/2513
f 2145/2269/2145 2143/2079/2143 2214/2080/2214
f 2293/2061/2293 2472/2064/2472 1750/2001/1750
f 145/151/145 1749/153/1749 1784/2087/1784
f 12/2003/12 4/251/4 2292/2002/2292
f 2655/2910/2655 2658/2010/2658 2135/2077/2135
f 1723/2096/1723 1722/4957/1722 1736/2100/1736
f 1737/2120/1737 1739/4954/1739 1738/2104/1738
f 1780/2094/1780 1781/2105/1781 1778/4956/1778
f 1757/2109/1757 1758/2108/1758 1735/2093/1735
f 1739/4954/1739 1782/2106/1782 1781/2105/1781
f 2056/2097/2056 1729/2069/1729 2524/2086/2524
f 2459/2095/2459 1748/2083/1748 2609/2085/2609
f 1738/2104/1738 1781/2105/1781 1780/2094/1780
f 1733/4591/1733 1725/2008/1725 2164/2007/2164
f 2059/2114/2059 2055/2111/2055 1759/2009/1759
f 1754/2123/1754 1756/2119/1756 1726/2101/1726
f 1/2121/1 13/4955/13 1739/4954/1739
f 7/4960/7 1779/2107/1779 1782/2106/1782
f 1760/2126/1760 1759/2009/1759 1725/2008/1725
f 1756/2119/1756 1757/2109/1757 1734/2102/1734
f 2337/2150/2337 24/5509/24 25/4961/25
f 2413/2137/2413 2020/2145/2020 2063/2146/2063
f 2065/2130/2065 2243/2147/2243 2311/2148/2311
f 2537/1903/2537 2015/1875/2015 2022/2134/2022
f 2050/4966/2050 2277/4971/2277 1928/2221/1928
f 1933/2159/1933 2504/2216/2504 2020/2145/2020
f 2502/2180/2502 2436/2232/2436 1934/2239/1934
f 2336/4969/2336 1965/2186/1965 2315/2212/2315
f 2042/2181/2042 2018/2230/2018 1932/2246/1932
f 1930/2162/1930 2021/2174/2021 2536/2223/2536
f 2277/4971/2277 2025/2161/2025 2026/2222/2026
f 2436/2232/2436 2341/2220/2341 2026/2222/2026
f 2490/2192/2490 2113/2191/2113 1963/2172/1963
f 2341/2220/2341 2039/4977/2039 2051/4973/2051
f 2051/4973/2051 2039/4977/2039 2460/2197/2460
f 2461/2242/2461 2392/2231/2392 2040/2233/2040
f 1933/2159/1933 2412/2158/2412 2520/2157/2520
f 2359/2213/2359 2315/2215/2315 2314/4978/2314
f 44/2209/44 2289/2208/2289 1932/2246/1932
f 1928/2221/1928 2341/2220/2341 2463/4974/2463
f 2241/2141/2241 2242/2179/2242 560/4629/560
f 2017/2152/2017 2048/2183/2048 1931/2182/1931
f 2043/4976/2043 2341/2220/2341 2436/2232/2436
f 2504/2216/2504 1933/2159/1933 1961/2206/1961
f 2027/2244/2027 2043/4976/2043 2392/2231/2392
f 1934/2239/1934 2026/2222/2026 2025/2161/2025
f 2274/2243/2274 2289/2208/2289 2993/2226/2993
f 2336/4969/2336 2279/4981/2279 1963/2172/1963
f 2043/4976/2043 2027/2244/2027 2460/2197/2460
f 2443/2779/2443 1958/2731/1958 2151/4984/2151
f 1875/2259/1875 2277/5510/2277 2050/2775/2050
f 2151/4984/2151 1958/2731/1958 2414/2258/2414
f 2475/2004/2475 2143/2079/2143 2010/2268/2010
f 2622/2045/2622 2505/2084/2505 2353/2263/2353
f 2146/2270/2146 1775/4958/1775 1731/2273/1731
f 1743/1982/1743 2007/1977/2007 1770/2272/1770
f 1743/1982/1743 1731/2273/1731 1775/4958/1775
f 2374/4991/2374 2300/2321/2300 1945/2306/1945
f 2369/4993/2369 1989/4942/1989 1970/2431/1970
f 2102/2351/2102 2416/2285/2416 1951/2297/1951
f 1998/2327/1998 2083/2427/2083 1987/2358/1987
f 2320/2389/2320 2119/2366/2119 1937/2346/1937
f 2089/2407/2089 2400/2276/2400 2082/2316/2082
f 2225/2303/2225 1944/2289/1944 1937/2346/1937
f 2078/2343/2078 1888/2279/1888 1885/1919/1885
f 1988/2353/1988 2106/2405/2106 2120/2408/2120
f 2003/1924/2003 2000/2430/2000 2004/2429/2004
f 875/8/875 227/335/227 888/31/888
f 2405/2339/2405 2108/2342/2108 1981/2350/1981
f 2133/4992/2133 2138/2367/2138 2306/2372/2306
f 1939/2298/1939 1938/2295/1938 1951/2297/1951
f 1952/2309/1952 1990/2325/1990 2498/2326/2498
f 3159/3674/3159 2385/2503/2385 1684/2480/1684
f 1700/2458/1700 1703/2444/1703 2147/2442/2147
f 2098/2450/2098 1705/2478/1705 2395/5015/2395
f 1714/2468/1714 2482/2441/2482 2150/2486/2150
f 2503/2497/2503 1702/2488/1702 2501/2467/2501
f 1714/2468/1714 2435/2465/2435 1710/2505/1710
f 2393/2483/2393 1718/2487/1718 2218/5019/2218
f 2251/5022/2251 1690/5052/1690 1689/5012/1689
f 2258/2466/2258 2435/2465/2435 1714/2468/1714
f 1689/5012/1689 1690/5052/1690 2096/2492/2096
f 1713/2469/1713 1712/5016/1712 2150/2486/2150
f 1699/2449/1699 1691/2451/1691 1716/2457/1716
f 1704/2460/1704 1695/2462/1695 1708/2439/1708
f 1683/2490/1683 1688/5011/1688 1709/5026/1709
f 2507/5020/2507 2095/5025/2095 1705/2478/1705
f 2216/2438/2216 1711/2493/1711 2518/2474/2518
f 2186/2587/2186 2234/2607/2234 1871/2540/1871
f 2427/2685/2427 1800/2513/1800 1847/2524/1847
f 1806/2537/1806 2190/5042/2190 2535/5030/2535
f 2350/2615/2350 1850/2530/1850 2351/2516/2351
f 2366/5031/2366 1851/5047/1851 1827/2692/1827
f 1812/2536/1812 1852/2529/1852 1850/2530/1850
f 1869/2604/1869 1856/2532/1856 2470/2563/2470
f 2488/5032/2488 1849/2527/1849 1852/2529/1852
f 2350/2615/2350 2372/2608/2372 2453/2520/2453
f 2408/2623/2408 2203/2629/2203 2168/5034/2168
f 2491/2634/2491 2172/2633/2172 2240/5037/2240
f 2206/2590/2206 2174/2562/2174 2179/2564/2179
f 2208/2586/2208 2189/2578/2189 2210/2577/2210
f 2182/2570/2182 2190/5042/2190 2181/2567/2181
f 2209/2597/2209 2364/5040/2364 2173/5039/2173
f 2364/5040/2364 2178/2628/2178 1807/5033/1807
f 2364/5040/2364 2453/2520/2453 2183/5043/2183
f 2201/2593/2201 2193/2581/2193 2175/2580/2175
f 2192/2548/2192 2212/2547/2212 2222/5045/2222
f 2434/2624/2434 2703/3303/2703 2221/5046/2221
f 1847/2524/1847 1848/2512/1848 2511/2541/2511
f 2173/2559/2173 2174/2562/2174 2206/2590/2206
f 1851/5047/1851 2366/5031/2366 1868/2522/1868
f 2170/2544/2170 2196/2546/2196 2408/2623/2408
f 2350/2615/2350 1807/5033/1807 2529/2611/2529
f 1874/2543/1874 1873/2630/1873 2326/2525/2326
f 2696/3095/2696 2240/5037/2240 2169/2554/2169
f 1872/2539/1872 2465/2526/2465 2326/2525/2326
f 1851/2616/1851 2350/2615/2350 2376/2515/2376
f 2179/2564/2179 2199/2535/2199 2409/2612/2409
f 1799/2575/1799 1872/2539/1872 1873/2630/1873
f 1807/5033/1807 2178/2628/2178 2370/2566/2370
f 2191/5050/2191 2222/5511/2222 2221/2622/2221
f 2166/2550/2166 2223/5036/2223 2200/2579/2200
f 2407/2594/2407 2370/2566/2370 2178/2628/2178
f 2184/2561/2184 2183/2560/2183 1792/2618/1792
f 2512/5044/2512 2409/2612/2409 2185/2510/2185
f 2427/2685/2427 2465/2526/2465 2235/2538/2235
f 2255/2636/2255 2256/2638/2256 2519/2667/2519
f 1909/2645/1909 2507/5020/2507 2247/2649/2247
f 1903/5053/1903 1904/5054/1904 2489/2644/2489
f 1917/2655/1917 1916/2659/1916 1919/2331/1919
f 1919/2674/1919 1918/5058/1918 1914/2672/1914
f 2247/2649/2247 2507/5020/2507 1706/2500/1706
f 2313/2463/2313 2437/2476/2437 1707/2475/1707
f 1909/2645/1909 1948/2414/1948 2355/5055/2355
f 1904/5054/1904 1903/5053/1903 1911/2651/1911
f 1902/5056/1902 1893/2304/1893 1896/2673/1896
f 1908/2642/1908 2256/2638/2256 2317/2637/2317
f 2252/2665/2252 2327/5017/2327 2356/2670/2356
f 1918/5058/1918 1696/2656/1696 2257/2658/2257
f 1894/2379/1894 1996/2387/1996 2489/2644/2489
f 1976/2317/1976 1982/2661/1982 2445/5057/2445
f 2507/5020/2507 1909/2645/1909 2454/2671/2454
f 1946/2640/1946 2332/2399/2332 2445/5057/2445
f 1832/2704/1832 1841/2745/1841 2438/5059/2438
f 1823/2768/1823 1813/2534/1813 1802/2514/1802
f 1829/2699/1829 1830/2703/1830 1837/2718/1837
f 2425/5063/2425 1861/2709/1861 2156/2767/2156
f 2549/2774/2549 1867/2773/1867 2421/2716/2421
f 2383/2748/2383 2446/5064/2446 2156/2767/2156
f 2487/2506/2487 2384/5061/2384 2160/2776/2160
f 2468/5065/2468 1804/2723/1804 2232/2765/2232
f 2391/2778/2391 2232/2765/2232 1824/2690/1824
f 1816/2737/1816 2334/2739/2334 2450/2747/2450
f 2396/5062/2396 1826/5068/1826 1827/5049/1827
f 2237/2770/2237 2049/2260/2049 2495/2753/2495
f 1831/2698/1831 2477/2701/2477 1832/2704/1832
f 1838/2777/1838 2238/2681/2238 1828/2741/1828
f 1825/2517/1825 1824/2690/1824 2396/5062/2396
f 2527/2749/2527 2227/2751/2227 1867/2773/1867
f 1844/2726/1844 2281/4990/2281 2422/2254/2422
f 2464/2763/2464 1835/2756/1835 1863/2742/1863
f 2227/2751/2227 2544/2734/2544 1836/2766/1836
f 1860/2706/1860 2466/2761/2466 2384/5061/2384
f 2606/2870/2606 2603/2869/2603 2570/2805/2570
f 2579/2817/2579 2578/2840/2578 2628/2799/2628
f 2590/2855/2590 2589/5074/2589 2598/2842/2598
f 2609/2085/2609 2632/2047/2632 2605/2880/2605
f 2625/2864/2625 2583/2856/2583 2582/2834/2582
f 2598/2842/2598 2623/2841/2623 2627/2877/2627
f 2593/2821/2593 2567/5075/2567 2585/2846/2585
f 2577/2839/2577 2589/5074/2589 2597/2868/2597
f 2610/2831/2610 2625/2864/2625 2560/2794/2560
f 2670/5081/2670 2669/2893/2669 2668/2907/2668
f 2677/5091/2677 2669/5512/2669 2651/2900/2651
f 2775/2949/2775 2889/3694/2889 2778/3688/2778
f 2728/5092/2728 2778/3688/2778 2933/2948/2933
f 2921/2971/2921 2790/2970/2790 2743/3013/2743
f 2862/3108/2862 2813/5513/2813 2824/5100/2824
f 2875/5101/2875 2839/3018/2839 2823/3102/2823
f 2828/3015/2828 2909/5108/2909 2777/3088/2777
f 2904/3075/2904 2905/5514/2905 2761/3087/2761
f 2821/3121/2821 2818/5118/2818 2701/5110/2701
f 2838/5113/2838 2916/5117/2916 2768/2988/2768
f 2870/5114/2870 2875/5101/2875 2841/3093/2841
f 2847/3063/2847 2166/5119/2166 2687/5107/2687
f 2877/5106/2877 2821/3121/2821 2887/3103/2887
f 2782/3016/2782 2815/3080/2815 2855/3079/2855
f 2888/3040/2888 2910/3096/2910 2822/3036/2822
f 2873/3033/2873 2867/3025/2867 2840/5104/2840
f 2685/3019/2685 2875/5101/2875 2870/5114/2870
f 2909/5108/2909 2917/5109/2917 2701/5110/2701
f 2871/3114/2871 2926/2954/2926 2925/2955/2925
f 2818/5118/2818 2877/5106/2877 2777/3088/2777
f 2905/3119/2905 2913/3111/2913 2854/5122/2854
f 2792/5124/2792 2755/3210/2755 2938/5125/2938
f 2893/3116/2893 2697/3067/2697 2779/3066/2779
f 2912/3109/2912 2854/5122/2854 2871/3114/2871
f 2911/3070/2911 2862/3069/2862 2716/5128/2716
f 2881/5130/2881 2704/3078/2704 2864/3089/2864
f 2785/3132/2785 2937/3164/2937 2706/5138/2706
f 2809/2947/2809 2718/3113/2718 2930/3050/2930
f 2846/5154/2846 2890/3153/2890 2788/3251/2788
f 2977/3290/2977 2982/3291/2982 2983/3292/2983
f 2646/2887/2646 2552/2892/2552 2996/2043/2996
f 3016/5180/3016 3138/3472/3138 3082/3368/3082
f 3192/3346/3192 3185/3504/3185 3190/3452/3190
f 3207/3482/3207 3090/3483/3090 3191/3333/3191
f 3048/5191/3048 3045/3519/3045 3222/3467/3222
f 3184/3390/3184 3003/3311/3003 3016/3639/3016
f 3100/3495/3100 3187/3432/3187 3199/3431/3199
f 3125/3415/3125 3106/3485/3106 3021/3487/3021
f 3035/3494/3035 3177/5215/3177 3019/3460/3019
f 3264/3569/3264 3265/3560/3265 3139/3459/3139
f 3072/5194/3072 3147/3470/3147 3135/3489/3135
f 3174/5220/3174 3260/5213/3260 3044/3525/3044
f 3270/5221/3270 3273/3542/3273 3050/3521/3050
f 3039/3614/3039 3244/3613/3244 3242/3577/3242
f 3179/5238/3179 3038/3604/3038 3117/3590/3117
f 3249/3587/3249 3250/5244/3250 3171/3611/3171
f 3024/3396/3024 3007/5184/3007 2998/3414/2998
f 3208/5200/3208 3004/3508/3004 3013/3445/3013
f 3097/3652/3097 3016/5180/3016 3112/3367/3112
f 3274/5234/3274 3269/5233/3269 3275/5219/3275
usemtl AqueosLayer.001
f 3802/4433/3802 3803/4434/3803 3807/4435/3807
f 3807/4435/3807 3806/4436/3806 3802/4433/3802
f 3807/4435/3807 3804/4437/3804 3805/4438/3805
f 3804/4439/3804 3803/4440/3803 3806/4441/3806
f 3878/4502/3869 3874/4503/3865 3880/4504/3871
f 3875/4505/3866 3878/4502/3869 3879/4506/3870
f 3878/4502/3869 3875/4505/3866 3874/4503/3865
f 3876/4507/3867 3875/4508/3866 3879/4509/3870
f 3880/4510/3871 3874/4511/3865 3875/4508/3866
f 3875/4508/3866 3876/4507/3867 3877/4512/3868
f 3875/4508/3866 3877/4512/3868 3880/4510/3871
f 3807/4435/3807 3805/4438/3805 3806/4436/3806
f 3805/5460/3805 3804/4439/3804 3806/4441/3806
f 3804/4437/3804 3807/4435/3807 3803/4434/3803
f 3803/4440/3803 3802/5461/3802 3806/4441/3806
f 3880/4504/3871 3877/5480/3868 3878/4502/3869
f 3878/4502/3869 3877/5480/3868 3876/5481/3867
f 3876/5481/3867 3879/4506/3870 3878/4502/3869
usemtl Pupil.001
f 3817/4442/3808 3811/4443/3808 3809/4444/3808
f 3817/4442/3808 3809/4444/3808 3808/4445/3808
f 3817/4442/3808 3810/4446/3808 3811/4443/3808
f 3817/4442/3808 3816/4447/3808 3815/4448/3808
f 3817/4442/3808 3808/4445/3808 3812/5462/3808
f 3817/4442/3808 3814/5463/3808 3810/4446/3808
f 3817/4442/3808 3812/5462/3808 3813/5464/3808
f 3817/4442/3808 3815/4448/3808 3814/5463/3808
f 3885/5482/3808 3881/5483/3808 3889/5484/3808
f 3889/5484/3808 3883/5485/3808 3882/5486/3808
f 3884/5487/3808 3883/5485/3808 3889/5484/3808
f 3886/5488/3808 3885/5482/3808 3889/5484/3808
f 3889/5484/3808 3882/5486/3808 3887/5489/3808
f 3887/5489/3808 3888/5490/3808 3889/5484/3808
f 3881/5483/3808 3884/5487/3808 3889/5484/3808
usemtl Sclera_Cornea.001
f 3845/4449/3836 3853/4450/3844 3831/4451/3822
f 3845/4449/3836 3841/4452/3832 3855/4453/3846
f 3845/4449/3836 3843/4454/3834 3853/4450/3844
f 3835/4455/3826 3824/4456/3815 3853/4450/3844
f 3818/4457/3809 3833/4458/3824 3819/4459/3810
f 3819/4459/3810 3842/4460/3833 3818/4457/3809
f 3820/4461/3811 3826/4462/3817 3830/4463/3821
f 3822/4464/3813 3818/4457/3809 3842/4460/3833
f 3842/4460/3833 3821/4465/3812 3822/4464/3813
f 3847/4466/3838 3822/4467/3813 3821/4468/3812
f 3846/4469/3837 3825/4470/3816 3844/4471/3835
f 3838/4472/3829 3840/4473/3831 3826/4462/3817
f 3827/4474/3818 3834/4475/3825 3832/4476/3823
f 3857/4477/3848 3828/4478/3819 3858/4479/3849
f 3822/4464/3813 3858/4479/3849 3828/4478/3819
f 3833/4458/3824 3829/4480/3820 3830/4463/3821
f 3858/4481/3849 3822/4467/3813 3847/4466/3838
f 3826/4462/3817 3840/4473/3831 3830/4463/3821
f 3835/4455/3826 3843/4454/3834 3856/4482/3847
f 3834/4475/3825 3820/4461/3811 3825/4483/3816
f 3858/4481/3849 3847/4466/3838 3855/4453/3846
f 3857/4477/3848 3844/4484/3835 3828/4478/3819
f 3840/4473/3831 3833/4458/3824 3830/4463/3821
f 3840/4473/3831 3819/4459/3810 3833/4458/3824
f 3839/4485/3830 3848/4486/3839 3823/4487/3814
f 3844/4471/3835 3857/4488/3848 3846/4469/3837
f 3848/4486/3839 3832/4489/3823 3850/4490/3841
f 3844/4484/3835 3829/4480/3820 3828/4478/3819
f 3822/4464/3813 3828/4478/3819 3818/4457/3809
f 3841/4452/3832 3845/4449/3836 3852/4491/3843
f 3852/4491/3843 3845/4449/3836 3831/4451/3822
f 3831/4451/3822 3823/4487/3814 3848/4486/3839
f 3854/4492/3845 3858/4481/3849 3855/4453/3846
f 3831/4451/3822 3848/4486/3839 3850/4490/3841
f 3925/4513/3907 3921/4514/3903 3917/4515/3899
f 3895/4516/3877 3931/4517/3913 3919/4518/3901
f 3896/4519/3878 3897/4520/3879 3902/4521/3884
f 3891/4522/3873 3904/4523/3886 3899/4524/3881
f 3929/4525/3911 3901/4526/3883 3911/4527/3893
f 3929/4528/3911 3928/4529/3910 3901/4530/3883
f 3890/4531/3872 3896/4519/3878 3902/4521/3884
f 3910/4532/3892 3930/4533/3912 3900/4534/3882
f 3910/4535/3892 3900/4536/3882 3898/4537/3880
f 3900/4536/3882 3899/4524/3881 3898/4537/3880
f 3923/4538/3905 3909/4539/3891 3895/4540/3877
f 3924/4541/3906 3894/4542/3876 3921/4514/3903
f 3902/4521/3884 3912/4543/3894 3914/4544/3896
f 3903/4545/3885 3899/4524/3881 3904/4523/3886
f 3893/4546/3875 3900/4534/3882 3930/4533/3912
f 3905/4547/3887 3901/4526/3883 3912/4543/3894
f 3908/4548/3890 3912/4543/3894 3901/4526/3883
f 3931/4517/3913 3924/4541/3906 3919/4518/3901
f 3926/4549/3908 3918/4550/3900 3927/4551/3909
f 3909/4539/3891 3931/4552/3913 3895/4540/3877
f 3915/4553/3897 3931/4517/3913 3914/4554/3896
f 3924/4541/3906 3931/4517/3913 3915/4553/3897
f 3893/4546/3875 3922/4555/3904 3926/4549/3908
f 3906/4556/3888 3927/4551/3909 3918/4550/3900
f 3919/4518/3901 3924/4541/3906 3925/4513/3907
f 3913/4557/3895 3923/4538/3905 3895/4540/3877
f 3915/4553/3897 3908/4558/3890 3894/4542/3876
f 3914/4554/3896 3908/4558/3890 3915/4553/3897
f 3890/4531/3872 3914/4544/3896 3931/4552/3913
f 3921/4514/3903 3925/4513/3907 3924/4541/3906
f 3925/4513/3907 3920/4559/3902 3919/4518/3901
f 3928/4529/3910 3927/4551/3909 3907/4560/3889
f 3924/4541/3906 3915/4553/3897 3894/4542/3876
f 3922/4555/3904 3893/4546/3875 3930/4533/3912
f 3825/4470/3816 3850/4490/3841 3834/5459/3825
f 3845/4449/3836 3855/4453/3846 3843/4454/3834
f 3820/4461/3811 3827/4474/3818 3826/4462/3817
f 3856/4482/3847 3847/4466/3838 3821/4468/3812
f 3851/5465/3842 3835/4455/3826 3856/4482/3847
f 3825/4483/3816 3829/4480/3820 3844/4484/3835
f 3826/4462/3817 3827/4474/3818 3849/5466/3840
f 3826/4462/3817 3849/5466/3840 3838/4472/3829
f 3851/5465/3842 3856/4482/3847 3821/4468/3812
f 3851/5467/3842 3821/4465/3812 3842/4460/3833
f 3851/5467/3842 3842/4460/3833 3836/5468/3827
f 3828/4478/3819 3829/4480/3820 3818/4457/3809
f 3830/4463/3821 3825/4483/3816 3820/4461/3811
f 3829/4480/3820 3825/4483/3816 3830/4463/3821
f 3838/4472/3829 3842/4460/3833 3819/4459/3810
f 3827/4474/3818 3832/4476/3823 3849/5466/3840
f 3827/4474/3818 3820/4461/3811 3834/4475/3825
f 3833/4458/3824 3818/4457/3809 3829/4480/3820
f 3824/4456/3815 3839/4485/3830 3823/4487/3814
f 3836/5468/3827 3838/4472/3829 3837/5469/3828
f 3837/5469/3828 3839/5470/3830 3836/5468/3827
f 3847/4466/3838 3843/4454/3834 3855/4453/3846
f 3823/4487/3814 3831/4451/3822 3853/4450/3844
f 3851/5465/3842 3836/5471/3827 3839/4485/3830
f 3850/4490/3841 3832/4489/3823 3834/5459/3825
f 3838/4472/3829 3819/4459/3810 3840/4473/3831
f 3855/4453/3846 3841/4452/3832 3854/4492/3845
f 3835/4455/3826 3853/4450/3844 3843/4454/3834
f 3837/5469/3828 3838/4472/3829 3849/5466/3840
f 3837/5469/3828 3849/5466/3840 3839/5470/3830
f 3846/4469/3837 3841/4452/3832 3852/4491/3843
f 3824/4456/3815 3851/5465/3842 3839/4485/3830
f 3848/5472/3839 3849/5466/3840 3832/4476/3823
f 3849/5466/3840 3848/5472/3839 3839/5470/3830
f 3824/4456/3815 3823/4487/3814 3853/4450/3844
f 3841/4452/3832 3846/4469/3837 3857/4488/3848
f 3850/4490/3841 3846/4469/3837 3852/4491/3843
f 3851/5465/3842 3824/4456/3815 3835/4455/3826
f 3841/4452/3832 3857/4488/3848 3854/4492/3845
f 3852/4491/3843 3831/4451/3822 3850/4490/3841
f 3854/4492/3845 3857/4488/3848 3858/4481/3849
f 3911/4527/3893 3897/4520/3879 3916/5477/3898
f 3907/4560/3889 3906/4556/3888 3921/4514/3903
f 3917/4515/3899 3921/4514/3903 3906/4556/3888
f 3891/4522/3873 3916/5477/3898 3904/4523/3886
f 3891/4522/3873 3892/5491/3874 3916/5477/3898
f 3890/4531/3872 3909/4539/3891 3903/4545/3885
f 3890/4531/3872 3903/4545/3885 3896/4519/3878
f 3930/4533/3912 3910/4532/3892 3920/4559/3902
f 3891/4522/3873 3893/5492/3875 3892/5491/3874
f 3926/4549/3908 3892/5493/3874 3893/4546/3875
f 3929/4528/3911 3926/4549/3908 3927/4551/3909
f 3893/5492/3875 3891/4522/3873 3900/4536/3882
f 3900/4536/3882 3891/4522/3873 3899/4524/3881
f 3929/4525/3911 3911/4527/3893 3892/5491/3874
f 3892/5493/3874 3926/4549/3908 3929/4528/3911
f 3911/4527/3893 3901/4526/3883 3905/4547/3887
f 3928/4529/3910 3929/4528/3911 3927/4551/3909
f 3898/4537/3880 3899/4524/3881 3923/4538/3905
f 3930/4533/3912 3920/4559/3902 3925/4513/3907
f 3923/4538/3905 3903/4545/3885 3909/4539/3891
f 3890/4531/3872 3902/4521/3884 3914/4544/3896
f 3903/4545/3885 3904/4523/3886 3896/4519/3878
f 3903/4545/3885 3923/4538/3905 3899/4524/3881
f 3918/4550/3900 3917/4515/3899 3906/4556/3888
f 3907/4560/3889 3921/4514/3903 3894/4542/3876
f 3908/4558/3890 3901/4530/3883 3928/4529/3910
f 3897/4520/3879 3896/4519/3878 3916/5477/3898
f 3910/4535/3892 3898/4537/3880 3913/4557/3895
f 3896/4519/3878 3904/4523/3886 3916/5477/3898
f 3895/4516/3877 3919/4518/3901 3913/5494/3895
f 3908/4558/3890 3928/4529/3910 3907/4560/3889
f 3913/4557/3895 3898/4537/3880 3923/4538/3905
f 3897/4520/3879 3905/4547/3887 3912/4543/3894
f 3902/4521/3884 3897/4520/3879 3912/4543/3894
f 3909/4539/3891 3890/4531/3872 3931/4552/3913
f 3914/4544/3896 3912/4543/3894 3908/4548/3890
f 3917/4515/3899 3922/4555/3904 3925/4513/3907
f 3892/5491/3874 3911/4527/3893 3916/5477/3898
f 3926/4549/3908 3922/4555/3904 3918/4550/3900
f 3906/4556/3888 3907/4560/3889 3927/4551/3909
f 3925/4513/3907 3922/4555/3904 3930/4533/3912
f 3907/4560/3889 3894/4542/3876 3908/4558/3890
f 3919/4518/3901 3920/4559/3902 3913/5494/3895
f 3910/4532/3892 3913/5494/3895 3920/4559/3902
f 3825/4470/3816 3846/4469/3837 3850/4490/3841
f 3838/4472/3829 3836/5468/3827 3842/4460/3833
f 3847/4466/3838 3856/4482/3847 3843/4454/3834
f 3911/4527/3893 3905/4547/3887 3897/4520/3879
f 3918/4550/3900 3922/4555/3904 3917/4515/3899
usemtl Iris.001
f 3870/4493/3861 3860/4494/3851 3859/4495/3850
f 3866/4496/3857 3865/4497/3856 3864/4498/3855
f 3863/4499/3854 3862/4500/3853 3861/4501/3852
f 3934/4561/3916 3933/4562/3915 3944/4563/3926
f 3938/4564/3920 3944/4563/3926 3946/4565/3928
f 3939/4566/3921 3942/4567/3924 3947/4568/3929
f 3943/4569/3925 3946/4565/3928 3944/4563/3926
f 3865/4497/3856 3870/4493/3861 3859/4495/3850
f 3862/4500/3853 3871/5473/3862 3869/5474/3860
f 3866/4496/3857 3864/4498/3855 3867/5475/3858
f 3871/5473/3862 3866/4496/3857 3867/5475/3858
f 3871/5473/3862 3867/5475/3858 3868/5476/3859
f 3871/5473/3862 3868/5476/3859 3869/5474/3860
f 3860/4494/3851 3863/4499/3854 3861/4501/3852
f 3871/5473/3862 3863/4499/3854 3872/5478/3863
f 3870/4493/3861 3866/4496/3857 3873/5479/3864
f 3947/4568/3929 3940/5495/3922 3946/4565/3928
f 3944/4563/3926 3932/4495/3914 3934/4561/3916
f 3944/4563/3926 3938/4564/3920 3932/4495/3914
f 3946/4565/3928 3937/5496/3919 3938/4564/3920
f 3940/5495/3922 3937/5496/3919 3946/4565/3928
f 3936/5497/3918 3933/4562/3915 3935/5498/3917
f 3942/4567/3924 3941/5476/3923 3947/4568/3929
f 3936/5497/3918 3942/4567/3924 3939/4566/3921
f 3933/4562/3915 3934/4561/3916 3935/5498/3917
f 3945/5499/3927 3944/4563/3926 3933/4562/3915
f 3865/4497/3856 3866/4496/3857 3870/4493/3861
f 3862/4500/3853 3863/4499/3854 3871/5473/3862
f 3860/4494/3851 3870/4493/3861 3863/4499/3854
f 3947/4568/3929 3941/5476/3923 3940/5495/3922
f 3936/5497/3918 3939/4566/3921 3933/4562/3915
usemtl Mouth.001
f 3313/3702/3313 3382/3703/3382 3324/3704/3324
f 3556/3705/3556 3529/3706/3529 3525/3707/3525
f 3500/3708/3500 3501/3709/3501 3537/3710/3537
f 3316/3711/3316 3325/3712/3325 3535/3713/3535
f 3405/3714/3405 3500/3708/3500 3499/3715/3499
f 3323/3716/3323 3446/3717/3446 3459/3718/3459
f 2330/3719/2330 3310/3720/3310 3311/3721/3311
f 3318/3722/3318 1752/3723/1752 3459/3718/3459
f 3554/3724/3554 3327/3725/3327 3500/3708/3500
f 3501/3709/3501 3528/3726/3528 3502/3727/3502
f 3315/3728/3315 3542/3729/3542 3501/3709/3501
f 3527/3730/3527 3542/3729/3542 3315/3728/3315
f 3553/3731/3553 3527/3730/3527 3315/3728/3315
f 3501/3709/3501 3529/3706/3529 3528/3726/3528
f 3324/3704/3324 3311/3721/3311 3313/3702/3313
f 3311/3721/3311 3324/3704/3324 2330/3719/2330
f 3542/3729/3542 3527/3730/3527 3525/3707/3525
f 3529/3706/3529 3756/3732/3756 3528/3726/3528
f 3328/3733/3328 3311/3721/3311 3310/3720/3310
f 3323/3716/3323 3325/3712/3325 3446/3717/3446
f 3538/3734/3538 3446/3717/3446 3325/3712/3325
f 3500/3708/3500 3327/3725/3327 3316/3711/3316
f 3382/3703/3382 3325/3712/3325 3323/3716/3323
f 3525/3707/3525 3527/3730/3527 3556/3705/3556
f 3315/3728/3315 3501/3709/3501 3405/3714/3405
f 3304/3735/3304 3379/3736/3379 3366/3737/3366
f 3366/3737/3366 3359/3738/3359 3304/3735/3304
f 3372/3739/3372 3366/3737/3366 3379/3736/3379
f 3339/3740/3339 3768/3741/3768 3321/3742/3321
f 3338/3743/3338 3333/3744/3333 3330/3745/3330
f 3338/3743/3338 3348/3746/3348 3311/3721/3311
f 3768/3741/3768 3339/3740/3339 3331/3747/3331
f 3356/3748/3356 3311/3721/3311 3348/3746/3348
f 3350/3749/3350 3340/3750/3340 3356/3748/3356
f 3356/3748/3356 3348/3746/3348 3350/3749/3350
f 3535/3713/3535 3309/3751/3309 3316/3711/3316
f 3366/3737/3366 3381/3752/3381 3360/3753/3360
f 3395/3754/3395 3384/3755/3384 3376/3756/3376
f 3499/3715/3499 3381/3752/3381 3512/3757/3512
f 3512/3757/3512 3405/3714/3405 3499/3715/3499
f 3539/3758/3539 3394/3759/3394 3395/3754/3395
f 3313/3702/3313 3394/3759/3394 3382/3703/3382
f 3400/3760/3400 3388/3761/3388 3383/3762/3383
f 3316/3711/3316 3371/3763/3371 3499/3715/3499
f 3380/3764/3380 3373/3765/3373 3306/3766/3306
f 3309/3751/3309 3380/3764/3380 3306/3766/3306
f 3380/3764/3380 3309/3751/3309 3535/3713/3535
f 3379/3736/3379 3388/3761/3388 3339/3740/3339
f 3380/3764/3380 3382/3703/3382 3376/3756/3376
f 3372/3739/3372 3381/3752/3381 3366/3737/3366
f 3373/3765/3373 3380/3764/3380 3376/3756/3376
f 3388/3761/3388 3379/3736/3379 3377/3767/3377
f 3361/3768/3361 3363/3769/3363 3499/3715/3499
f 3350/3749/3350 3348/3746/3348 3330/3745/3330
f 3371/3763/3371 3361/3768/3361 3499/3715/3499
f 3401/3770/3401 3394/3759/3394 3313/3702/3313
f 3356/3748/3356 3313/3702/3313 3311/3721/3311
f 3400/3760/3400 3351/3771/3351 3349/3772/3349
f 3322/3773/3322 3379/3736/3379 3339/3740/3339
f 3338/3743/3338 3330/3745/3330 3348/3746/3348
f 3359/3774/3359 3307/3775/3307 3304/3776/3304
f 3303/3777/3303 3308/3778/3308 3306/3779/3306
f 3330/3780/3330 3335/3781/3335 3341/3782/3341
f 3342/3783/3342 3345/3784/3345 3352/3785/3352
f 3349/3786/3349 3345/3784/3345 3331/3787/3331
f 3345/3784/3345 3343/3788/3343 3331/3787/3331
f 3344/3789/3344 3330/3790/3330 3341/3791/3341
f 3347/3792/3347 3344/3789/3344 3346/3793/3346
f 3340/3794/3340 3357/3795/3357 3356/3796/3356
f 3357/3795/3357 3340/3794/3340 3355/3797/3355
f 3362/3798/3362 3371/3799/3371 3299/3800/3299
f 3367/3801/3367 3364/3802/3364 3359/3803/3359
f 3363/3804/3363 3365/3805/3365 3360/3806/3360
f 3370/3807/3370 3365/3808/3365 3363/3809/3363
f 3362/3798/3362 3368/3810/3368 3371/3799/3371
f 3364/3802/3364 3367/3801/3367 3531/3811/3531
f 3374/3812/3374 3377/3813/3377 3301/3814/3301
f 3378/3815/3378 3376/3816/3376 3384/3817/3384
f 3395/3818/3395 3393/3819/3393 3384/3820/3384
f 3390/3821/3390 3383/3822/3383 3388/3823/3388
f 3393/3819/3393 3391/3824/3391 3392/3825/3392
f 3399/3826/3399 3397/3827/3397 3389/3828/3389
f 3397/3829/3397 3396/3830/3396 3383/3831/3383
f 3398/3832/3398 3351/3833/3351 3404/3834/3404
f 3399/3826/3399 3403/3835/3403 3547/3836/3547
f 3547/3836/3547 3404/3837/3404 3396/3838/3396
f 3549/3839/3549 3370/3807/3370 3369/3840/3369
f 3374/3841/3374 3533/3842/3533 3378/3815/3378
f 3302/3843/3302 3305/3844/3305 3307/3775/3307
f 3386/3845/3386 3397/3846/3397 3383/3822/3383
f 3360/3806/3360 3531/3811/3531 3366/3847/3366
f 3336/3848/3336 3329/3849/3329 3583/3850/3583
f 3403/3835/3403 3399/3826/3399 3389/3828/3389
f 3550/3851/3550 3387/3852/3387 3375/3853/3375
f 3362/3798/3362 3364/3854/3364 3549/3839/3549
f 3402/3855/3402 3404/3834/3404 3351/3833/3351
f 3335/3781/3335 3541/3856/3541 3341/3782/3341
f 3304/3776/3304 3305/3844/3305 3301/3857/3301
f 3397/3858/3397 3386/3859/3386 3544/3860/3544
f 3307/3861/3307 3300/3862/3300 3308/3778/3308
f 3345/3784/3345 3347/3863/3347 3346/3864/3346
f 3307/3775/3307 3359/3774/3359 3300/3865/3300
f 3374/3812/3374 3301/3814/3301 3533/3866/3533
f 3355/3867/3355 3340/3868/3340 3352/3869/3352
f 3333/3870/3333 3335/3781/3335 3330/3780/3330
f 3402/3855/3402 3400/3871/3400 3383/3831/3383
f 3541/3872/3541 3343/3873/3343 3341/3874/3341
f 3350/3875/3350 3344/3789/3344 3342/3876/3342
f 3336/3848/3336 3343/3873/3343 3541/3872/3541
f 3353/3877/3353 3354/3878/3354 3351/3879/3351
f 3398/3880/3398 3403/3835/3403 3353/3881/3353
f 3369/3840/3369 3370/3807/3370 3368/3810/3368
f 3342/3876/3342 3352/3882/3352 3340/3883/3340
f 3544/3860/3544 3389/3884/3389 3397/3858/3397
f 3387/3885/3387 3550/3886/3550 3384/3817/3384
f 3349/3887/3349 3355/3867/3355 3352/3869/3352
f 3342/3783/3342 3347/3863/3347 3345/3784/3345
f 3576/3888/3576 3418/3889/3418 3432/3890/3432
f 3417/3891/3417 3458/3892/3458 3460/3893/3460
f 3418/3889/3418 3419/3894/3419 3432/3890/3432
f 3410/3895/3410 3406/3896/3406 3426/3897/3426
f 3433/3898/3433 3410/3895/3410 3416/3899/3416
f 3436/3900/3436 3443/3901/3443 3437/3902/3437
f 3444/3903/3444 3415/3904/3415 3437/3902/3437
f 3457/3905/3457 3446/3717/3446 3443/3901/3443
f 3448/3906/3448 3453/3907/3453 3464/3908/3464
f 3465/3909/3465 3457/3905/3457 3447/3910/3447
f 3485/3911/3485 3479/3912/3479 3473/3913/3473
f 3474/3914/3474 3477/3915/3477 3484/3916/3484
f 3466/3917/3466 3477/3915/3477 3472/3918/3472
f 3317/3919/3317 3488/3920/3488 3480/3921/3480
f 3317/3919/3317 3318/3722/3318 3488/3920/3488
f 3489/3922/3489 3492/3923/3492 3484/3916/3484
f 3492/3923/3492 3489/3922/3489 3488/3920/3488
f 3497/3924/3497 3478/3925/3478 3485/3911/3485
f 3480/3921/3480 3488/3920/3488 3489/3922/3489
f 3497/3924/3497 3485/3911/3485 3481/3926/3481
f 3498/3927/3498 3318/3722/3318 3459/3718/3459
f 3464/3908/3464 3496/3928/3496 3462/3929/3462
f 3554/3724/3554 3422/3930/3422 3425/3931/3425
f 3425/3931/3425 3415/3904/3415 3554/3724/3554
f 3445/3932/3445 3537/3710/3537 3502/3727/3502
f 3444/3903/3444 3443/3901/3443 3446/3717/3446
f 3426/3897/3426 3432/3890/3432 3460/3893/3460
f 3502/3727/3502 3528/3726/3528 3526/3933/3526
f 3410/3895/3410 3426/3897/3426 3416/3899/3416
f 3714/3934/3714 3473/3935/3473 3467/3936/3467
f 3480/3921/3480 3489/3922/3489 3484/3916/3484
f 3453/3907/3453 3416/3899/3416 3458/3892/3458
f 3449/3937/3449 3416/3899/3416 3453/3907/3453
f 3437/3902/3437 3443/3901/3443 3444/3903/3444
f 3431/3938/3431 3415/3904/3415 3425/3931/3425
f 3457/3905/3457 3452/3939/3452 3447/3910/3447
f 3415/3904/3415 3431/3938/3431 3437/3902/3437
f 3467/3936/3467 3473/3913/3473 3479/3912/3479
f 3474/3914/3474 3472/3918/3472 3477/3915/3477
f 3459/3718/3459 3457/3905/3457 3465/3909/3465
f 3458/3892/3458 3464/3908/3464 3453/3907/3453
f 3548/3940/3548 3411/3941/3411 3433/3942/3433
f 3409/3943/3409 3420/3944/3420 3406/3945/3406
f 3406/3945/3406 3407/3946/3407 3409/3943/3409
f 3431/3947/3431 3434/3948/3434 3437/3949/3437
f 3431/3947/3431 3420/3950/3420 3412/3951/3412
f 3413/3952/3413 3548/3953/3548 3408/3954/3408
f 3429/3955/3429 3427/3956/3427 3422/3957/3422
f 3420/3958/3420 3423/3959/3423 3428/3960/3428
f 3428/3960/3428 3406/3961/3406 3420/3958/3420
f 3546/3962/3546 3543/3963/3543 3426/3964/3426
f 3441/3965/3441 3438/3966/3438 3449/3967/3449
f 3440/3968/3440 3433/3969/3433 3438/3966/3438
f 3440/3968/3440 3438/3966/3438 3441/3965/3441
f 3551/3970/3551 3439/3971/3439 3435/3972/3435
f 3453/3973/3453 3536/3974/3536 3449/3975/3449
f 3436/3976/3436 3451/3977/3451 3452/3978/3452
f 3454/3979/3454 3456/3980/3456 3447/3981/3447
f 3456/3980/3456 3454/3979/3454 3451/3977/3451
f 3463/3982/3463 3462/3983/3462 3490/3984/3490
f 3462/3985/3462 3532/3986/3532 3464/3987/3464
f 3461/3988/3461 3447/3989/3447 3448/3990/3448
f 3558/3991/3558 3490/3984/3490 3465/3992/3465
f 3555/3993/3555 3558/3991/3558 3447/3994/3447
f 3471/3995/3471 3469/3996/3469 3473/3997/3473
f 3482/3998/3482 3485/3999/3485 3473/3997/3473
f 3482/3998/3482 3476/4000/3476 3468/4001/3468
f 3483/4002/3483 3486/4003/3486 3491/4004/3491
f 3486/4003/3486 3487/4005/3487 3470/4006/3470
f 3470/4007/3470 3487/4008/3487 3482/4009/3482
f 3483/4010/3483 3487/4008/3487 3545/4011/3545
f 3462/4012/3462 3493/4013/3493 3490/4014/3490
f 3481/4015/3481 3494/4016/3494 3496/4017/3496
f 3540/4018/3540 3493/4013/3493 3495/4019/3495
f 3493/4013/3493 3534/4020/3534 3495/4019/3495
f 3558/3991/3558 3555/3993/3555 3532/4021/3532
f 3455/4022/3455 3456/3980/3456 3451/3977/3451
f 3492/4023/3492 3493/4013/3493 3491/4024/3491
f 3475/4025/3475 3766/4026/3766 3474/4027/3474
f 3435/3972/3435 3439/3971/3439 3434/4028/3434
f 3410/4029/3410 3411/3941/3411 3406/3945/3406
f 3416/4030/3416 3438/3966/3438 3433/3969/3433
f 3532/3986/3532 3461/3988/3461 3464/3987/3464
f 3456/4031/3456 3455/4032/3455 3450/4033/3450
f 3532/4021/3532 3463/3982/3463 3558/3991/3558
f 3407/3946/3407 3414/4034/3414 3409/3943/3409
f 3411/3941/3411 3548/3940/3548 3414/4034/3414
f 3411/3941/3411 3414/4034/3414 3407/3946/3407
f 3413/3952/3413 3408/3954/3408 3412/3951/3412
f 3408/3954/3408 3433/4035/3433 3434/3948/3434
f 3462/4036/3462 3496/4017/3496 3494/4016/3494
f 3546/3962/3546 3424/4037/3424 3543/3963/3543
f 3440/3968/3440 3434/4038/3434 3433/3969/3433
f 3475/4025/3475 3474/4027/3474 3470/4039/3470
f 3483/4010/3483 3491/4040/3491 3481/4041/3481
f 3439/3971/3439 3551/3970/3551 3442/4042/3442
f 3437/4043/3437 3439/3971/3439 3436/4044/3436
f 3429/3955/3429 3422/3957/3422 3424/4045/3424
f 3518/4046/3518 3513/4047/3513 3503/4048/3503
f 3508/4049/3508 3509/4050/3509 3506/4051/3506
f 3510/4052/3510 3507/4053/3507 3520/4054/3520
f 3513/4047/3513 3511/4055/3511 3503/4048/3503
f 3514/4056/3514 3506/4051/3506 3515/4057/3515
f 3515/4057/3515 3552/4058/3552 3514/4056/3514
f 3405/4059/3405 3512/4060/3512 3522/4061/3522
f 3510/4052/3510 3521/4062/3521 3515/4057/3515
f 3513/4047/3513 3552/4058/3552 3511/4055/3511
f 3522/4061/3522 3510/4052/3510 3520/4054/3520
f 3510/4052/3510 3515/4057/3515 3506/4051/3506
f 3319/4063/3319 3405/4059/3405 3522/4061/3522
f 3521/4062/3521 3510/4052/3510 3522/4061/3522
f 3508/4049/3508 3516/4064/3516 3509/4050/3509
f 3321/4065/3321 3503/4048/3503 3511/4055/3511
f 3512/4060/3512 3511/4055/3511 3521/4062/3521
f 3521/4062/3521 3522/4061/3522 3512/4060/3512
f 3512/3757/3512 3372/3739/3372 3322/3773/3322
f 3514/4056/3514 3517/4066/3517 3508/4049/3508
f 3552/4058/3552 3515/4057/3515 3521/4062/3521
f 3519/4067/3519 3524/4068/3524 3557/4069/3557
f 3523/4070/3523 3524/4068/3524 3517/4066/3517
f 3756/4071/3756 3786/4072/3786 3755/4073/3755
f 3753/4074/3753 3734/4075/3734 3788/4076/3788
f 3791/4077/3791 3580/4078/3580 3573/4079/3573
f 3569/4080/3569 3580/4078/3580 3614/4081/3614
f 3754/4082/3754 3647/4083/3647 3574/4084/3574
f 3317/4085/3317 3760/4086/3760 3570/4087/3570
f 3711/4088/3711 3572/4089/3572 3571/4090/3571
f 3571/4090/3571 3733/4091/3733 3711/4088/3711
f 3736/4092/3736 3526/4093/3526 3581/4094/3581
f 3788/4076/3788 3734/4075/3734 3735/4095/3735
f 3626/4096/3626 3575/4097/3575 3734/4075/3734
f 3755/4073/3755 3574/4084/3574 3753/4074/3753
f 3753/4074/3753 3581/4094/3581 3756/4071/3756
f 3556/4098/3556 3755/4073/3755 3786/4072/3786
f 3581/4094/3581 3528/4099/3528 3756/4071/3756
f 3737/4100/3737 3626/4096/3626 3734/4075/3734
f 3568/4101/3568 3579/4102/3579 3569/4080/3569
f 3755/4073/3755 3753/4074/3753 3756/4071/3756
f 2330/4103/2330 130/4104/130 3579/4102/3579
f 3553/4105/3553 3782/4106/3782 3530/4107/3530
f 3791/4077/3791 3734/4075/3734 3575/4097/3575
f 3754/4082/3754 3782/4106/3782 3553/4105/3553
f 3556/4098/3556 3786/4072/3786 3787/4108/3787
f 3580/4078/3580 3569/4080/3569 3573/4079/3573
f 3579/4102/3579 3573/4079/3573 3569/4080/3569
f 3782/4106/3782 3755/4073/3755 3556/4098/3556
f 3604/4109/3604 3603/4110/3603 3563/4111/3563
f 3768/4112/3768 3636/4113/3636 3578/4114/3578
f 3578/4114/3578 3636/4113/3636 3739/4115/3739
f 3568/4101/3568 3601/4116/3601 3789/4117/3789
f 3601/4116/3601 3597/4118/3597 3593/4119/3593
f 3560/4120/3560 3564/4121/3564 3611/4122/3611
f 3626/4096/3626 3785/4123/3785 3611/4122/3611
f 3603/4110/3603 3613/4124/3613 3612/4125/3612
f 3626/4096/3626 3610/4126/3610 3785/4123/3785
f 3624/4127/3624 3603/4110/3603 3612/4125/3612
f 3615/4128/3615 3635/4129/3635 3623/4130/3623
f 3614/4081/3614 3623/4130/3623 3635/4129/3635
f 3622/4131/3622 3563/4111/3563 3624/4127/3624
f 3612/4125/3612 3737/4100/3737 3625/4132/3625
f 3610/4126/3610 3626/4096/3626 3613/4124/3613
f 3632/4133/3632 3627/4134/3627 3635/4129/3635
f 3601/4116/3601 3568/4101/3568 3569/4080/3569
f 3636/4113/3636 3768/4112/3768 3637/4135/3637
f 3601/4116/3601 3569/4080/3569 3641/4136/3641
f 3641/4136/3641 3645/4137/3645 3601/4116/3601
f 3799/4138/3799 3637/4135/3637 3596/4139/3596
f 3799/4138/3799 3596/4139/3596 3639/4140/3639
f 3611/4122/3611 3575/4097/3575 3626/4096/3626
f 3612/4125/3612 3739/4115/3739 3624/4127/3624
f 3641/4136/3641 3646/4141/3646 3632/4133/3632
f 3319/4142/3319 3647/4083/3647 3314/4143/3314
f 3627/4134/3627 3646/4141/3646 3569/4080/3569
f 3567/4144/3567 3623/4130/3623 3614/4081/3614
f 3631/4145/3631 3624/4127/3624 3636/4113/3636
f 3585/4146/3585 3594/4147/3594 3637/4135/3637
f 3613/4124/3613 3626/4096/3626 3737/4100/3737
f 3585/4146/3585 3332/4148/3332 3583/4149/3583
f 3799/4138/3799 3638/4150/3638 3631/4145/3631
f 3799/4138/3799 3631/4145/3631 3636/4113/3636
f 3564/4121/3564 3614/4081/3614 3575/4097/3575
f 3624/4127/3624 3739/4115/3739 3636/4113/3636
f 3596/4139/3596 3637/4135/3637 3594/4147/3594
f 3564/4121/3564 3567/4144/3567 3614/4081/3614
f 3619/4151/3619 3772/4152/3772 3561/4153/3561
f 3566/4154/3566 3604/4155/3604 3563/4156/3563
f 3564/4157/3564 3562/4158/3562 3565/4159/3565
f 3565/4159/3565 3562/4158/3562 3561/4153/3561
f 3584/4160/3584 3329/4161/3329 3586/4162/3586
f 3329/4163/3329 3584/4164/3584 3583/4165/3583
f 3586/4162/3586 3329/4161/3329 3333/4166/3333
f 3758/4167/3758 3591/4168/3591 3582/4169/3582
f 3589/4170/3589 3593/4171/3593 3597/4172/3597
f 3588/4173/3588 3595/4174/3595 3594/4175/3594
f 3590/4176/3590 3595/4177/3595 3758/4167/3758
f 3764/4178/3764 3639/4179/3639 3599/4180/3599
f 3596/4181/3596 3599/4180/3599 3639/4179/3639
f 3602/4182/3602 3610/4183/3610 3757/4184/3757
f 3606/4185/3606 3776/4186/3776 3609/4187/3609
f 3621/4188/3621 3775/4189/3775 3772/4190/3772
f 3619/4191/3619 3621/4188/3621 3772/4190/3772
f 3634/4192/3634 3632/4193/3632 3615/4194/3615
f 3797/4195/3797 3630/4196/3630 3632/4193/3632
f 3634/4192/3634 3797/4195/3797 3632/4193/3632
f 3629/4197/3629 3630/4198/3630 3633/4199/3633
f 3630/4196/3630 3797/4195/3797 3634/4192/3634
f 3643/4200/3643 3628/4201/3628 3638/4202/3638
f 3759/4203/3759 3644/4204/3644 3639/4205/3639
f 3642/4206/3642 3640/4207/3640 3798/4208/3798
f 3798/4208/3798 3640/4207/3640 3644/4209/3644
f 3757/4184/3757 3613/4210/3613 3605/4211/3605
f 3602/4212/3602 3609/4213/3609 3608/4214/3608
f 3758/4167/3758 3582/4169/3582 3592/4215/3592
f 3621/4188/3621 3619/4191/3619 3618/4216/3618
f 3565/4159/3565 3561/4153/3561 3772/4152/3772
f 3621/4188/3621 3618/4217/3618 3775/4189/3775
f 3642/4206/3642 3645/4218/3645 3641/4219/3641
f 3628/4220/3628 3640/4207/3640 3642/4206/3642
f 3642/4206/3642 3641/4219/3641 3628/4220/3628
f 3616/4221/3616 3620/4222/3620 3622/4223/3622
f 3759/4224/3759 3764/4225/3764 3598/4226/3598
f 3644/4209/3644 3759/4227/3759 3798/4208/3798
f 3596/4181/3596 3589/4228/3589 3600/4229/3600
f 3601/4230/3601 3598/4226/3598 3597/4231/3597
f 3609/4187/3609 3602/4182/3602 3757/4184/3757
f 3565/4159/3565 3772/4152/3772 3564/4157/3564
f 3619/4232/3619 3559/4233/3559 3618/4234/3618
f 3598/4226/3598 3764/4225/3764 3599/4235/3599
f 3634/4236/3634 3633/4199/3633 3630/4198/3630
f 3586/4162/3586 3333/4166/3333 3592/4237/3592
f 3616/4238/3616 3796/4239/3796 3633/4199/3633
f 3795/4240/3795 3584/4160/3584 3586/4162/3586
f 3606/4185/3606 3609/4187/3609 3757/4184/3757
f 3638/4202/3638 3799/4241/3799 3643/4200/3643
f 3566/4154/3566 3561/4242/3561 3562/4243/3562
f 3559/4244/3559 3561/4242/3561 3566/4154/3566
f 3600/4245/3600 3589/4246/3589 3597/4231/3597
f 3582/4247/3582 3585/4248/3585 3584/4164/3584
f 3757/4184/3757 3605/4211/3605 3606/4185/3606
f 3616/4249/3616 3617/4250/3617 3620/4251/3620
f 3619/4252/3619 3561/4242/3561 3559/4244/3559
f 3607/4253/3607 3611/4254/3611 3608/4214/3608
f 3659/4255/3659 3792/4256/3792 3653/4257/3653
f 3702/4258/3702 3417/4259/3417 3661/4260/3661
f 3419/4261/3419 3661/4260/3661 3417/4259/3417
f 3661/4260/3661 3418/4262/3418 3673/4263/3673
f 3660/4264/3660 3666/4265/3666 3663/4266/3663
f 3652/4267/3652 3674/4268/3674 3701/4269/3701
f 3686/4270/3686 3790/4271/3790 3652/4267/3652
f 3675/4272/3675 3687/4273/3687 3680/4274/3680
f 3702/4258/3702 3661/4260/3661 3686/4270/3686
f 3793/4275/3793 3694/4276/3694 3691/4277/3691
f 3690/4278/3690 3694/4276/3694 3712/4279/3712
f 3701/4269/3701 3761/4280/3761 3723/4281/3723
f 3760/4086/3760 3317/4085/3317 3466/4282/3466
f 3721/4283/3721 3713/4284/3713 3716/4285/3716
f 3723/4281/3723 3732/4286/3732 3721/4283/3721
f 3762/4287/3762 3779/4288/3779 3724/4289/3724
f 3711/4088/3711 3733/4091/3733 3710/4290/3710
f 3728/4291/3728 3723/4281/3723 3761/4280/3761
f 3735/4095/3735 3666/4265/3666 3660/4264/3660
f 3659/4255/3659 3666/4265/3666 3735/4095/3735
f 3673/4263/3673 3576/4292/3576 3689/4293/3689
f 3702/4258/3702 3723/4281/3723 3417/4259/3417
f 3418/4262/3418 3661/4260/3661 3419/4261/3419
f 3678/4294/3678 3687/4273/3687 3792/4256/3792
f 3691/4277/3691 3678/4294/3678 3793/4275/3793
f 3672/4295/3672 3653/4296/3653 3650/4297/3650
f 3760/4086/3760 3466/4282/3466 3773/4298/3773
f 3774/4299/3774 3794/4300/3794 3770/4301/3770
f 3653/4257/3653 3792/4256/3792 3687/4273/3687
f 3732/4286/3732 3725/4302/3725 3721/4283/3721
f 3719/4303/3719 3784/4304/3784 3766/4305/3766
f 3472/4306/3472 3784/4304/3784 3773/4298/3773
f 3792/4256/3792 3577/4307/3577 3711/4088/3711
f 3577/4307/3577 3792/4256/3792 3791/4077/3791
f 3652/4267/3652 3701/4269/3701 3686/4270/3686
f 3651/4308/3651 3654/4309/3654 3656/4310/3656
f 3650/4311/3650 3649/4312/3649 3648/4313/3648
f 3648/4313/3648 3800/4314/3800 3654/4309/3654
f 3650/4315/3650 3653/4316/3653 3655/4317/3655
f 3656/4310/3656 3654/4309/3654 3658/4318/3658
f 3670/4319/3670 3668/4320/3668 3662/4321/3662
f 3667/4322/3667 3665/4323/3665 3663/4324/3663
f 3664/4325/3664 3648/4326/3648 3767/4327/3767
f 3672/4328/3672 3671/4329/3671 3667/4322/3667
f 3669/4330/3669 3670/4331/3670 3665/4323/3665
f 3679/4332/3679 3682/4333/3682 3688/4334/3688
f 3688/4335/3688 3682/4336/3682 3683/4337/3683
f 3680/4338/3680 3685/4339/3685 3681/4340/3681
f 3684/4341/3684 3679/4332/3679 3676/4342/3676
f 3679/4332/3679 3684/4341/3684 3682/4333/3682
f 3681/4340/3681 3685/4339/3685 3677/4343/3677
f 3696/4344/3696 3694/4345/3694 3690/4346/3690
f 3697/4347/3697 3695/4348/3695 3688/4349/3688
f 3699/4350/3699 3697/4347/3697 3693/4351/3693
f 3706/4352/3706 3690/4353/3690 3712/4354/3712
f 3690/4355/3690 3708/4356/3708 3703/4357/3703
f 3704/4358/3704 3705/4359/3705 3724/4360/3724
f 3712/4354/3712 3710/4361/3710 3783/4362/3783
f 3783/4362/3783 3801/4363/3801 3706/4352/3706
f 3716/4364/3716 3713/4365/3713 3467/4366/3467
f 3722/4367/3722 3720/4368/3720 3726/4369/3726
f 3718/4370/3718 3722/4367/3722 3719/4371/3719
f 3718/4372/3718 3719/4373/3719 3713/4374/3713
f 3721/4375/3721 3725/4376/3725 3713/4374/3713
f 3778/4377/3778 3704/4378/3704 3724/4379/3724
f 3729/4380/3729 3728/4381/3728 3707/4382/3707
f 3778/4377/3778 3727/4383/3727 3731/4384/3731
f 3667/4322/3667 3669/4330/3669 3665/4323/3665
f 3663/4324/3663 3666/4385/3666 3667/4322/3667
f 3727/4383/3727 3778/4377/3778 3724/4379/3724
f 3706/4352/3706 3801/4363/3801 3709/4386/3709
f 3685/4339/3685 3683/4337/3683 3684/4387/3684
f 3650/4388/3650 3648/4326/3648 3664/4325/3664
f 3679/4332/3679 3701/4389/3701 3674/4390/3674
f 3708/4356/3708 3709/4391/3709 3761/4392/3761
f 3699/4350/3699 3700/4393/3700 3692/4394/3692
f 3653/4316/3653 3687/4395/3687 3675/4396/3675
f 3730/4397/3730 3729/4380/3729 3731/4398/3731
f 3649/4399/3649 3650/4315/3650 3655/4317/3655
f 3779/4400/3779 3726/4401/3726 3727/4383/3727
f 3663/4402/3663 3670/4319/3670 3662/4321/3662
f 3725/4403/3725 3729/4380/3729 3730/4397/3730
f 3728/4381/3728 3729/4380/3729 3725/4403/3725
f 3663/4324/3663 3665/4323/3665 3670/4331/3670
f 3800/4314/3800 3658/4318/3658 3654/4309/3654
f 3697/4347/3697 3692/4394/3692 3695/4348/3695
f 3688/4335/3688 3683/4337/3683 3691/4404/3691
f 3724/4360/3724 3783/4362/3783 3710/4361/3710
f 3670/4319/3670 3777/4405/3777 3668/4320/3668
f 3688/4334/3688 3701/4389/3701 3679/4332/3679
f 3767/4327/3767 3781/4406/3781 3777/4405/3777
f 3726/4407/3726 3720/4408/3720 3725/4376/3725
f 3648/4313/3648 3654/4309/3654 3652/4409/3652
f 3667/4322/3667 3666/4385/3666 3672/4328/3672
f 3649/4399/3649 3657/4410/3657 3658/4411/3658
f 3718/4372/3718 3720/4408/3720 3771/4412/3771
f 3625/4132/3625 3741/4413/3741 3612/4125/3612
f 3740/4414/3740 3625/4132/3625 3647/4083/3647
f 3320/4415/3320 3738/4416/3738 3504/4417/3504
f 3509/4050/3509 3780/4418/3780 3505/4419/3505
f 3780/4418/3780 3507/4053/3507 3505/4419/3505
f 3780/4418/3780 3742/4420/3742 3743/4421/3743
f 3744/4422/3744 3780/4418/3780 3743/4421/3743
f 3744/4422/3744 3752/4423/3752 3520/4054/3520
f 3751/4424/3751 3749/4425/3749 3748/4426/3748
f 3750/4427/3750 3745/4428/3745 3751/4424/3751
f 3749/4425/3749 3744/4422/3744 3743/4421/3743
f 3744/4422/3744 3507/4053/3507 3780/4418/3780
f 3744/4422/3744 3749/4425/3749 3752/4423/3752
f 3751/4424/3751 3741/4429/3741 3749/4425/3749
f 3612/4125/3612 3741/4413/3741 3739/4115/3739
f 3742/4420/3742 3780/4418/3780 3516/4064/3516
f 3751/4424/3751 3748/4426/3748 3750/4427/3750
f 3745/4428/3745 3738/4416/3738 3751/4424/3751
f 3746/4430/3746 3557/4069/3557 3763/4431/3763
f 3747/4432/3747 3504/4417/3504 3745/4428/3745
f 3315/3728/3315 3319/5258/3319 3314/5259/3314
f 1752/3723/1752 3318/3722/3318 3326/5262/3326
f 3782/5263/3782 3527/3730/3527 3530/5264/3530
f 2330/3719/2330 3324/3704/3324 3312/5265/3312
f 3459/3718/3459 1752/3723/1752 3323/3716/3323
f 3499/3715/3499 3500/3708/3500 3316/3711/3316
f 3405/3714/3405 3501/3709/3501 3500/3708/3500
f 3529/3706/3529 3542/3729/3542 3525/3707/3525
f 3556/3705/3556 3527/3730/3527 3782/5263/3782
f 3326/5262/3326 3317/3919/3317 3570/5266/3570
f 3324/3704/3324 3382/3703/3382 3323/3716/3323
f 3527/3730/3527 3553/3731/3553 3530/5264/3530
f 3325/3712/3325 3382/3703/3382 3535/3713/3535
f 3326/5262/3326 3318/3722/3318 3317/3919/3317
f 3787/5267/3787 3529/3706/3529 3556/3705/3556
f 3537/3710/3537 3501/3709/3501 3502/3727/3502
f 3314/5259/3314 3553/3731/3553 3315/3728/3315
f 3542/3729/3542 3529/3706/3529 3501/3709/3501
f 3327/3725/3327 3325/3712/3325 3316/3711/3316
f 3529/3706/3529 3787/5267/3787 3756/3732/3756
f 3323/3716/3323 3312/5265/3312 3324/3704/3324
f 3325/3712/3325 3327/3725/3327 3538/3734/3538
f 3500/3708/3500 3537/3710/3537 3554/3724/3554
f 3312/5265/3312 3323/3716/3323 1752/5268/1752
f 3299/5269/3299 3371/3763/3371 3306/3766/3306
f 3320/5270/3320 3321/3742/3321 3768/3741/3768
f 3322/3773/3322 3372/3739/3372 3379/3736/3379
f 3321/3742/3321 3322/3773/3322 3339/3740/3339
f 3768/3741/3768 3331/3747/3331 3332/5271/3332
f 3337/5272/3337 3338/3743/3338 3328/3733/3328
f 3331/3747/3331 3339/3740/3339 3349/3772/3349
f 3400/3760/3400 3349/3772/3349 3339/3740/3339
f 3345/5273/3345 3349/3772/3349 3352/5274/3352
f 3381/3752/3381 3363/3769/3363 3360/3753/3360
f 3372/3739/3372 3512/3757/3512 3381/3752/3381
f 3380/3764/3380 3535/3713/3535 3382/3703/3382
f 3387/5275/3387 3388/3761/3388 3377/3767/3377
f 3356/3748/3356 3401/3770/3401 3313/3702/3313
f 3401/3770/3401 3356/3748/3356 3353/5276/3353
f 3394/3759/3394 3401/3770/3401 3389/5277/3389
f 3311/3721/3311 3328/3733/3328 3338/3743/3338
f 3539/3758/3539 3382/3703/3382 3394/3759/3394
f 3301/5278/3301 3377/3767/3377 3304/3735/3304
f 3306/3766/3306 3371/3763/3371 3316/3711/3316
f 3379/3736/3379 3304/3735/3304 3377/3767/3377
f 3376/3756/3376 3539/3758/3539 3395/3754/3395
f 3395/3754/3395 3394/3759/3394 3389/5277/3389
f 3400/3760/3400 3339/3740/3339 3388/3761/3388
f 3299/5279/3299 3308/3778/3308 3300/3862/3300
f 3382/3703/3382 3539/3758/3539 3376/3756/3376
f 3363/3769/3363 3381/3752/3381 3499/3715/3499
f 3309/3751/3309 3306/3766/3306 3316/3711/3316
f 3308/3778/3308 3302/5280/3302 3307/3861/3307
f 3302/3843/3302 3301/3857/3301 3305/3844/3305
f 3303/3777/3303 3373/5281/3373 3302/5280/3302
f 3303/3777/3303 3306/3779/3306 3373/5281/3373
f 3358/5282/3358 3351/3879/3351 3354/3878/3354
f 3329/5283/3329 3336/5284/3336 3335/3781/3335
f 3331/5285/3331 3343/3873/3343 3334/5286/3334
f 3334/5286/3334 3583/3850/3583 3332/5287/3332
f 3336/3848/3336 3583/3850/3583 3334/5286/3334
f 3541/3856/3541 3335/3781/3335 3336/5284/3336
f 3343/5288/3343 3346/3793/3346 3341/3791/3341
f 3330/3790/3330 3344/3789/3344 3350/3875/3350
f 3353/5289/3353 3356/3796/3356 3357/3795/3357
f 3357/3795/3357 3354/5290/3354 3353/5289/3353
f 3378/3815/3378 3375/5291/3375 3374/3841/3374
f 3355/3797/3355 3358/5292/3358 3357/3795/3357
f 3354/5290/3354 3357/3795/3357 3358/5292/3358
f 3360/3806/3360 3365/3805/3365 3531/3811/3531
f 3363/3809/3363 3361/5293/3361 3370/3807/3370
f 3362/3798/3362 3299/3800/3299 3364/3854/3364
f 3361/5293/3361 3371/3799/3371 3368/3810/3368
f 3531/3811/3531 3367/3801/3367 3366/3847/3366
f 3549/5294/3549 3531/3811/3531 3365/3805/3365
f 3549/3839/3549 3369/3840/3369 3362/3798/3362
f 3301/5295/3301 3373/5296/3373 3533/3842/3533
f 3533/3842/3533 3373/5296/3373 3378/3815/3378
f 3387/5297/3387 3393/3819/3393 3385/5298/3385
f 3383/3822/3383 3390/3821/3390 3386/3845/3386
f 3390/3821/3390 3388/3823/3388 3387/5299/3387
f 3391/3824/3391 3389/3884/3389 3544/3860/3544
f 3391/3824/3391 3395/3818/3395 3389/3884/3389
f 3544/3860/3544 3392/3825/3392 3391/3824/3391
f 3386/3845/3386 3385/5300/3385 3393/5301/3393
f 3544/3860/3544 3386/3859/3386 3393/3819/3393
f 3403/3835/3403 3401/5302/3401 3353/3881/3353
f 3389/3828/3389 3401/5302/3401 3403/3835/3403
f 3399/3826/3399 3396/5303/3396 3397/3827/3397
f 3398/3880/3398 3547/3836/3547 3403/3835/3403
f 3404/3834/3404 3402/3855/3402 3396/3830/3396
f 3404/3837/3404 3547/3836/3547 3398/3880/3398
f 3547/3836/3547 3396/3838/3396 3399/3826/3399
f 3396/3830/3396 3402/3855/3402 3383/3831/3383
f 3364/3802/3364 3531/3811/3531 3549/5294/3549
f 3344/3789/3344 3347/3792/3347 3342/3876/3342
f 3341/3791/3341 3346/3793/3346 3344/3789/3344
f 3351/3833/3351 3400/3871/3400 3402/3855/3402
f 3329/5283/3329 3335/3781/3335 3333/3870/3333
f 3376/3816/3376 3378/3815/3378 3373/5296/3373
f 3375/3853/3375 3387/3852/3387 3377/3813/3377
f 3377/3813/3377 3374/3812/3374 3375/3853/3375
f 3340/3883/3340 3350/3875/3350 3342/3876/3342
f 3364/3802/3364 3299/5304/3299 3359/3803/3359
f 3393/3819/3393 3392/3825/3392 3544/3860/3544
f 3307/3775/3307 3305/3844/3305 3304/3776/3304
f 3300/3862/3300 3359/5305/3359 3299/5279/3299
f 3334/5286/3334 3332/5287/3332 3331/5285/3331
f 3390/3821/3390 3385/5300/3385 3386/3845/3386
f 3550/3886/3550 3378/3815/3378 3384/3817/3384
f 3349/3887/3349 3358/5282/3358 3355/3867/3355
f 3370/5306/3370 3549/5294/3549 3365/3805/3365
f 3345/3784/3345 3346/3864/3346 3343/3788/3343
f 3385/5300/3385 3390/3821/3390 3387/5299/3387
f 3359/3803/3359 3366/3847/3366 3367/3801/3367
f 3301/5307/3301 3302/5280/3302 3373/5281/3373
f 3343/3873/3343 3336/3848/3336 3334/5286/3334
f 3398/3880/3398 3353/3881/3353 3351/5308/3351
f 3421/5309/3421 3432/3890/3432 3426/3897/3426
f 3391/3824/3391 3393/3819/3393 3395/3818/3395
f 3368/3810/3368 3370/3807/3370 3361/5293/3361
f 3362/3798/3362 3369/3840/3369 3368/3810/3368
f 3576/3888/3576 3502/3727/3502 3526/3933/3526
f 3327/3725/3327 3554/3724/3554 3538/3734/3538
f 3419/3894/3419 3460/3893/3460 3432/3890/3432
f 3429/3955/3429 3546/5310/3546 3430/5311/3430
f 3416/3899/3416 3426/3897/3426 3460/3893/3460
f 3502/3727/3502 3432/3890/3432 3445/3932/3445
f 3446/3717/3446 3457/3905/3457 3459/3718/3459
f 3473/3935/3473 3714/3934/3714 3471/5312/3471
f 3472/3918/3472 3474/3914/3474 3766/5313/3766
f 3480/3921/3480 3477/3915/3477 3317/3919/3317
f 3478/3925/3478 3458/3892/3458 3417/3891/3417
f 3484/3916/3484 3470/5314/3470 3474/3914/3474
f 3478/3925/3478 3497/3924/3497 3496/3928/3496
f 3492/3923/3492 3488/3920/3488 3498/3927/3498
f 3498/3927/3498 3488/3920/3488 3318/3722/3318
f 3459/3718/3459 3465/3909/3465 3498/3927/3498
f 3496/3928/3496 3464/3908/3464 3458/3892/3458
f 3417/3891/3417 3479/3912/3479 3478/3925/3478
f 3477/3915/3477 3480/3921/3480 3484/3916/3484
f 3416/3899/3416 3460/3893/3460 3458/3892/3458
f 3496/3928/3496 3458/3892/3458 3478/3925/3478
f 3436/3900/3436 3452/3939/3452 3443/3901/3443
f 3452/3939/3452 3457/3905/3457 3443/3901/3443
f 3317/3919/3317 3477/3915/3477 3466/3917/3466
f 3538/3734/3538 3415/3904/3415 3444/3903/3444
f 3538/3734/3538 3554/3724/3554 3415/3904/3415
f 3422/3930/3422 3554/3724/3554 3445/3932/3445
f 3576/3888/3576 3432/3890/3432 3502/3727/3502
f 3419/3894/3419 3417/3891/3417 3460/3893/3460
f 3421/5309/3421 3422/3930/3422 3445/3932/3445
f 3492/3923/3492 3498/3927/3498 3490/5315/3490
f 3485/3911/3485 3478/3925/3478 3479/3912/3479
f 3490/5315/3490 3498/3927/3498 3465/3909/3465
f 3554/3724/3554 3537/3710/3537 3445/3932/3445
f 3446/3717/3446 3538/3734/3538 3444/3903/3444
f 3411/3941/3411 3407/3946/3407 3406/3945/3406
f 3412/3951/3412 3420/3950/3420 3409/5316/3409
f 3421/5317/3421 3426/3964/3426 3543/3963/3543
f 3427/3956/3427 3420/5318/3420 3431/5319/3431
f 3430/5311/3430 3427/3956/3427 3429/3955/3429
f 3430/5311/3430 3546/5310/3546 3423/5320/3423
f 3449/3975/3449 3451/5321/3451 3436/5322/3436
f 3439/3971/3439 3437/4043/3437 3434/4028/3434
f 3434/4028/3434 3440/5323/3440 3435/3972/3435
f 3436/4044/3436 3442/4042/3442 3449/5324/3449
f 3441/5325/3441 3449/5324/3449 3442/4042/3442
f 3438/3966/3438 3416/4030/3416 3449/3967/3449
f 3451/3977/3451 3454/3979/3454 3452/3978/3452
f 3448/5326/3448 3447/3981/3447 3456/3980/3456
f 3450/5327/3450 3448/5326/3448 3456/3980/3456
f 3450/4033/3450 3455/4032/3455 3453/3973/3453
f 3454/3979/3454 3447/3981/3447 3452/3978/3452
f 3462/3985/3462 3463/5328/3463 3532/3986/3532
f 3447/3994/3447 3558/3991/3558 3465/3992/3465
f 3470/4039/3470 3468/5329/3468 3475/4025/3475
f 3766/4026/3766 3475/4025/3475 3471/5330/3471
f 3475/4025/3475 3476/5331/3476 3469/5332/3469
f 3475/4025/3475 3468/5329/3468 3476/5331/3476
f 3481/4041/3481 3487/4008/3487 3483/4010/3483
f 3491/4004/3491 3486/4003/3486 3492/5333/3492
f 3481/4041/3481 3482/4009/3482 3487/4008/3487
f 3481/4015/3481 3540/5334/3540 3494/4016/3494
f 3496/4017/3496 3497/5335/3497 3481/4015/3481
f 3495/5336/3495 3534/5337/3534 3494/4016/3494
f 3532/3986/3532 3555/5338/3555 3461/3988/3461
f 3447/3994/3447 3461/5339/3461 3555/3993/3555
f 3430/5311/3430 3420/5318/3420 3427/3956/3427
f 3412/3951/3412 3409/5316/3409 3413/3952/3413
f 3551/5340/3551 3440/3968/3440 3441/3965/3441
f 3426/3964/3426 3406/3961/3406 3428/3960/3428
f 3425/5341/3425 3427/3956/3427 3431/5319/3431
f 3469/3996/3469 3476/4000/3476 3473/3997/3473
f 3421/5317/3421 3424/4037/3424 3422/5342/3422
f 3451/5321/3451 3536/3974/3536 3455/4032/3455
f 3540/4018/3540 3491/4024/3491 3493/4013/3493
f 3484/5343/3484 3492/5333/3492 3486/4003/3486
f 3434/3948/3434 3431/3947/3431 3412/3951/3412
f 3540/5334/3540 3495/5336/3495 3494/4016/3494
f 3441/3965/3441 3442/5344/3442 3551/5340/3551
f 3492/4023/3492 3490/4014/3490 3493/4013/3493
f 3453/3973/3453 3455/4032/3455 3536/3974/3536
f 3410/4029/3410 3433/3942/3433 3411/3941/3411
f 3462/4012/3462 3534/4020/3534 3493/4013/3493
f 3540/4018/3540 3481/5345/3481 3491/4024/3491
f 3482/3998/3482 3468/4001/3468 3470/5346/3470
f 3469/5332/3469 3471/5330/3471 3475/4025/3475
f 3320/4415/3320 3518/4046/3518 3503/4048/3503
f 3486/4003/3486 3545/5347/3545 3487/4005/3487
f 3412/3951/3412 3408/3954/3408 3434/3948/3434
f 3484/5343/3484 3486/4003/3486 3470/4006/3470
f 3435/3972/3435 3440/5348/3440 3551/3970/3551
f 3494/4016/3494 3534/5337/3534 3462/4036/3462
f 3476/4000/3476 3482/3998/3482 3473/3997/3473
f 3448/5349/3448 3450/4033/3450 3453/3973/3453
f 3428/3960/3428 3546/3962/3546 3426/3964/3426
f 3425/5341/3425 3422/3957/3422 3427/3956/3427
f 3545/5347/3545 3486/4003/3486 3483/4002/3483
f 3414/4034/3414 3548/3940/3548 3409/3943/3409
f 3442/4042/3442 3436/4044/3436 3439/3971/3439
f 3463/3982/3463 3490/3984/3490 3558/3991/3558
f 3546/3962/3546 3428/3960/3428 3423/3959/3423
f 3409/5316/3409 3548/3953/3548 3413/3952/3413
f 3548/3940/3548 3433/3942/3433 3408/5350/3408
f 3482/4009/3482 3481/4041/3481 3485/5351/3485
f 3448/3990/3448 3464/3987/3464 3461/3988/3461
f 3511/4055/3511 3512/4060/3512 3322/5352/3322
f 3754/4082/3754 3755/4073/3755 3782/4106/3782
f 3507/4053/3507 3510/4052/3510 3506/4051/3506
f 3506/4051/3506 3505/4419/3505 3507/4053/3507
f 3511/4055/3511 3552/4058/3552 3521/4062/3521
f 3523/4070/3523 3552/4058/3552 3513/4047/3513
f 3322/5352/3322 3321/4065/3321 3511/4055/3511
f 3520/4054/3520 3319/4063/3319 3522/4061/3522
f 3503/4048/3503 3321/4065/3321 3320/4415/3320
f 3552/4058/3552 3517/4066/3517 3514/4056/3514
f 3506/4051/3506 3509/4050/3509 3505/4419/3505
f 3514/4056/3514 3508/4049/3508 3506/4051/3506
f 3517/4066/3517 3552/4058/3552 3523/4070/3523
f 3517/4066/3517 3519/4067/3519 3508/4049/3508
f 3508/4049/3508 3519/4067/3519 3516/4064/3516
f 3518/4046/3518 3557/4069/3557 3513/4047/3513
f 3519/4067/3519 3517/4066/3517 3524/4068/3524
f 3523/4070/3523 3513/4047/3513 3524/4068/3524
f 3524/4068/3524 3513/4047/3513 3557/4069/3557
f 3504/4417/3504 3557/4069/3557 3518/4046/3518
f 3310/5353/3310 3568/4101/3568 3328/5354/3328
f 3571/4090/3571 3570/4087/3570 3760/4086/3760
f 3580/4078/3580 3791/4077/3791 3575/4097/3575
f 3580/4078/3580 3575/4097/3575 3614/4081/3614
f 3576/4292/3576 3526/4093/3526 3736/4092/3736
f 3310/5353/3310 2330/4103/2330 3579/4102/3579
f 3791/4077/3791 3735/4095/3735 3734/4075/3734
f 3791/4077/3791 3573/4079/3573 3577/4307/3577
f 3753/4074/3753 3574/4084/3574 3737/4100/3737
f 3736/4092/3736 3581/4094/3581 3753/4074/3753
f 3572/5355/3572 3579/4102/3579 130/5356/130
f 3526/4093/3526 3528/4099/3528 3581/4094/3581
f 3756/4071/3756 3787/4108/3787 3786/4072/3786
f 3711/4088/3711 3573/4079/3573 3572/4089/3572
f 3568/4101/3568 3310/5353/3310 3579/4102/3579
f 3627/4134/3627 3569/4080/3569 3614/4081/3614
f 3760/4086/3760 3733/4091/3733 3571/4090/3571
f 3573/4079/3573 3711/4088/3711 3577/4307/3577
f 3736/4092/3736 3753/4074/3753 3788/4076/3788
f 3754/4082/3754 3553/4105/3553 3314/4143/3314
f 3314/4143/3314 3647/4083/3647 3754/4082/3754
f 3734/4075/3734 3753/4074/3753 3737/4100/3737
f 3609/4213/3609 3607/4253/3607 3608/4214/3608
f 3563/4111/3563 3603/4110/3603 3624/4127/3624
f 3647/4083/3647 3625/4132/3625 3574/4084/3574
f 3332/4148/3332 3637/4135/3637 3768/4112/3768
f 3338/5357/3338 3337/5358/3337 3587/5359/3587
f 3588/5360/3588 3594/4147/3594 3585/4146/3585
f 3592/5361/3592 3587/5359/3587 3593/4119/3593
f 3789/4117/3789 3587/5359/3587 3337/5358/3337
f 3601/4116/3601 3593/4119/3593 3789/4117/3789
f 3623/4130/3623 3564/4121/3564 3772/5362/3772
f 3737/4100/3737 3612/4125/3612 3613/4124/3613
f 3627/4134/3627 3632/4133/3632 3646/4141/3646
f 3637/4135/3637 3799/4138/3799 3636/4113/3636
f 3641/4136/3641 3569/4080/3569 3646/4141/3646
f 3737/4100/3737 3574/4084/3574 3625/4132/3625
f 3564/4121/3564 3623/4130/3623 3567/4144/3567
f 3587/5359/3587 3789/4117/3789 3593/4119/3593
f 3628/5363/3628 3641/4136/3641 3632/4133/3632
f 3333/5364/3333 3338/5357/3338 3587/5359/3587
f 3635/4129/3635 3615/4128/3615 3632/4133/3632
f 3568/4101/3568 3789/4117/3789 3337/5358/3337
f 3592/5361/3592 3333/5364/3333 3587/5359/3587
f 3332/4148/3332 3585/4146/3585 3637/4135/3637
f 3635/4129/3635 3627/4134/3627 3614/4081/3614
f 3611/4122/3611 3564/4121/3564 3575/4097/3575
f 3768/4112/3768 3578/4114/3578 3320/5365/3320
f 3622/4131/3622 3559/5366/3559 3563/4111/3563
f 3616/5367/3616 3622/4131/3622 3631/4145/3631
f 3589/5368/3589 3596/4139/3596 3594/4147/3594
f 3631/4145/3631 3622/4131/3622 3624/4127/3624
f 3337/5358/3337 3328/5354/3328 3568/4101/3568
f 3582/5369/3582 3586/4162/3586 3592/4237/3592
f 3582/5369/3582 3795/4240/3795 3586/4162/3586
f 3585/4248/3585 3583/4165/3583 3584/4164/3584
f 3595/4174/3595 3590/5370/3590 3589/5371/3589
f 3589/4170/3589 3590/4176/3590 3593/4171/3593
f 3592/4215/3592 3593/4171/3593 3758/4167/3758
f 3591/4168/3591 3758/4167/3758 3595/4177/3595
f 3758/4167/3758 3593/4171/3593 3590/4176/3590
f 3645/5372/3645 3759/4224/3759 3598/4226/3598
f 3645/5372/3645 3598/4226/3598 3601/4230/3601
f 3600/4245/3600 3597/4231/3597 3598/4226/3598
f 3602/4212/3602 3608/4214/3608 3785/5373/3785
f 3610/4183/3610 3613/5374/3613 3757/4184/3757
f 3604/5375/3604 3776/4186/3776 3606/4185/3606
f 3605/4211/3605 3613/4210/3613 3603/5376/3603
f 3611/4254/3611 3776/5377/3776 3560/5378/3560
f 3620/4251/3620 3775/4189/3775 3618/4217/3618
f 3559/4233/3559 3622/4223/3622 3618/4234/3618
f 3775/4189/3775 3623/5379/3623 3772/4190/3772
f 3616/4249/3616 3615/5380/3615 3617/4250/3617
f 3623/5379/3623 3775/4189/3775 3615/5380/3615
f 3628/5381/3628 3629/4197/3629 3638/5382/3638
f 3629/4197/3629 3796/4239/3796 3638/5382/3638
f 3796/4239/3796 3616/4238/3616 3631/5383/3631
f 3796/4239/3796 3631/5383/3631 3638/5382/3638
f 3759/4227/3759 3645/4218/3645 3642/4206/3642
f 3628/4220/3628 3643/5384/3643 3640/4207/3640
f 3640/5385/3640 3643/4200/3643 3644/4204/3644
f 3594/4175/3594 3595/4174/3595 3589/5371/3589
f 3602/4212/3602 3785/5373/3785 3610/5386/3610
f 3799/4241/3799 3639/4205/3639 3644/4204/3644
f 3644/4204/3644 3643/4200/3643 3799/4241/3799
f 3596/4181/3596 3600/4229/3600 3599/4180/3599
f 3620/4222/3620 3618/4234/3618 3622/4223/3622
f 3566/5387/3566 3560/5388/3560 3604/5389/3604
f 3633/4199/3633 3634/5390/3634 3616/4238/3616
f 3604/5375/3604 3560/5391/3560 3776/4186/3776
f 3611/4254/3611 3607/4253/3607 3776/5377/3776
f 3764/4225/3764 3759/4224/3759 3639/5392/3639
f 3605/4211/3605 3604/5375/3604 3606/4185/3606
f 3585/4248/3585 3582/4247/3582 3588/5393/3588
f 3629/4197/3629 3633/4199/3633 3796/4239/3796
f 3564/4157/3564 3560/5388/3560 3562/4158/3562
f 3588/4173/3588 3591/5394/3591 3595/4174/3595
f 3617/4250/3617 3615/5380/3615 3775/4189/3775
f 3559/4244/3559 3566/4154/3566 3563/4156/3563
f 3785/5373/3785 3608/4214/3608 3611/4254/3611
f 3584/4164/3584 3795/5395/3795 3582/4247/3582
f 3798/4208/3798 3759/4227/3759 3642/4206/3642
f 3630/4196/3630 3628/5396/3628 3632/4193/3632
f 3599/4235/3599 3600/4245/3600 3598/4226/3598
f 3634/4192/3634 3615/4194/3615 3616/5397/3616
f 3588/4173/3588 3582/5398/3582 3591/5394/3591
f 3788/4076/3788 3689/4293/3689 3736/4092/3736
f 3659/4255/3659 3735/4095/3735 3791/4077/3791
f 3774/4299/3774 3733/4091/3733 3760/4086/3760
f 3673/4263/3673 3686/4270/3686 3661/4260/3661
f 3689/4293/3689 3662/5399/3662 3781/5400/3781
f 3673/4263/3673 3781/5400/3781 3790/4271/3790
f 3660/4264/3660 3663/4266/3663 3689/4293/3689
f 3793/4275/3793 3712/4279/3712 3694/4276/3694
f 3793/4275/3793 3711/4088/3711 3712/4279/3712
f 3793/4275/3793 3678/4294/3678 3792/4256/3792
f 3701/4269/3701 3688/5401/3688 3761/4280/3761
f 3711/4088/3711 3710/4290/3710 3712/4279/3712
f 3766/4305/3766 3784/4304/3784 3472/4306/3472
f 3479/5402/3479 3723/4281/3723 3716/4285/3716
f 3472/4306/3472 3773/4298/3773 3466/4282/3466
f 3794/4300/3794 3726/5403/3726 3770/4301/3770
f 3760/4086/3760 3773/4298/3773 3774/4299/3774
f 3723/4281/3723 3479/5402/3479 3417/4259/3417
f 3784/4304/3784 3794/4300/3794 3774/4299/3774
f 3779/4288/3779 3762/4287/3762 3770/4301/3770
f 3762/4287/3762 3724/4289/3724 3733/4091/3733
f 3728/4291/3728 3732/4286/3732 3723/4281/3723
f 3686/4270/3686 3673/4263/3673 3790/4271/3790
f 3680/4274/3680 3687/4273/3687 3678/4294/3678
f 3659/4255/3659 3791/4077/3791 3792/4256/3792
f 3671/4329/3671 3650/5404/3650 3664/5405/3664
f 3793/4275/3793 3792/4256/3792 3711/4088/3711
f 3659/4255/3659 3672/4295/3672 3666/4265/3666
f 3701/4269/3701 3702/4258/3702 3686/4270/3686
f 3689/4293/3689 3663/4266/3663 3662/5399/3662
f 3702/4258/3702 3701/4269/3701 3723/4281/3723
f 3648/5406/3648 3652/4267/3652 3790/4271/3790
f 3672/4295/3672 3659/4255/3659 3653/4257/3653
f 3716/4285/3716 3723/4281/3723 3721/4283/3721
f 3761/4280/3761 3707/5407/3707 3728/4291/3728
f 3710/4290/3710 3733/4091/3733 3724/4289/3724
f 3781/5400/3781 3673/4263/3673 3689/4293/3689
f 3784/4304/3784 3774/4299/3774 3773/4298/3773
f 3418/4262/3418 3576/4292/3576 3673/4263/3673
f 3736/4092/3736 3689/4293/3689 3576/4292/3576
f 3467/5408/3467 3479/5402/3479 3716/4285/3716
f 3660/4264/3660 3788/4076/3788 3735/4095/3735
f 3770/4301/3770 3726/5403/3726 3779/4288/3779
f 3770/4301/3770 3762/4287/3762 3733/4091/3733
f 3674/5409/3674 3652/4409/3652 3654/4309/3654
f 3675/4396/3675 3651/5410/3651 3657/4410/3657
f 3648/4313/3648 3649/4312/3649 3800/4314/3800
f 3675/5411/3675 3674/5409/3674 3651/4308/3651
f 3655/4317/3655 3653/4316/3653 3675/4396/3675
f 3651/5410/3651 3658/4411/3658 3657/4410/3657
f 3669/4330/3669 3664/5405/3664 3777/5412/3777
f 3668/4320/3668 3781/4406/3781 3662/4321/3662
f 3668/4320/3668 3777/4405/3777 3781/4406/3781
f 3669/4330/3669 3667/4322/3667 3671/4329/3671
f 3704/5413/3704 3709/4391/3709 3705/5414/3705
f 3669/4330/3669 3777/5412/3777 3670/4331/3670
f 3675/5415/3675 3680/4338/3680 3681/4340/3681
f 3677/4343/3677 3676/5416/3676 3675/5415/3675
f 3678/5417/3678 3691/4404/3691 3680/4338/3680
f 3674/4390/3674 3676/4342/3676 3679/4332/3679
f 3684/4341/3684 3683/5418/3683 3682/4333/3682
f 3685/4339/3685 3684/4387/3684 3677/4343/3677
f 3688/4349/3688 3693/4351/3693 3697/4347/3697
f 3691/5419/3691 3694/4345/3694 3696/4344/3696
f 3700/5420/3700 3698/5421/3698 3696/4344/3696
f 3699/4350/3699 3692/4394/3692 3697/4347/3697
f 3699/5422/3699 3698/5421/3698 3700/5420/3700
f 3724/4360/3724 3705/4359/3705 3783/4362/3783
f 3713/4374/3713 3720/4408/3720 3718/4372/3718
f 3706/4352/3706 3708/5423/3708 3690/4353/3690
f 3712/4354/3712 3783/4362/3783 3706/4352/3706
f 3709/4391/3709 3708/4356/3708 3706/5424/3706
f 3717/5425/3717 3719/5426/3719 3769/5427/3769
f 3471/5428/3471 3714/5429/3714 3715/5430/3715
f 3719/5426/3719 3766/5431/3766 3769/5427/3769
f 3713/4365/3713 3717/5432/3717 3765/5433/3765
f 3714/5429/3714 3467/4366/3467 3713/4365/3713
f 3722/4367/3722 3726/4369/3726 3784/5434/3784
f 3692/5435/3692 3690/4346/3690 3703/5436/3703
f 3729/4380/3729 3707/4382/3707 3704/5437/3704
f 3728/4381/3728 3725/4403/3725 3732/5438/3732
f 3727/4383/3727 3724/4379/3724 3779/4400/3779
f 3675/4396/3675 3657/4410/3657 3655/4317/3655
f 3696/4344/3696 3690/4346/3690 3700/5420/3700
f 3715/5430/3715 3714/5429/3714 3765/5433/3765
f 3693/4351/3693 3688/4349/3688 3691/5439/3691
f 3715/5440/3715 3769/5427/3769 3471/5441/3471
f 3699/5422/3699 3693/5442/3693 3698/5421/3698
f 3655/4317/3655 3657/4410/3657 3649/4399/3649
f 3725/4403/3725 3730/4397/3730 3726/5443/3726
f 3684/4341/3684 3676/4342/3676 3677/5444/3677
f 3695/4348/3695 3703/5445/3703 3761/5446/3761
f 3790/5447/3790 3781/4406/3781 3767/4327/3767
f 3677/4343/3677 3675/5415/3675 3681/4340/3681
f 3727/4383/3727 3730/5448/3730 3731/4384/3731
f 3698/5421/3698 3691/5419/3691 3696/4344/3696
f 3648/4326/3648 3790/5447/3790 3767/4327/3767
f 3709/4391/3709 3707/5449/3707 3761/4392/3761
f 3709/4386/3709 3801/4363/3801 3705/4359/3705
f 3715/5440/3715 3765/5450/3765 3769/5427/3769
f 3800/4314/3800 3649/4312/3649 3658/4318/3658
f 3765/5450/3765 3717/5425/3717 3769/5427/3769
f 3651/4308/3651 3674/5409/3674 3654/4309/3654
f 3718/4370/3718 3771/5451/3771 3722/4367/3722
f 3719/4371/3719 3722/4367/3722 3784/5434/3784
f 3741/4429/3741 3752/4423/3752 3749/4425/3749
f 3675/5452/3675 3676/4342/3676 3674/4390/3674
f 3713/5453/3713 3719/5426/3719 3717/5425/3717
f 3704/5437/3704 3778/5454/3778 3729/4380/3729
f 3714/5429/3714 3713/4365/3713 3765/5433/3765
f 3695/4348/3695 3692/4394/3692 3703/5445/3703
f 3769/5427/3769 3766/5431/3766 3471/5441/3471
f 3771/5451/3771 3720/4368/3720 3722/4367/3722
f 3680/4338/3680 3691/4404/3691 3683/4337/3683
f 3680/4338/3680 3683/4337/3683 3685/4339/3685
f 3731/4398/3731 3729/4380/3729 3778/5454/3778
f 3783/4362/3783 3705/4359/3705 3801/4363/3801
f 3664/4325/3664 3767/4327/3767 3777/4405/3777
f 3695/4348/3695 3761/5446/3761 3688/4349/3688
f 3658/4318/3658 3651/4308/3651 3656/4310/3656
f 3761/4392/3761 3703/4357/3703 3708/4356/3708
f 3319/4142/3319 3740/4414/3740 3647/4083/3647
f 3578/5455/3578 3741/4429/3741 3751/4424/3751
f 3740/5456/3740 3752/4423/3752 3625/5457/3625
f 3780/4418/3780 3509/4050/3509 3516/4064/3516
f 3520/4054/3520 3752/4423/3752 3740/5456/3740
f 3739/5458/3739 3741/4429/3741 3578/5455/3578
f 3750/4427/3750 3748/4426/3748 3742/4420/3742
f 3740/5456/3740 3319/4063/3319 3520/4054/3520
f 3745/4428/3745 3504/4417/3504 3738/4416/3738
f 3743/4421/3743 3742/4420/3742 3748/4426/3748
f 3578/5455/3578 3751/4424/3751 3738/4416/3738
f 3747/4432/3747 3750/4427/3750 3763/4431/3763
f 3744/4422/3744 3520/4054/3520 3507/4053/3507
f 3748/4426/3748 3749/4425/3749 3743/4421/3743
f 3578/5455/3578 3738/4416/3738 3320/4415/3320
f 3516/4064/3516 3746/4430/3746 3742/4420/3742
f 3747/4432/3747 3557/4069/3557 3504/4417/3504
f 3516/4064/3516 3519/4067/3519 3746/4430/3746
f 3742/4420/3742 3746/4430/3746 3763/4431/3763
f 3519/4067/3519 3557/4069/3557 3746/4430/3746
f 3763/4431/3763 3750/4427/3750 3742/4420/3742
f 3557/4069/3557 3747/4432/3747 3763/4431/3763
f 3315/3728/3315 3405/3714/3405 3319/5258/3319
f 3299/5279/3299 3306/3779/3306 3308/3778/3308
f 3308/3778/3308 3303/3777/3303 3302/5280/3302
f 3358/5282/3358 3349/3887/3349 3351/3879/3351
f 3378/3815/3378 3550/3886/3550 3375/5291/3375
f 3387/5297/3387 3384/3820/3384 3393/3819/3393
f 3421/5309/3421 3445/3932/3445 3432/3890/3432
f 3429/3955/3429 3424/4045/3424 3546/5310/3546
f 3449/3975/3449 3536/3974/3536 3451/5321/3451
f 3430/5311/3430 3423/5320/3423 3420/5318/3420
f 3421/5317/3421 3543/3963/3543 3424/4037/3424
f 3320/4415/3320 3504/4417/3504 3518/4046/3518
f 3754/4082/3754 3574/4084/3574 3755/4073/3755
f 3572/5355/3572 3573/4079/3573 3579/4102/3579
f 3609/4213/3609 3776/5377/3776 3607/4253/3607
f 3620/4251/3620 3617/4250/3617 3775/4189/3775
f 3628/5381/3628 3630/5515/3630 3629/4197/3629
f 3566/5387/3566 3562/4158/3562 3560/5388/3560
f 3605/4211/3605 3603/5376/3603 3604/5375/3604
f 3788/4076/3788 3660/4264/3660 3689/4293/3689
f 3774/4299/3774 3770/4301/3770 3733/4091/3733
f 3794/4300/3794 3784/4304/3784 3726/5403/3726
f 3671/4329/3671 3672/4328/3672 3650/5404/3650
f 3669/4330/3669 3671/4329/3671 3664/5405/3664
f 3704/5413/3704 3707/5449/3707 3709/4391/3709
f 3713/4374/3713 3725/4376/3725 3720/4408/3720
f 3692/5435/3692 3700/5420/3700 3690/4346/3690
f 3727/4383/3727 3726/4401/3726 3730/5448/3730
f 3698/5421/3698 3693/5442/3693 3691/5419/3691
f 3741/4429/3741 3625/5457/3625 3752/4423/3752
f 3747/4432/3747 3745/4428/3745 3750/4427/3750
o Lacrimal_Caruncle
v 0.024148 1.958169 -0.067082
v 0.023472 1.958266 -0.068353
v 0.030823 1.955386 -0.069821
v 0.023053 1.958001 -0.067712
v 0.027895 1.959095 -0.068486
v 0.030862 1.955411 -0.069736
v 0.030231 1.964148 -0.070219
v 0.023362 1.957932 -0.067067
v 0.023995 1.957881 -0.067111
v 0.024534 1.957905 -0.067272
v 0.024584 1.958316 -0.067195
v 0.024533 1.958693 -0.067153
v 0.023989 1.958356 -0.067034
v 0.023656 1.958017 -0.067032
v 0.023791 1.958393 -0.068690
v 0.023752 1.957979 -0.068708
v 0.023372 1.957990 -0.068274
v 0.023431 1.958443 -0.068140
v 0.023874 1.958763 -0.068495
v 0.023197 1.958110 -0.067948
v 0.030859 1.955552 -0.069887
v 0.030901 1.955616 -0.069720
v 0.030763 1.955341 -0.069635
v 0.030700 1.955296 -0.069787
v 0.030702 1.955479 -0.069914
v 0.023113 1.957860 -0.067853
v 0.023089 1.957705 -0.067763
v 0.023014 1.957956 -0.067629
v 0.023149 1.958238 -0.067753
v 0.023129 1.958306 -0.067618
v 0.027667 1.958396 -0.068235
v 0.028340 1.958061 -0.068363
v 0.028336 1.958712 -0.068561
v 0.030799 1.955620 -0.069507
v 0.030279 1.964035 -0.070241
v 0.030057 1.964091 -0.070243
v 0.030057 1.964222 -0.070108
v 0.030158 1.964088 -0.069974
v 0.030302 1.964053 -0.070149
v 0.023493 1.957764 -0.067109
v 0.023487 1.958177 -0.067020
v 0.023250 1.957906 -0.067124
v 0.023372 1.957626 -0.067204
v 0.023362 1.958274 -0.067064
v 0.027645 1.957826 -0.068071
v 0.026890 1.958205 -0.068056
v 0.026928 1.957618 -0.068093
v 0.027634 1.957359 -0.068035
v 0.028309 1.957118 -0.068127
v 0.028339 1.957554 -0.068206
v 0.028837 1.956752 -0.068529
v 0.028905 1.957225 -0.068566
v 0.028944 1.957896 -0.068582
v 0.029595 1.957827 -0.068827
v 0.029551 1.958836 -0.068941
v 0.028952 1.958727 -0.068746
v 0.029508 1.957024 -0.068793
v 0.030078 1.956763 -0.069075
v 0.030121 1.957730 -0.069027
v 0.029420 1.956435 -0.068866
v 0.029943 1.956196 -0.069037
v 0.030294 1.956064 -0.069155
v 0.030438 1.956588 -0.069295
v 0.029315 1.956030 -0.068898
v 0.029847 1.955768 -0.069118
v 0.030231 1.955645 -0.069245
v 0.029695 1.955495 -0.069187
v 0.030117 1.955355 -0.069339
v 0.030411 1.955296 -0.069477
v 0.030485 1.955600 -0.069342
v 0.030517 1.956032 -0.069214
v 0.030692 1.956021 -0.069319
v 0.030790 1.956560 -0.069501
v 0.030650 1.956531 -0.069424
v 0.030660 1.955603 -0.069404
v 0.030826 1.956041 -0.069434
v 0.030609 1.955294 -0.069559
v 0.030323 1.955245 -0.069664
v 0.030530 1.955243 -0.069733
v 0.030317 1.955445 -0.069825
v 0.030524 1.955440 -0.069883
v 0.030337 1.955788 -0.069864
v 0.030538 1.955792 -0.069908
v 0.030716 1.955846 -0.069910
v 0.030590 1.956324 -0.070128
v 0.030727 1.956470 -0.069960
v 0.030824 1.956672 -0.069682
v 0.030877 1.955934 -0.069853
v 0.030924 1.956672 -0.069674
v 0.030904 1.956039 -0.069619
v 0.030899 1.956622 -0.069589
v 0.030826 1.957747 -0.069774
v 0.030811 1.957725 -0.069615
v 0.030719 1.957701 -0.069432
v 0.030563 1.958951 -0.069732
v 0.030500 1.958948 -0.069526
v 0.030387 1.958941 -0.069354
v 0.030597 1.957679 -0.069293
v 0.030222 1.958927 -0.069200
v 0.030426 1.957673 -0.069171
v 0.029966 1.958902 -0.069065
v 0.030049 1.960119 -0.069390
v 0.029832 1.960097 -0.069253
v 0.029500 1.960031 -0.069146
v 0.029823 1.961312 -0.069362
v 0.029499 1.961215 -0.069225
v 0.028946 1.960894 -0.069057
v 0.028934 1.959842 -0.068975
v 0.028315 1.960514 -0.068767
v 0.028336 1.959597 -0.068724
v 0.027887 1.960169 -0.068491
v 0.027995 1.959573 -0.068556
v 0.028927 1.961599 -0.069024
v 0.028287 1.961193 -0.068736
v 0.027897 1.960790 -0.068366
v 0.027387 1.960312 -0.068038
v 0.027421 1.959665 -0.068176
v 0.028270 1.961692 -0.068690
v 0.027946 1.961291 -0.068355
v 0.027417 1.960853 -0.068029
v 0.026883 1.960423 -0.067952
v 0.026898 1.959852 -0.067912
v 0.027904 1.961720 -0.068359
v 0.027391 1.961286 -0.068080
v 0.026820 1.960865 -0.068031
v 0.026246 1.960536 -0.067955
v 0.026337 1.960114 -0.067853
v 0.027333 1.961604 -0.068177
v 0.026741 1.961183 -0.068170
v 0.026149 1.960825 -0.068116
v 0.025532 1.960462 -0.067916
v 0.025632 1.960205 -0.067758
v 0.026670 1.961376 -0.068359
v 0.026062 1.960990 -0.068319
v 0.025428 1.960598 -0.068122
v 0.024742 1.960175 -0.067859
v 0.024863 1.960047 -0.067670
v 0.026010 1.960999 -0.068572
v 0.025341 1.960604 -0.068367
v 0.024646 1.960174 -0.068097
v 0.024033 1.959516 -0.067778
v 0.024101 1.959540 -0.067586
v 0.025284 1.960474 -0.068611
v 0.024589 1.960044 -0.068322
v 0.024010 1.959418 -0.067939
v 0.023489 1.958851 -0.067647
v 0.023503 1.958903 -0.067520
v 0.024568 1.959805 -0.068530
v 0.024017 1.959255 -0.068076
v 0.023491 1.958763 -0.067766
v 0.023109 1.958346 -0.067501
v 0.023974 1.959043 -0.068255
v 0.023455 1.958629 -0.067927
v 0.024580 1.959455 -0.068709
v 0.024547 1.959041 -0.068909
v 0.025250 1.959814 -0.069091
v 0.025260 1.959321 -0.069283
v 0.025297 1.958752 -0.069368
v 0.024441 1.958568 -0.069104
v 0.025310 1.958170 -0.069313
v 0.024397 1.958046 -0.069125
v 0.025321 1.957634 -0.069134
v 0.024430 1.957577 -0.068970
v 0.023771 1.957600 -0.068619
v 0.023333 1.957698 -0.068176
v 0.024493 1.957223 -0.068764
v 0.023829 1.957312 -0.068459
v 0.023346 1.957474 -0.068070
v 0.023891 1.957121 -0.068303
v 0.023385 1.957335 -0.067938
v 0.023097 1.957617 -0.067662
v 0.023001 1.957927 -0.067525
v 0.023437 1.957248 -0.067799
v 0.023129 1.957564 -0.067552
v 0.023023 1.957912 -0.067418
v 0.023186 1.957545 -0.067433
v 0.023072 1.957900 -0.067310
v 0.023170 1.958364 -0.067252
v 0.023115 1.958371 -0.067379
v 0.023556 1.958908 -0.067371
v 0.023256 1.958331 -0.067145
v 0.023632 1.958865 -0.067226
v 0.024203 1.959473 -0.067400
v 0.023735 1.958756 -0.067113
v 0.024317 1.959299 -0.067254
v 0.024986 1.959814 -0.067506
v 0.024436 1.959031 -0.067162
v 0.025105 1.959468 -0.067415
v 0.025725 1.959817 -0.067651
v 0.025186 1.959033 -0.067389
v 0.025803 1.959313 -0.067605
v 0.026395 1.959562 -0.067789
v 0.025841 1.958742 -0.067603
v 0.026407 1.958903 -0.067775
v 0.026923 1.958991 -0.067998
v 0.025829 1.958158 -0.067660
v 0.026389 1.958268 -0.067869
v 0.025778 1.957626 -0.067764
v 0.026404 1.957693 -0.067946
v 0.025706 1.957192 -0.067906
v 0.026414 1.957219 -0.068051
v 0.026963 1.957185 -0.068145
v 0.026390 1.956877 -0.068211
v 0.026968 1.956858 -0.068254
v 0.027569 1.956775 -0.068127
v 0.027600 1.957031 -0.068044
v 0.028199 1.956570 -0.068202
v 0.028255 1.956795 -0.068134
v 0.028659 1.956153 -0.068583
v 0.028759 1.956395 -0.068524
v 0.029170 1.955774 -0.068948
v 0.028585 1.956125 -0.068726
v 0.029066 1.955766 -0.069104
v 0.029572 1.955477 -0.069353
v 0.029059 1.956017 -0.069224
v 0.029576 1.955708 -0.069511
v 0.030014 1.955522 -0.069704
v 0.030015 1.955308 -0.069540
v 0.029629 1.956078 -0.069570
v 0.030050 1.955870 -0.069757
v 0.029697 1.956657 -0.069644
v 0.030106 1.956450 -0.069874
v 0.030377 1.956352 -0.070018
v 0.029983 1.957594 -0.069752
v 0.030212 1.957589 -0.069845
v 0.030383 1.957644 -0.069853
v 0.029913 1.958892 -0.069939
v 0.030116 1.958911 -0.070016
v 0.030326 1.958929 -0.070051
v 0.030562 1.957721 -0.069820
v 0.030502 1.958945 -0.070027
v 0.030744 1.957753 -0.069825
v 0.030569 1.958955 -0.069920
v 0.030260 1.960123 -0.070255
v 0.030350 1.960121 -0.070154
v 0.030357 1.960123 -0.069953
v 0.030318 1.961227 -0.070276
v 0.030338 1.961231 -0.070084
v 0.030268 1.961249 -0.069856
v 0.030301 1.960127 -0.069731
v 0.030142 1.961276 -0.069670
v 0.030197 1.960125 -0.069549
v 0.030000 1.961305 -0.069512
v 0.030171 1.962334 -0.069724
v 0.030036 1.962348 -0.069581
v 0.029852 1.962267 -0.069408
v 0.029946 1.963123 -0.069645
v 0.029697 1.962902 -0.069441
v 0.029345 1.962528 -0.069192
v 0.029476 1.962005 -0.069211
v 0.028869 1.962105 -0.068986
v 0.029239 1.962892 -0.069208
v 0.028754 1.962503 -0.068981
v 0.028212 1.962081 -0.068666
v 0.028600 1.962816 -0.069021
v 0.028114 1.962370 -0.068684
v 0.027828 1.962007 -0.068381
v 0.028019 1.962539 -0.068781
v 0.027770 1.962165 -0.068484
v 0.027286 1.961805 -0.068351
v 0.027800 1.962085 -0.068620
v 0.027284 1.961803 -0.068571
v 0.026649 1.961367 -0.068587
v 0.027321 1.961559 -0.068702
v 0.026704 1.961103 -0.068706
v 0.026000 1.960844 -0.068810
v 0.026731 1.960683 -0.068690
v 0.026033 1.960541 -0.069034
v 0.025262 1.960203 -0.068847
v 0.026110 1.960109 -0.069222
v 0.026733 1.960199 -0.068712
v 0.026709 1.959650 -0.068675
v 0.026165 1.959579 -0.069312
v 0.026692 1.959021 -0.068634
v 0.026201 1.958974 -0.069307
v 0.026712 1.958414 -0.068706
v 0.026287 1.958337 -0.069310
v 0.026841 1.957874 -0.068817
v 0.026335 1.957754 -0.069193
v 0.026992 1.957361 -0.068706
v 0.026354 1.957258 -0.069045
v 0.025373 1.957225 -0.068930
v 0.026345 1.956919 -0.068889
v 0.025401 1.956952 -0.068730
v 0.024559 1.957000 -0.068561
v 0.025444 1.956793 -0.068527
v 0.024641 1.956875 -0.068368
v 0.023965 1.957011 -0.068125
v 0.024746 1.956852 -0.068157
v 0.024060 1.956979 -0.067939
v 0.023516 1.957221 -0.067645
v 0.024176 1.957047 -0.067751
v 0.023620 1.957262 -0.067487
v 0.023267 1.957562 -0.067316
v 0.023148 1.957895 -0.067211
v 0.023736 1.957379 -0.067340
v 0.024303 1.957223 -0.067571
v 0.024429 1.957518 -0.067402
v 0.023857 1.957588 -0.067209
v 0.024994 1.957177 -0.067768
v 0.025114 1.957549 -0.067605
v 0.025197 1.958037 -0.067485
v 0.025220 1.958547 -0.067413
v 0.024867 1.956951 -0.067957
v 0.025608 1.956912 -0.068081
v 0.025521 1.956776 -0.068298
v 0.026354 1.956686 -0.068437
v 0.026337 1.956706 -0.068691
v 0.026990 1.956685 -0.068666
v 0.026973 1.956649 -0.068449
v 0.027580 1.956608 -0.068522
v 0.027563 1.956581 -0.068299
v 0.028167 1.956625 -0.068454
v 0.028170 1.956469 -0.068348
v 0.028566 1.956344 -0.068819
v 0.028155 1.956975 -0.068520
v 0.028553 1.956717 -0.068833
v 0.029082 1.956405 -0.069246
v 0.028570 1.957184 -0.068921
v 0.029141 1.956921 -0.069337
v 0.028520 1.957889 -0.068911
v 0.029081 1.957790 -0.069214
v 0.029616 1.957675 -0.069560
v 0.028952 1.958783 -0.069326
v 0.029365 1.958866 -0.069576
v 0.029680 1.958881 -0.069793
v 0.029175 1.960088 -0.069778
v 0.029423 1.960132 -0.069984
v 0.029632 1.960145 -0.070137
v 0.029354 1.961367 -0.070110
v 0.029545 1.961355 -0.070266
v 0.029748 1.961319 -0.070354
v 0.029837 1.960144 -0.070236
v 0.029981 1.961280 -0.070379
v 0.030058 1.960134 -0.070276
v 0.030197 1.961249 -0.070357
v 0.030017 1.962358 -0.070353
v 0.030246 1.962292 -0.070338
v 0.030384 1.962249 -0.070281
v 0.030276 1.963187 -0.070301
v 0.030397 1.963164 -0.070253
v 0.030417 1.963143 -0.070091
v 0.030406 1.962242 -0.070096
v 0.030293 1.963186 -0.069905
v 0.030305 1.962289 -0.069881
v 0.030118 1.963207 -0.069779
v 0.030276 1.963742 -0.069934
v 0.030078 1.963694 -0.069809
v 0.029829 1.963540 -0.069671
v 0.029578 1.963259 -0.069466
v 0.029913 1.964007 -0.069845
v 0.029619 1.963833 -0.069706
v 0.029338 1.963554 -0.069517
v 0.029012 1.963203 -0.069269
v 0.029454 1.963975 -0.069820
v 0.029136 1.963700 -0.069640
v 0.028816 1.963364 -0.069407
v 0.028446 1.962988 -0.069145
v 0.029121 1.963576 -0.069835
v 0.028794 1.963233 -0.069602
v 0.028420 1.962864 -0.069319
v 0.027992 1.962444 -0.068931
v 0.028865 1.962953 -0.069721
v 0.028468 1.962579 -0.069409
v 0.028005 1.962175 -0.069005
v 0.027841 1.961799 -0.068640
v 0.028536 1.962213 -0.069449
v 0.028037 1.961817 -0.069051
v 0.027841 1.961420 -0.068616
v 0.027337 1.961169 -0.068773
v 0.028083 1.961358 -0.069101
v 0.027786 1.961002 -0.068630
v 0.027320 1.960700 -0.068833
v 0.027788 1.960432 -0.068700
v 0.027326 1.960137 -0.068918
v 0.027901 1.959615 -0.068812
v 0.027424 1.959377 -0.069078
v 0.028037 1.958692 -0.068878
v 0.027556 1.958550 -0.069230
v 0.028119 1.957993 -0.068718
v 0.027647 1.957861 -0.069065
v 0.028149 1.957443 -0.068581
v 0.027666 1.957306 -0.068862
v 0.027616 1.956857 -0.068731
v 0.026999 1.956965 -0.068767
v 0.028428 1.958717 -0.069053
v 0.028257 1.959798 -0.069109
v 0.028804 1.959975 -0.069481
v 0.028141 1.960721 -0.069144
v 0.028665 1.961033 -0.069541
v 0.029103 1.961272 -0.069883
v 0.028595 1.961724 -0.069497
v 0.029051 1.962077 -0.069855
v 0.029344 1.962344 -0.070108
v 0.028950 1.962599 -0.069788
v 0.029282 1.962962 -0.070041
v 0.029556 1.963200 -0.070187
v 0.029561 1.962430 -0.070255
v 0.029815 1.963285 -0.070268
v 0.029785 1.962411 -0.070331
v 0.030046 1.963261 -0.070303
v 0.029800 1.963776 -0.070222
v 0.030059 1.963805 -0.070283
v 0.030280 1.963771 -0.070281
v 0.030375 1.963967 -0.070229
v 0.030394 1.963741 -0.070235
v 0.030381 1.963743 -0.070104
v 0.029768 1.964043 -0.070139
v 0.029434 1.963868 -0.070001
v 0.029781 1.964154 -0.069971
v 0.029499 1.963606 -0.070117
v 0.029201 1.963314 -0.069965
v 0.023852 1.958578 -0.067036
v -0.024149 1.958169 -0.067083
v -0.023472 1.958266 -0.068353
v -0.030823 1.955386 -0.069821
v -0.023053 1.958001 -0.067712
v -0.027894 1.959095 -0.068488
v -0.030862 1.955411 -0.069736
v -0.030228 1.964151 -0.070219
v -0.023362 1.957932 -0.067067
v -0.023995 1.957881 -0.067111
v -0.024535 1.957905 -0.067273
v -0.024585 1.958316 -0.067195
v -0.024534 1.958693 -0.067153
v -0.023990 1.958356 -0.067035
v -0.023657 1.958017 -0.067032
v -0.023791 1.958393 -0.068690
v -0.023752 1.957979 -0.068708
v -0.023372 1.957991 -0.068274
v -0.023431 1.958443 -0.068140
v -0.023874 1.958763 -0.068495
v -0.023197 1.958110 -0.067948
v -0.030859 1.955552 -0.069887
v -0.030901 1.955616 -0.069720
v -0.030763 1.955342 -0.069635
v -0.030700 1.955296 -0.069787
v -0.030702 1.955479 -0.069913
v -0.023113 1.957860 -0.067853
v -0.023089 1.957705 -0.067763
v -0.023014 1.957957 -0.067629
v -0.023149 1.958238 -0.067753
v -0.023129 1.958306 -0.067618
v -0.027666 1.958395 -0.068236
v -0.028340 1.958060 -0.068365
v -0.028337 1.958711 -0.068563
v -0.030799 1.955620 -0.069507
v -0.030276 1.964038 -0.070241
v -0.030053 1.964093 -0.070243
v -0.030054 1.964224 -0.070108
v -0.030157 1.964090 -0.069974
v -0.030299 1.964055 -0.070149
v -0.023494 1.957764 -0.067109
v -0.023487 1.958177 -0.067020
v -0.023250 1.957907 -0.067124
v -0.023372 1.957626 -0.067204
v -0.023363 1.958275 -0.067064
v -0.027645 1.957826 -0.068073
v -0.026890 1.958205 -0.068057
v -0.026929 1.957618 -0.068094
v -0.027635 1.957359 -0.068036
v -0.028309 1.957117 -0.068128
v -0.028340 1.957554 -0.068208
v -0.028837 1.956752 -0.068529
v -0.028905 1.957225 -0.068566
v -0.028944 1.957896 -0.068582
v -0.029595 1.957827 -0.068827
v -0.029551 1.958836 -0.068941
v -0.028953 1.958727 -0.068746
v -0.029508 1.957024 -0.068792
v -0.030078 1.956763 -0.069075
v -0.030121 1.957730 -0.069027
v -0.029419 1.956435 -0.068865
v -0.029943 1.956197 -0.069036
v -0.030294 1.956064 -0.069155
v -0.030438 1.956589 -0.069295
v -0.029314 1.956030 -0.068897
v -0.029846 1.955769 -0.069117
v -0.030231 1.955645 -0.069245
v -0.029694 1.955495 -0.069186
v -0.030117 1.955356 -0.069338
v -0.030411 1.955297 -0.069476
v -0.030485 1.955600 -0.069341
v -0.030517 1.956032 -0.069214
v -0.030692 1.956021 -0.069319
v -0.030791 1.956559 -0.069502
v -0.030650 1.956531 -0.069425
v -0.030660 1.955603 -0.069404
v -0.030826 1.956041 -0.069434
v -0.030609 1.955294 -0.069558
v -0.030322 1.955245 -0.069663
v -0.030530 1.955243 -0.069732
v -0.030317 1.955445 -0.069824
v -0.030524 1.955440 -0.069883
v -0.030337 1.955788 -0.069863
v -0.030538 1.955792 -0.069908
v -0.030716 1.955846 -0.069911
v -0.030592 1.956322 -0.070132
v -0.030728 1.956469 -0.069962
v -0.030824 1.956672 -0.069682
v -0.030877 1.955933 -0.069854
v -0.030924 1.956672 -0.069674
v -0.030904 1.956039 -0.069619
v -0.030900 1.956622 -0.069590
v -0.030826 1.957747 -0.069773
v -0.030811 1.957725 -0.069615
v -0.030719 1.957702 -0.069432
v -0.030563 1.958951 -0.069732
v -0.030500 1.958948 -0.069526
v -0.030387 1.958941 -0.069354
v -0.030597 1.957680 -0.069293
v -0.030222 1.958927 -0.069200
v -0.030426 1.957673 -0.069170
v -0.029966 1.958902 -0.069065
v -0.030049 1.960119 -0.069390
v -0.029832 1.960097 -0.069253
v -0.029500 1.960031 -0.069146
v -0.029823 1.961311 -0.069362
v -0.029499 1.961215 -0.069225
v -0.028946 1.960894 -0.069057
v -0.028934 1.959842 -0.068975
v -0.028315 1.960514 -0.068767
v -0.028336 1.959597 -0.068725
v -0.027888 1.960169 -0.068491
v -0.027995 1.959572 -0.068557
v -0.028927 1.961599 -0.069024
v -0.028288 1.961193 -0.068736
v -0.027897 1.960790 -0.068366
v -0.027388 1.960311 -0.068039
v -0.027421 1.959664 -0.068177
v -0.028270 1.961692 -0.068690
v -0.027946 1.961291 -0.068355
v -0.027417 1.960853 -0.068029
v -0.026883 1.960422 -0.067952
v -0.026898 1.959851 -0.067912
v -0.027905 1.961720 -0.068359
v -0.027391 1.961286 -0.068080
v -0.026820 1.960865 -0.068031
v -0.026246 1.960536 -0.067955
v -0.026336 1.960114 -0.067853
v -0.027333 1.961604 -0.068177
v -0.026741 1.961183 -0.068170
v -0.026149 1.960825 -0.068116
v -0.025532 1.960462 -0.067915
v -0.025631 1.960204 -0.067757
v -0.026671 1.961376 -0.068359
v -0.026062 1.960989 -0.068319
v -0.025428 1.960598 -0.068122
v -0.024741 1.960174 -0.067858
v -0.024862 1.960046 -0.067669
v -0.026010 1.960999 -0.068572
v -0.025341 1.960603 -0.068366
v -0.024645 1.960173 -0.068096
v -0.024032 1.959516 -0.067777
v -0.024101 1.959540 -0.067586
v -0.025283 1.960474 -0.068610
v -0.024588 1.960044 -0.068321
v -0.024010 1.959418 -0.067938
v -0.023489 1.958851 -0.067647
v -0.023503 1.958903 -0.067520
v -0.024567 1.959804 -0.068529
v -0.024017 1.959255 -0.068076
v -0.023491 1.958763 -0.067766
v -0.023109 1.958346 -0.067501
v -0.023974 1.959043 -0.068255
v -0.023455 1.958629 -0.067927
v -0.024579 1.959455 -0.068709
v -0.024546 1.959041 -0.068908
v -0.025249 1.959813 -0.069091
v -0.025259 1.959320 -0.069283
v -0.025296 1.958752 -0.069368
v -0.024441 1.958568 -0.069104
v -0.025309 1.958169 -0.069313
v -0.024397 1.958046 -0.069125
v -0.025320 1.957634 -0.069134
v -0.024430 1.957577 -0.068970
v -0.023771 1.957600 -0.068619
v -0.023333 1.957698 -0.068176
v -0.024492 1.957223 -0.068764
v -0.023829 1.957312 -0.068459
v -0.023346 1.957474 -0.068070
v -0.023891 1.957121 -0.068303
v -0.023385 1.957335 -0.067938
v -0.023097 1.957617 -0.067662
v -0.023001 1.957927 -0.067525
v -0.023437 1.957248 -0.067799
v -0.023129 1.957564 -0.067552
v -0.023023 1.957912 -0.067418
v -0.023186 1.957545 -0.067433
v -0.023072 1.957900 -0.067310
v -0.023170 1.958364 -0.067253
v -0.023115 1.958371 -0.067379
v -0.023557 1.958908 -0.067371
v -0.023256 1.958331 -0.067145
v -0.023633 1.958865 -0.067226
v -0.024203 1.959473 -0.067399
v -0.023736 1.958756 -0.067113
v -0.024317 1.959299 -0.067253
v -0.024985 1.959814 -0.067505
v -0.024436 1.959031 -0.067161
v -0.025104 1.959468 -0.067414
v -0.025724 1.959817 -0.067650
v -0.025187 1.959033 -0.067388
v -0.025803 1.959313 -0.067604
v -0.026394 1.959561 -0.067789
v -0.025842 1.958742 -0.067603
v -0.026406 1.958903 -0.067775
v -0.026922 1.958990 -0.067999
v -0.025832 1.958159 -0.067661
v -0.026391 1.958268 -0.067871
v -0.025780 1.957626 -0.067765
v -0.026406 1.957694 -0.067947
v -0.025707 1.957192 -0.067906
v -0.026416 1.957220 -0.068052
v -0.026964 1.957185 -0.068146
v -0.026391 1.956878 -0.068212
v -0.026969 1.956859 -0.068255
v -0.027570 1.956775 -0.068128
v -0.027601 1.957031 -0.068045
v -0.028199 1.956569 -0.068203
v -0.028256 1.956794 -0.068135
v -0.028659 1.956152 -0.068583
v -0.028760 1.956395 -0.068525
v -0.029169 1.955774 -0.068947
v -0.028585 1.956125 -0.068726
v -0.029066 1.955767 -0.069103
v -0.029572 1.955477 -0.069352
v -0.029059 1.956017 -0.069223
v -0.029576 1.955709 -0.069510
v -0.030013 1.955522 -0.069704
v -0.030015 1.955308 -0.069539
v -0.029629 1.956079 -0.069569
v -0.030050 1.955870 -0.069756
v -0.029697 1.956657 -0.069645
v -0.030106 1.956449 -0.069875
v -0.030379 1.956351 -0.070021
v -0.029983 1.957594 -0.069752
v -0.030212 1.957589 -0.069845
v -0.030383 1.957644 -0.069853
v -0.029913 1.958892 -0.069939
v -0.030116 1.958911 -0.070016
v -0.030326 1.958929 -0.070051
v -0.030562 1.957721 -0.069820
v -0.030502 1.958945 -0.070027
v -0.030744 1.957753 -0.069825
v -0.030569 1.958955 -0.069920
v -0.030261 1.960123 -0.070255
v -0.030350 1.960121 -0.070154
v -0.030357 1.960123 -0.069953
v -0.030318 1.961228 -0.070276
v -0.030338 1.961231 -0.070084
v -0.030268 1.961249 -0.069856
v -0.030302 1.960127 -0.069731
v -0.030142 1.961276 -0.069670
v -0.030197 1.960125 -0.069549
v -0.030000 1.961305 -0.069512
v -0.030170 1.962335 -0.069724
v -0.030035 1.962349 -0.069581
v -0.029851 1.962268 -0.069408
v -0.029946 1.963123 -0.069645
v -0.029697 1.962902 -0.069441
v -0.029345 1.962528 -0.069192
v -0.029476 1.962005 -0.069211
v -0.028869 1.962105 -0.068986
v -0.029239 1.962892 -0.069208
v -0.028754 1.962503 -0.068981
v -0.028212 1.962081 -0.068666
v -0.028600 1.962816 -0.069021
v -0.028114 1.962370 -0.068684
v -0.027828 1.962007 -0.068381
v -0.028019 1.962539 -0.068781
v -0.027771 1.962165 -0.068484
v -0.027286 1.961805 -0.068351
v -0.027800 1.962085 -0.068620
v -0.027284 1.961803 -0.068571
v -0.026650 1.961367 -0.068587
v -0.027321 1.961559 -0.068702
v -0.026705 1.961103 -0.068706
v -0.026000 1.960844 -0.068810
v -0.026732 1.960683 -0.068690
v -0.026033 1.960540 -0.069033
v -0.025261 1.960203 -0.068846
v -0.026109 1.960108 -0.069222
v -0.026733 1.960199 -0.068712
v -0.026708 1.959650 -0.068675
v -0.026164 1.959578 -0.069312
v -0.026692 1.959020 -0.068635
v -0.026200 1.958974 -0.069307
v -0.026713 1.958414 -0.068707
v -0.026288 1.958337 -0.069311
v -0.026842 1.957874 -0.068818
v -0.026336 1.957755 -0.069193
v -0.026992 1.957361 -0.068706
v -0.026353 1.957258 -0.069045
v -0.025373 1.957225 -0.068930
v -0.026345 1.956920 -0.068889
v -0.025401 1.956952 -0.068730
v -0.024559 1.956999 -0.068561
v -0.025444 1.956793 -0.068527
v -0.024641 1.956875 -0.068368
v -0.023965 1.957011 -0.068125
v -0.024746 1.956852 -0.068157
v -0.024060 1.956979 -0.067939
v -0.023516 1.957221 -0.067645
v -0.024176 1.957047 -0.067751
v -0.023620 1.957262 -0.067487
v -0.023267 1.957562 -0.067316
v -0.023148 1.957895 -0.067211
v -0.023736 1.957379 -0.067340
v -0.024303 1.957223 -0.067571
v -0.024430 1.957518 -0.067402
v -0.023857 1.957588 -0.067209
v -0.024995 1.957178 -0.067768
v -0.025116 1.957550 -0.067606
v -0.025199 1.958038 -0.067486
v -0.025222 1.958548 -0.067413
v -0.024867 1.956951 -0.067957
v -0.025609 1.956913 -0.068081
v -0.025521 1.956776 -0.068299
v -0.026354 1.956687 -0.068437
v -0.026337 1.956706 -0.068692
v -0.026990 1.956686 -0.068667
v -0.026973 1.956649 -0.068450
v -0.027580 1.956608 -0.068522
v -0.027563 1.956581 -0.068300
v -0.028167 1.956625 -0.068455
v -0.028170 1.956469 -0.068349
v -0.028566 1.956344 -0.068819
v -0.028156 1.956975 -0.068521
v -0.028553 1.956716 -0.068833
v -0.029081 1.956405 -0.069246
v -0.028570 1.957184 -0.068922
v -0.029142 1.956920 -0.069338
v -0.028521 1.957888 -0.068912
v -0.029081 1.957790 -0.069215
v -0.029616 1.957675 -0.069560
v -0.028952 1.958783 -0.069327
v -0.029365 1.958866 -0.069576
v -0.029680 1.958881 -0.069793
v -0.029175 1.960088 -0.069778
v -0.029423 1.960132 -0.069984
v -0.029632 1.960145 -0.070137
v -0.029354 1.961368 -0.070110
v -0.029545 1.961356 -0.070266
v -0.029747 1.961319 -0.070354
v -0.029837 1.960144 -0.070236
v -0.029980 1.961280 -0.070379
v -0.030058 1.960134 -0.070276
v -0.030196 1.961250 -0.070357
v -0.030012 1.962362 -0.070353
v -0.030243 1.962295 -0.070338
v -0.030382 1.962250 -0.070281
v -0.030270 1.963193 -0.070301
v -0.030393 1.963167 -0.070253
v -0.030416 1.963144 -0.070091
v -0.030406 1.962242 -0.070096
v -0.030292 1.963186 -0.069905
v -0.030304 1.962290 -0.069881
v -0.030118 1.963207 -0.069779
v -0.030275 1.963743 -0.069934
v -0.030077 1.963695 -0.069809
v -0.029828 1.963540 -0.069671
v -0.029578 1.963259 -0.069466
v -0.029912 1.964009 -0.069845
v -0.029618 1.963834 -0.069706
v -0.029337 1.963555 -0.069517
v -0.029013 1.963203 -0.069269
v -0.029452 1.963976 -0.069820
v -0.029135 1.963701 -0.069640
v -0.028816 1.963364 -0.069407
v -0.028446 1.962988 -0.069145
v -0.029119 1.963578 -0.069835
v -0.028793 1.963233 -0.069602
v -0.028420 1.962864 -0.069319
v -0.027992 1.962444 -0.068931
v -0.028864 1.962954 -0.069721
v -0.028468 1.962579 -0.069409
v -0.028005 1.962175 -0.069005
v -0.027841 1.961799 -0.068640
v -0.028536 1.962213 -0.069449
v -0.028037 1.961817 -0.069051
v -0.027841 1.961420 -0.068616
v -0.027337 1.961169 -0.068773
v -0.028083 1.961358 -0.069101
v -0.027787 1.961002 -0.068630
v -0.027321 1.960700 -0.068833
v -0.027788 1.960432 -0.068700
v -0.027327 1.960137 -0.068919
v -0.027901 1.959615 -0.068813
v -0.027424 1.959377 -0.069078
v -0.028037 1.958692 -0.068879
v -0.027556 1.958549 -0.069231
v -0.028119 1.957993 -0.068720
v -0.027647 1.957861 -0.069066
v -0.028149 1.957443 -0.068582
v -0.027666 1.957306 -0.068863
v -0.027616 1.956857 -0.068731
v -0.027000 1.956965 -0.068768
v -0.028428 1.958717 -0.069055
v -0.028257 1.959798 -0.069110
v -0.028805 1.959975 -0.069481
v -0.028141 1.960721 -0.069144
v -0.028666 1.961033 -0.069541
v -0.029103 1.961272 -0.069883
v -0.028595 1.961724 -0.069497
v -0.029047 1.962080 -0.069855
v -0.029336 1.962351 -0.070108
v -0.028948 1.962600 -0.069788
v -0.029279 1.962964 -0.070041
v -0.029552 1.963203 -0.070187
v -0.029552 1.962438 -0.070255
v -0.029810 1.963289 -0.070268
v -0.029779 1.962416 -0.070331
v -0.030040 1.963266 -0.070303
v -0.029796 1.963779 -0.070222
v -0.030055 1.963808 -0.070283
v -0.030276 1.963774 -0.070281
v -0.030372 1.963969 -0.070229
v -0.030391 1.963744 -0.070235
v -0.030379 1.963744 -0.070104
v -0.029765 1.964045 -0.070139
v -0.029432 1.963870 -0.070001
v -0.029779 1.964156 -0.069971
v -0.029496 1.963609 -0.070117
v -0.029199 1.963316 -0.069965
v -0.023852 1.958579 -0.067036
vn 0.2362 -0.1514 0.9598
vn -0.8078 0.2533 -0.5322
vn 0.5998 -0.6289 -0.4947
vn -0.9086 0.1848 -0.3745
vn 0.4119 0.1058 0.9051
vn 0.8701 -0.4837 0.0943
vn 0.4654 0.7445 -0.4787
vn -0.2802 -0.2220 0.9339
vn 0.1926 -0.3022 0.9336
vn 0.3063 -0.2892 0.9069
vn 0.3199 -0.1324 0.9381
vn 0.2625 0.0209 0.9647
vn 0.1329 -0.0140 0.9910
vn 0.0458 -0.1906 0.9806
vn -0.6559 0.2817 -0.7004
vn -0.6379 -0.0733 -0.7667
vn -0.8178 0.0279 -0.5749
vn -0.7920 0.4316 -0.4319
vn -0.6533 0.5382 -0.5325
vn -0.8515 0.2031 -0.4835
vn 0.6840 -0.1530 -0.7132
vn 0.9879 -0.1142 0.1050
vn 0.6034 -0.6905 0.3988
vn 0.2853 -0.8616 -0.4198
vn 0.0808 -0.2917 -0.9531
vn -0.8734 -0.0224 -0.4865
vn -0.9047 -0.2643 -0.3343
vn -0.9747 0.0878 -0.2056
vn -0.8568 0.3704 -0.3587
vn -0.8678 0.4029 -0.2908
vn 0.3000 0.1949 0.9338
vn 0.3310 0.2587 0.9075
vn 0.2985 0.2285 0.9267
vn 0.7489 -0.2472 0.6148
vn 0.4161 0.4053 -0.8140
vn -0.1952 0.4148 -0.8887
vn 0.0297 0.9986 -0.0426
vn 0.4776 0.5757 0.6637
vn 0.8036 0.5496 0.2282
vn -0.0787 -0.4058 0.9106
vn -0.1482 0.0164 0.9888
vn -0.5209 -0.2143 0.8263
vn -0.2905 -0.5414 0.7890
vn -0.4027 0.1808 0.8973
vn 0.1491 0.1524 0.9770
vn 0.2392 -0.0476 0.9698
vn 0.0830 -0.0828 0.9931
vn 0.0353 0.0225 0.9991
vn 0.3741 0.0227 0.9271
vn 0.3796 0.1614 0.9110
vn 0.4957 -0.0752 0.8652
vn 0.4617 0.0094 0.8870
vn 0.3984 0.1142 0.9101
vn 0.3476 0.0611 0.9357
vn 0.2669 0.1521 0.9517
vn 0.3015 0.1858 0.9352
vn 0.3845 -0.0748 0.9201
vn 0.4336 -0.0772 0.8978
vn 0.4050 0.0216 0.9141
vn 0.3738 -0.1403 0.9168
vn 0.3127 -0.0972 0.9449
vn 0.2773 -0.0515 0.9594
vn 0.4885 0.0176 0.8724
vn 0.3170 -0.2652 0.9106
vn 0.2314 -0.2960 0.9267
vn 0.2403 -0.3213 0.9160
vn -0.0392 -0.7334 0.6786
vn 0.0595 -0.7483 0.6607
vn 0.1760 -0.7876 0.5904
vn 0.3198 -0.3567 0.8777
vn 0.3951 -0.0431 0.9176
vn 0.5608 -0.0285 0.8274
vn 0.5528 0.0712 0.8303
vn 0.4965 0.0852 0.8639
vn 0.4530 -0.3311 0.8277
vn 0.7891 -0.0298 0.6135
vn 0.3426 -0.7817 0.5212
vn -0.2068 -0.9367 -0.2825
vn 0.0198 -0.9413 -0.3369
vn -0.3423 -0.3658 -0.8655
vn -0.1702 -0.3625 -0.9163
vn -0.3066 -0.1504 -0.9399
vn -0.1226 -0.1656 -0.9785
vn 0.2377 -0.0994 -0.9662
vn 0.1747 -0.0641 -0.9825
vn 0.7754 0.1475 -0.6140
vn 0.5636 0.0363 -0.8252
vn 0.8019 0.0245 -0.5969
vn 0.8403 -0.0230 -0.5417
vn 0.9917 -0.0045 0.1288
vn 0.8424 0.0337 0.5379
vn 0.8994 0.0760 -0.4305
vn 0.9452 0.1459 0.2920
vn 0.8138 0.1069 0.5713
vn 0.9640 0.2065 0.1673
vn 0.8801 0.2085 0.4266
vn 0.7392 0.1859 0.6473
vn 0.6590 0.0478 0.7506
vn 0.5609 0.1549 0.8132
vn 0.5151 0.0130 0.8570
vn 0.3650 0.1407 0.9203
vn 0.6246 0.1554 0.7653
vn 0.4016 0.1328 0.9061
vn 0.2641 0.1199 0.9570
vn 0.5205 0.0493 0.8524
vn 0.3345 0.0266 0.9420
vn 0.3443 0.0179 0.9387
vn 0.3021 0.1243 0.9451
vn 0.5091 -0.0045 0.8607
vn 0.3779 0.0981 0.9206
vn 0.5819 -0.0678 0.8104
vn 0.4901 0.0099 0.8716
vn 0.3832 -0.0283 0.9232
vn 0.5866 -0.0410 0.8088
vn 0.6347 -0.0890 0.7676
vn 0.4299 -0.0761 0.8997
vn 0.4965 -0.0881 0.8636
vn 0.5731 0.0008 0.8195
vn 0.6121 0.0001 0.7908
vn 0.3050 0.0470 0.9512
vn 0.0963 0.1165 0.9885
vn 0.2754 -0.0170 0.9612
vn 0.4950 0.1297 0.8592
vn 0.1409 0.2090 0.9677
vn -0.0711 0.2702 0.9602
vn 0.0116 0.3614 0.9323
vn 0.1524 0.1888 0.9701
vn -0.1055 0.4389 0.8923
vn -0.2655 0.4762 0.8383
vn -0.1873 0.5851 0.7890
vn -0.1249 0.6480 0.7514
vn 0.0801 0.4170 0.9054
vn -0.5001 0.7683 0.3994
vn -0.4136 0.8135 0.4089
vn -0.3658 0.8336 0.4139
vn -0.4403 0.7804 0.4440
vn -0.1893 0.6360 0.7481
vn -0.4577 0.8538 -0.2480
vn -0.5242 0.8486 -0.0710
vn -0.6308 0.7759 -0.0081
vn -0.7514 0.6592 -0.0298
vn -0.5999 0.7173 0.3543
vn -0.5367 0.6937 -0.4804
vn -0.6909 0.6125 -0.3840
vn -0.7840 0.4977 -0.3710
vn -0.7865 0.5538 -0.2734
vn -0.7734 0.6318 0.0508
vn -0.6870 0.4222 -0.5915
vn -0.7486 0.4481 -0.4887
vn -0.7600 0.5404 -0.3611
vn -0.9056 0.3996 -0.1420
vn -0.6945 0.5525 -0.4609
vn -0.7617 0.5509 -0.3411
vn -0.6562 0.3498 -0.6686
vn -0.5556 0.3915 -0.7335
vn -0.4071 0.3847 -0.8284
vn -0.3055 0.2239 -0.9255
vn -0.1703 0.0553 -0.9838
vn -0.4394 0.2390 -0.8659
vn -0.0998 -0.1839 -0.9779
vn -0.3653 -0.1254 -0.9224
vn -0.0997 -0.3795 -0.9198
vn -0.3030 -0.4130 -0.8589
vn -0.5864 -0.3487 -0.7312
vn -0.7821 -0.2032 -0.5891
vn -0.2690 -0.6011 -0.7525
vn -0.5304 -0.5602 -0.6363
vn -0.7343 -0.4598 -0.4993
vn -0.4692 -0.7474 -0.4703
vn -0.6836 -0.6625 -0.3062
vn -0.8841 -0.4538 -0.1111
vn -0.9986 -0.0204 0.0486
vn -0.5904 -0.8056 -0.0492
vn -0.8134 -0.5648 0.1393
vn -0.9518 -0.0967 0.2910
vn -0.6848 -0.6159 0.3896
vn -0.8553 -0.1543 0.4946
vn -0.7774 0.3611 0.5151
vn -0.8929 0.4085 0.1895
vn -0.6708 0.6396 0.3755
vn -0.6113 0.2806 0.7400
vn -0.4919 0.5607 0.6660
vn -0.3573 0.6364 0.6836
vn -0.2583 0.4001 0.8793
vn -0.0910 0.4434 0.8917
vn 0.0385 0.4372 0.8986
vn 0.1248 0.2204 0.9674
vn 0.2181 0.2151 0.9519
vn 0.2197 0.2188 0.9507
vn 0.3057 0.0504 0.9508
vn 0.2848 0.0754 0.9556
vn 0.2670 0.0540 0.9622
vn 0.3180 -0.0501 0.9468
vn 0.3451 -0.0473 0.9374
vn 0.3800 -0.0376 0.9242
vn 0.3242 -0.1477 0.9344
vn 0.3435 -0.1260 0.9307
vn 0.2660 -0.2666 0.9264
vn 0.2929 -0.1570 0.9432
vn 0.1846 -0.4509 0.8733
vn 0.1988 -0.3162 0.9276
vn -0.0305 -0.2195 0.9751
vn 0.0942 -0.6147 0.7831
vn -0.1135 -0.5156 0.8493
vn -0.1445 -0.4633 0.8743
vn -0.0594 -0.1591 0.9855
vn 0.0796 -0.5522 0.8299
vn 0.2884 -0.1959 0.9373
vn -0.0146 -0.7052 0.7088
vn 0.4340 -0.2428 0.8676
vn -0.0747 -0.7271 0.6825
vn -0.6856 -0.7119 -0.1520
vn -0.6340 -0.7339 -0.2440
vn -0.5028 -0.8329 -0.2311
vn -0.6286 -0.1804 -0.7566
vn -0.5272 -0.2730 -0.8047
vn -0.4463 -0.3343 -0.8301
vn -0.3583 -0.9008 -0.2453
vn -0.4915 -0.0690 -0.8681
vn -0.4241 -0.1262 -0.8968
vn -0.4941 -0.0090 -0.8694
vn -0.4744 -0.0266 -0.8799
vn -0.4434 -0.0718 -0.8935
vn -0.4289 -0.0454 -0.9022
vn -0.2226 0.0003 -0.9749
vn 0.0557 0.0288 -0.9980
vn -0.4183 -0.2032 -0.8853
vn -0.2297 -0.2104 -0.9502
vn 0.0032 -0.1871 -0.9823
vn 0.1184 -0.0672 -0.9907
vn 0.5420 -0.0526 -0.8387
vn 0.2924 -0.0875 -0.9523
vn 0.9548 0.1376 -0.2634
vn 0.4327 -0.0815 -0.8979
vn 0.9219 0.0404 -0.3853
vn 0.9877 0.1168 0.1039
vn 0.8470 -0.0386 -0.5302
vn 0.9955 -0.0152 0.0939
vn 0.9017 0.0172 0.4320
vn 0.9167 0.1490 0.3708
vn 0.7888 0.0470 0.6128
vn 0.7911 0.1646 0.5891
vn 0.6996 0.0579 0.7122
vn 0.7350 0.0490 0.6763
vn 0.6856 0.0992 0.7212
vn 0.5621 0.0917 0.8220
vn 0.5473 0.1597 0.8215
vn 0.4954 0.1781 0.8502
vn 0.3914 0.1175 0.9127
vn 0.3904 0.0274 0.9202
vn 0.3900 0.0388 0.9200
vn 0.3316 0.2499 0.9097
vn 0.3427 0.1812 0.9218
vn 0.5067 0.1327 0.8518
vn 0.1525 0.4415 0.8842
vn 0.2819 0.4033 0.8705
vn 0.2267 0.3776 0.8978
vn -0.5433 0.7200 0.4318
vn -0.4205 0.8135 0.4018
vn -0.4594 0.7658 0.4501
vn -0.7374 0.2818 -0.6139
vn -0.4510 0.7126 -0.5375
vn -0.4673 0.7089 -0.5283
vn -0.0686 0.2924 -0.9538
vn -0.1206 0.2009 -0.9722
vn -0.2441 0.6602 -0.7103
vn 0.0494 0.0701 -0.9963
vn -0.0077 0.4731 -0.8810
vn -0.4776 0.5248 -0.7046
vn 0.2094 0.2920 -0.9332
vn 0.1377 0.0442 -0.9895
vn 0.1778 -0.0073 -0.9840
vn 0.3686 0.1163 -0.9223
vn 0.1840 0.0445 -0.9819
vn 0.4543 0.0574 -0.8890
vn 0.2086 0.1787 -0.9615
vn 0.4335 -0.0058 -0.9011
vn 0.1629 -0.0870 -0.9828
vn 0.3251 -0.2196 -0.9198
vn 0.0812 -0.0424 -0.9958
vn 0.1921 -0.2901 -0.9375
vn -0.1423 -0.5225 -0.8407
vn 0.0324 -0.5607 -0.8274
vn -0.1788 -0.6976 -0.6938
vn -0.2500 -0.7772 -0.5775
vn -0.1544 -0.9328 -0.3257
vn -0.2000 -0.9429 -0.2662
vn -0.3731 -0.9087 -0.1875
vn -0.0807 -0.9773 0.1957
vn -0.2125 -0.9597 0.1842
vn -0.4243 -0.8636 0.2723
vn -0.0158 -0.8481 0.5296
vn -0.2206 -0.8031 0.5535
vn -0.5061 -0.6122 0.6075
vn -0.7113 -0.1939 0.6756
vn -0.0248 -0.6582 0.7525
vn 0.1402 -0.6560 0.7417
vn 0.2433 -0.4627 0.8525
vn 0.1159 -0.4766 0.8715
vn 0.1738 -0.5713 0.8021
vn 0.2633 -0.3639 0.8934
vn 0.3154 -0.2102 0.9254
vn 0.3288 -0.0815 0.9409
vn 0.0597 -0.8068 0.5878
vn 0.0804 -0.7237 0.6855
vn -0.0469 -0.9678 0.2474
vn -0.0270 -0.9575 0.2873
vn -0.0417 -0.8840 -0.4656
vn -0.0215 -0.7655 -0.6431
vn -0.1202 -0.9522 0.2809
vn 0.0387 -0.8897 -0.4549
vn -0.1352 -0.9271 0.3496
vn -0.3789 -0.4233 -0.8229
vn -0.4451 -0.8952 0.0209
vn -0.7110 -0.1843 -0.6786
vn -0.1372 -0.1823 -0.9736
vn -0.6549 -0.0897 -0.7503
vn -0.5818 -0.0443 -0.8121
vn -0.6101 -0.0546 -0.7905
vn -0.5501 -0.0124 -0.8350
vn -0.4991 -0.1370 -0.8556
vn -0.5246 -0.0493 -0.8499
vn -0.5054 -0.0416 -0.8619
vn -0.4750 -0.1623 -0.8649
vn -0.5297 -0.1712 -0.8307
vn -0.5344 -0.1867 -0.8243
vn -0.5931 -0.1693 -0.7871
vn -0.5948 -0.1728 -0.7851
vn -0.5045 -0.1769 -0.8451
vn -0.6430 -0.0592 -0.7636
vn -0.5175 -0.0530 -0.8541
vn -0.2655 -0.0445 -0.9631
vn -0.3075 -0.1680 -0.9366
vn -0.0164 -0.0389 -0.9991
vn -0.0490 -0.1426 -0.9886
vn 0.3192 -0.0411 -0.9468
vn -0.0090 0.0363 -0.9993
vn 0.2323 0.0210 -0.9724
vn 0.8000 -0.0176 -0.5997
vn 0.2030 0.0376 -0.9785
vn 0.7985 0.0292 -0.6013
vn 0.9743 0.0312 0.2230
vn 0.9876 -0.0311 0.1540
vn 0.7271 0.0648 0.6835
vn 0.8399 0.0013 0.5427
vn 0.5627 0.1128 0.8189
vn 0.6912 0.1774 0.7005
vn 0.4281 0.1896 0.8836
vn 0.3807 0.2507 0.8901
vn 0.3786 0.2947 0.8774
vn 0.1936 0.5102 0.8380
vn 0.1252 0.4816 0.8674
vn 0.1149 0.4944 0.8616
vn 0.1051 0.4888 0.8661
vn -0.4431 0.8496 0.2861
vn -0.5440 0.7779 0.3147
vn -0.5483 0.7665 0.3343
vn -0.5373 0.7695 0.3451
vn -0.7296 0.3938 -0.5591
vn -0.7638 0.3638 -0.5332
vn -0.7766 0.3478 -0.5254
vn -0.8573 0.3250 -0.3993
vn -0.6457 0.0691 -0.7605
vn -0.6661 0.0413 -0.7447
vn -0.7929 0.0451 -0.6077
vn -0.5619 0.0142 -0.8271
vn -0.6265 -0.0116 -0.7793
vn -0.7840 -0.0035 -0.6207
vn -0.4437 0.0372 -0.8954
vn 0.0728 0.1165 -0.9905
vn -0.7563 0.0008 -0.6543
vn -0.3015 0.0739 -0.9506
vn 0.0374 0.1249 -0.9915
vn -0.2283 0.0800 -0.9703
vn -0.0230 0.1454 -0.9891
vn -0.1192 0.0737 -0.9901
vn -0.0423 0.1450 -0.9885
vn 0.0878 -0.0395 -0.9954
vn 0.0651 0.0102 -0.9978
vn 0.0831 -0.2126 -0.9736
vn 0.1891 -0.2497 -0.9497
vn -0.0422 -0.1694 -0.9847
vn 0.1948 -0.2567 -0.9467
vn 0.1708 -0.4290 -0.8870
vn 0.0822 -0.1966 -0.9770
vn -0.4418 -0.1487 -0.8847
vn -0.5841 -0.1038 -0.8050
vn -0.5522 -0.1538 -0.8194
vn -0.6876 -0.0532 -0.7241
vn -0.5900 -0.0611 -0.8051
vn -0.6270 -0.0607 -0.7766
vn -0.6156 -0.0033 -0.7881
vn -0.6340 -0.0126 -0.7732
vn -0.6043 0.0094 -0.7967
vn -0.6209 -0.0055 -0.7839
vn -0.5670 0.0447 -0.8225
vn -0.4162 0.0851 -0.9053
vn -0.4402 0.0414 -0.8969
vn -0.2450 0.0770 -0.9665
vn -0.2067 0.0463 -0.9773
vn -0.0584 0.0499 -0.9970
vn -0.3322 0.1742 -0.9270
vn -0.1154 0.1162 -0.9865
vn 0.1947 0.0734 -0.9781
vn 0.8340 0.3812 -0.3990
vn 0.8617 0.0509 -0.5049
vn 0.9332 0.1249 0.3371
vn -0.4589 0.5149 -0.7241
vn -0.6225 0.4896 -0.6106
vn -0.2793 0.9414 0.1889
vn -0.4791 0.1622 -0.8627
vn -0.5972 0.1144 -0.7939
vn -0.0343 0.1892 0.9813
vn -0.2252 -0.1536 0.9621
vn 0.8078 0.2532 -0.5323
vn -0.5990 -0.6295 -0.4948
vn 0.9084 0.1848 -0.3750
vn -0.4113 0.1050 0.9054
vn -0.8697 -0.4844 0.0944
vn -0.4651 0.7447 -0.4786
vn 0.2800 -0.2219 0.9340
vn -0.1912 -0.2962 0.9358
vn -0.3062 -0.2894 0.9069
vn -0.3198 -0.1327 0.9382
vn -0.2622 0.0206 0.9648
vn -0.1328 -0.0201 0.9909
vn -0.0491 -0.1898 0.9806
vn 0.6559 0.2815 -0.7004
vn 0.6377 -0.0733 -0.7668
vn 0.8178 0.0279 -0.5748
vn 0.7919 0.4317 -0.4319
vn 0.6534 0.5381 -0.5324
vn 0.8515 0.2031 -0.4834
vn -0.6838 -0.1540 -0.7132
vn -0.9878 -0.1146 0.1054
vn -0.6036 -0.6903 0.3990
vn -0.2844 -0.8621 -0.4195
vn -0.0793 -0.2923 -0.9530
vn 0.8735 -0.0223 -0.4863
vn 0.9046 -0.2648 -0.3341
vn 0.9747 0.0880 -0.2056
vn 0.8568 0.3705 -0.3585
vn 0.8679 0.4027 -0.2907
vn -0.3003 0.1947 0.9338
vn -0.3298 0.2584 0.9080
vn -0.2973 0.2276 0.9272
vn -0.7494 -0.2470 0.6143
vn -0.4161 0.4045 -0.8144
vn 0.1950 0.4167 -0.8879
vn -0.0301 0.9987 -0.0406
vn -0.4784 0.5753 0.6634
vn -0.8035 0.5507 0.2260
vn 0.0786 -0.4057 0.9106
vn 0.1480 0.0163 0.9889
vn 0.5205 -0.2141 0.8266
vn 0.2903 -0.5414 0.7891
vn 0.4023 0.1807 0.8975
vn -0.1498 0.1527 0.9769
vn -0.2398 -0.0478 0.9697
vn -0.0833 -0.0828 0.9931
vn -0.0355 0.0235 0.9991
vn -0.3738 0.0237 0.9272
vn -0.3788 0.1622 0.9111
vn -0.4950 -0.0749 0.8657
vn -0.4609 0.0096 0.8874
vn -0.3973 0.1142 0.9106
vn -0.3474 0.0612 0.9357
vn -0.2669 0.1520 0.9517
vn -0.3008 0.1855 0.9355
vn -0.3840 -0.0743 0.9203
vn -0.4338 -0.0769 0.8977
vn -0.4045 0.0219 0.9143
vn -0.3732 -0.1398 0.9171
vn -0.3133 -0.0969 0.9447
vn -0.2783 -0.0513 0.9591
vn -0.4894 0.0175 0.8719
vn -0.3165 -0.2649 0.9109
vn -0.2318 -0.2958 0.9267
vn -0.2410 -0.3209 0.9159
vn 0.0389 -0.7334 0.6787
vn -0.0603 -0.7481 0.6608
vn -0.1762 -0.7877 0.5904
vn -0.3205 -0.3564 0.8776
vn -0.3960 -0.0427 0.9173
vn -0.5615 -0.0281 0.8270
vn -0.5537 0.0713 0.8296
vn -0.4977 0.0853 0.8631
vn -0.4536 -0.3308 0.8275
vn -0.7892 -0.0296 0.6134
vn -0.3434 -0.7811 0.5215
vn 0.2081 -0.9365 -0.2822
vn -0.0184 -0.9415 -0.3364
vn 0.3432 -0.3660 -0.8650
vn 0.1715 -0.3626 -0.9160
vn 0.3078 -0.1527 -0.9391
vn 0.1248 -0.1691 -0.9777
vn -0.2364 -0.1031 -0.9662
vn -0.1768 -0.0665 -0.9820
vn -0.7785 0.1481 -0.6100
vn -0.5635 0.0369 -0.8253
vn -0.8018 0.0230 -0.5972
vn -0.8392 -0.0229 -0.5433
vn -0.9916 -0.0045 0.1291
vn -0.8427 0.0336 0.5374
vn -0.9000 0.0762 -0.4292
vn -0.9452 0.1459 0.2921
vn -0.8138 0.1068 0.5713
vn -0.9640 0.2065 0.1673
vn -0.8801 0.2085 0.4265
vn -0.7392 0.1860 0.6473
vn -0.6589 0.0478 0.7507
vn -0.5609 0.1549 0.8133
vn -0.5149 0.0131 0.8572
vn -0.3648 0.1407 0.9204
vn -0.6246 0.1554 0.7653
vn -0.4015 0.1327 0.9062
vn -0.2640 0.1198 0.9570
vn -0.5206 0.0494 0.8524
vn -0.3344 0.0266 0.9420
vn -0.3443 0.0179 0.9387
vn -0.3020 0.1241 0.9452
vn -0.5091 -0.0047 0.8607
vn -0.3772 0.0975 0.9210
vn -0.5816 -0.0684 0.8106
vn -0.4894 0.0087 0.8720
vn -0.3832 -0.0283 0.9232
vn -0.5866 -0.0409 0.8088
vn -0.6348 -0.0890 0.7676
vn -0.4299 -0.0768 0.8996
vn -0.4964 -0.0892 0.8635
vn -0.5731 0.0008 0.8195
vn -0.6120 0.0003 0.7909
vn -0.3049 0.0468 0.9512
vn -0.0966 0.1163 0.9885
vn -0.2761 -0.0177 0.9610
vn -0.4950 0.1297 0.8591
vn -0.1409 0.2089 0.9677
vn 0.0708 0.2700 0.9602
vn -0.0120 0.3614 0.9323
vn -0.1529 0.1888 0.9700
vn 0.1055 0.4388 0.8924
vn 0.2654 0.4762 0.8383
vn 0.1872 0.5853 0.7889
vn 0.1248 0.6481 0.7512
vn -0.0804 0.4171 0.9053
vn 0.5001 0.7682 0.3997
vn 0.4134 0.8135 0.4090
vn 0.3656 0.8337 0.4138
vn 0.4402 0.7804 0.4440
vn 0.1892 0.6361 0.7481
vn 0.4577 0.8539 -0.2478
vn 0.5242 0.8487 -0.0708
vn 0.6307 0.7760 -0.0078
vn 0.7515 0.6591 -0.0294
vn 0.5999 0.7171 0.3548
vn 0.5367 0.6936 -0.4804
vn 0.6908 0.6127 -0.3839
vn 0.7842 0.4975 -0.3709
vn 0.7865 0.5537 -0.2733
vn 0.7733 0.6320 0.0509
vn 0.6870 0.4222 -0.5914
vn 0.7488 0.4480 -0.4884
vn 0.7601 0.5404 -0.3609
vn 0.9057 0.3994 -0.1419
vn 0.6946 0.5526 -0.4606
vn 0.7618 0.5508 -0.3410
vn 0.6562 0.3500 -0.6686
vn 0.5555 0.3916 -0.7335
vn 0.4072 0.3847 -0.8283
vn 0.3054 0.2239 -0.9255
vn 0.1705 0.0555 -0.9838
vn 0.4395 0.2390 -0.8659
vn 0.1002 -0.1839 -0.9778
vn 0.3653 -0.1254 -0.9224
vn 0.0998 -0.3795 -0.9198
vn 0.3029 -0.4129 -0.8589
vn 0.5863 -0.3486 -0.7313
vn 0.7822 -0.2032 -0.5889
vn 0.2690 -0.6009 -0.7527
vn 0.5306 -0.5600 -0.6362
vn 0.7346 -0.4598 -0.4989
vn 0.4696 -0.7473 -0.4701
vn 0.6840 -0.6622 -0.3060
vn 0.8842 -0.4537 -0.1111
vn 0.9986 -0.0205 0.0487
vn 0.5904 -0.8056 -0.0488
vn 0.8134 -0.5647 0.1396
vn 0.9517 -0.0969 0.2913
vn 0.6844 -0.6159 0.3902
vn 0.8551 -0.1545 0.4950
vn 0.7773 0.3610 0.5153
vn 0.8930 0.4081 0.1896
vn 0.6706 0.6396 0.3758
vn 0.6109 0.2805 0.7404
vn 0.4920 0.5605 0.6661
vn 0.3573 0.6363 0.6837
vn 0.2582 0.3999 0.8794
vn 0.0911 0.4432 0.8918
vn -0.0384 0.4372 0.8985
vn -0.1245 0.2202 0.9675
vn -0.2181 0.2152 0.9519
vn -0.2201 0.2189 0.9506
vn -0.3057 0.0502 0.9508
vn -0.2855 0.0753 0.9554
vn -0.2680 0.0536 0.9619
vn -0.3188 -0.0505 0.9465
vn -0.3463 -0.0476 0.9369
vn -0.3810 -0.0377 0.9238
vn -0.3250 -0.1482 0.9340
vn -0.3439 -0.1265 0.9305
vn -0.2664 -0.2668 0.9262
vn -0.2932 -0.1569 0.9431
vn -0.1851 -0.4506 0.8733
vn -0.1989 -0.3158 0.9277
vn 0.0304 -0.2191 0.9752
vn -0.0941 -0.6144 0.7834
vn 0.1138 -0.5150 0.8496
vn 0.1449 -0.4630 0.8744
vn 0.0595 -0.1586 0.9855
vn -0.0791 -0.5519 0.8302
vn -0.2879 -0.1955 0.9375
vn 0.0151 -0.7049 0.7091
vn -0.4334 -0.2425 0.8680
vn 0.0753 -0.7271 0.6824
vn 0.6857 -0.7119 -0.1518
vn 0.6339 -0.7338 -0.2443
vn 0.5024 -0.8331 -0.2313
vn 0.6281 -0.1808 -0.7568
vn 0.5271 -0.2730 -0.8048
vn 0.4469 -0.3343 -0.8298
vn 0.3582 -0.9009 -0.2450
vn 0.4919 -0.0701 -0.8678
vn 0.4253 -0.1277 -0.8960
vn 0.4946 -0.0095 -0.8691
vn 0.4764 -0.0273 -0.8788
vn 0.4462 -0.0732 -0.8919
vn 0.4287 -0.0450 -0.9023
vn 0.2232 0.0011 -0.9748
vn -0.0548 0.0296 -0.9981
vn 0.4184 -0.2032 -0.8852
vn 0.2297 -0.2104 -0.9502
vn -0.0034 -0.1870 -0.9823
vn -0.1181 -0.0669 -0.9907
vn -0.5420 -0.0526 -0.8387
vn -0.2936 -0.0873 -0.9519
vn -0.9548 0.1376 -0.2633
vn -0.4327 -0.0814 -0.8978
vn -0.9219 0.0405 -0.3854
vn -0.9877 0.1168 0.1039
vn -0.8459 -0.0382 -0.5320
vn -0.9956 -0.0151 0.0928
vn -0.9017 0.0175 0.4320
vn -0.9167 0.1490 0.3708
vn -0.7889 0.0475 0.6127
vn -0.7911 0.1646 0.5891
vn -0.6996 0.0582 0.7121
vn -0.7351 0.0492 0.6762
vn -0.6862 0.0993 0.7206
vn -0.5628 0.0917 0.8215
vn -0.5471 0.1596 0.8217
vn -0.4958 0.1780 0.8500
vn -0.3914 0.1175 0.9127
vn -0.3906 0.0274 0.9201
vn -0.3900 0.0388 0.9200
vn -0.3315 0.2500 0.9097
vn -0.3427 0.1812 0.9218
vn -0.5067 0.1328 0.8518
vn -0.1525 0.4415 0.8842
vn -0.2821 0.4033 0.8705
vn -0.2265 0.3777 0.8978
vn 0.5433 0.7200 0.4318
vn 0.4209 0.8133 0.4018
vn 0.4593 0.7658 0.4501
vn 0.7374 0.2817 -0.6139
vn 0.4510 0.7126 -0.5374
vn 0.4675 0.7089 -0.5281
vn 0.0686 0.2925 -0.9538
vn 0.1206 0.2007 -0.9722
vn 0.2443 0.6602 -0.7103
vn -0.0493 0.0701 -0.9963
vn 0.0076 0.4728 -0.8812
vn 0.4775 0.5249 -0.7046
vn -0.2091 0.2915 -0.9334
vn -0.1372 0.0439 -0.9896
vn -0.1771 -0.0072 -0.9842
vn -0.3681 0.1162 -0.9225
vn -0.1840 0.0456 -0.9819
vn -0.4542 0.0587 -0.8890
vn -0.2080 0.1798 -0.9615
vn -0.4330 -0.0052 -0.9014
vn -0.1619 -0.0881 -0.9829
vn -0.3241 -0.2204 -0.9200
vn -0.0813 -0.0427 -0.9958
vn -0.1914 -0.2902 -0.9376
vn 0.1424 -0.5223 -0.8408
vn -0.0321 -0.5602 -0.8278
vn 0.1788 -0.6974 -0.6940
vn 0.2499 -0.7772 -0.5775
vn 0.1544 -0.9329 -0.3255
vn 0.1993 -0.9432 -0.2657
vn 0.3733 -0.9086 -0.1872
vn 0.0801 -0.9773 0.1963
vn 0.2119 -0.9597 0.1846
vn 0.4244 -0.8634 0.2728
vn 0.0151 -0.8478 0.5300
vn 0.2204 -0.8029 0.5538
vn 0.5059 -0.6121 0.6077
vn 0.7108 -0.1941 0.6761
vn 0.0243 -0.6580 0.7527
vn -0.1405 -0.6557 0.7418
vn -0.2435 -0.4626 0.8525
vn -0.1162 -0.4765 0.8715
vn -0.1744 -0.5710 0.8022
vn -0.2638 -0.3640 0.8933
vn -0.3156 -0.2106 0.9252
vn -0.3287 -0.0819 0.9409
vn -0.0602 -0.8064 0.5883
vn -0.0810 -0.7231 0.6860
vn 0.0468 -0.9676 0.2481
vn 0.0270 -0.9573 0.2878
vn 0.0419 -0.8841 -0.4655
vn 0.0217 -0.7655 -0.6431
vn 0.1205 -0.9520 0.2812
vn -0.0384 -0.8895 -0.4553
vn 0.1354 -0.9270 0.3497
vn 0.3785 -0.4232 -0.8232
vn 0.4451 -0.8953 0.0207
vn 0.7109 -0.1846 -0.6787
vn 0.1372 -0.1820 -0.9737
vn 0.6548 -0.0898 -0.7505
vn 0.5815 -0.0452 -0.8123
vn 0.6099 -0.0547 -0.7906
vn 0.5500 -0.0128 -0.8351
vn 0.4983 -0.1377 -0.8560
vn 0.5241 -0.0495 -0.8502
vn 0.5051 -0.0414 -0.8621
vn 0.4742 -0.1620 -0.8654
vn 0.5293 -0.1711 -0.8310
vn 0.5344 -0.1867 -0.8244
vn 0.5932 -0.1693 -0.7870
vn 0.5948 -0.1728 -0.7851
vn 0.5044 -0.1770 -0.8451
vn 0.6435 -0.0616 -0.7629
vn 0.5177 -0.0549 -0.8538
vn 0.2656 -0.0451 -0.9630
vn 0.3073 -0.1681 -0.9367
vn 0.0165 -0.0389 -0.9991
vn 0.0488 -0.1425 -0.9886
vn -0.3184 -0.0407 -0.9471
vn 0.0088 0.0361 -0.9993
vn -0.2306 0.0216 -0.9728
vn -0.7959 -0.0161 -0.6053
vn -0.1999 0.0378 -0.9791
vn -0.7917 0.0305 -0.6101
vn -0.9761 0.0323 0.2147
vn -0.9881 -0.0300 0.1508
vn -0.7281 0.0650 0.6824
vn -0.8388 0.0020 0.5444
vn -0.5631 0.1127 0.8187
vn -0.6926 0.1777 0.6991
vn -0.4282 0.1900 0.8835
vn -0.3807 0.2508 0.8900
vn -0.3789 0.2947 0.8772
vn -0.1938 0.5097 0.8383
vn -0.1251 0.4812 0.8677
vn -0.1148 0.4938 0.8619
vn -0.1053 0.4884 0.8662
vn 0.4435 0.8486 0.2884
vn 0.5445 0.7766 0.3168
vn 0.5489 0.7654 0.3359
vn 0.5374 0.7693 0.3454
vn 0.7313 0.3940 -0.5568
vn 0.7651 0.3631 -0.5318
vn 0.7767 0.3476 -0.5253
vn 0.8572 0.3250 -0.3995
vn 0.6471 0.0692 -0.7593
vn 0.6665 0.0412 -0.7444
vn 0.7928 0.0451 -0.6078
vn 0.5621 0.0142 -0.8270
vn 0.6276 -0.0115 -0.7785
vn 0.7841 -0.0036 -0.6207
vn 0.4435 0.0372 -0.8955
vn -0.0728 0.1168 -0.9905
vn 0.7563 0.0007 -0.6542
vn 0.3017 0.0740 -0.9505
vn -0.0373 0.1250 -0.9915
vn 0.2285 0.0802 -0.9702
vn 0.0232 0.1457 -0.9891
vn 0.1192 0.0745 -0.9901
vn 0.0430 0.1455 -0.9884
vn -0.0877 -0.0390 -0.9954
vn -0.0645 0.0102 -0.9979
vn -0.0829 -0.2134 -0.9734
vn -0.1885 -0.2505 -0.9496
vn 0.0426 -0.1702 -0.9845
vn -0.1942 -0.2570 -0.9467
vn -0.1705 -0.4284 -0.8873
vn -0.0819 -0.1961 -0.9772
vn 0.4409 -0.1481 -0.8852
vn 0.5839 -0.1032 -0.8052
vn 0.5522 -0.1536 -0.8194
vn 0.6877 -0.0532 -0.7240
vn 0.5900 -0.0611 -0.8051
vn 0.6273 -0.0618 -0.7764
vn 0.6164 -0.0039 -0.7874
vn 0.6369 -0.0142 -0.7708
vn 0.6076 0.0091 -0.7942
vn 0.6238 -0.0038 -0.7816
vn 0.5700 0.0469 -0.8203
vn 0.4180 0.0861 -0.9044
vn 0.4397 0.0421 -0.8971
vn 0.2461 0.0776 -0.9661
vn 0.2048 0.0459 -0.9777
vn 0.0588 0.0501 -0.9970
vn 0.3335 0.1752 -0.9263
vn 0.1159 0.1168 -0.9864
vn -0.1932 0.0732 -0.9784
vn -0.8332 0.3805 -0.4011
vn -0.8586 0.0497 -0.5103
vn -0.9352 0.1250 0.3313
vn 0.4597 0.5165 -0.7224
vn 0.6241 0.4907 -0.6080
vn 0.2793 0.9410 0.1910
vn 0.4808 0.1630 -0.8615
vn 0.5992 0.1146 -0.7924
vn 0.0343 0.1890 0.9814
vt 0.656261 0.188446
vt 0.688399 0.214917
vt 0.665962 0.220747
vt 0.642469 0.222614
vt 0.632592 0.167803
vt 0.641873 0.140031
vt 0.664549 0.162533
vt 0.468014 0.183639
vt 0.435065 0.202905
vt 0.463151 0.158563
vt 0.476628 0.217928
vt 0.454942 0.212398
vt 0.492108 0.168068
vt 0.099537 0.894538
vt 0.081711 0.899202
vt 0.088730 0.891214
vt 0.071950 0.889543
vt 0.085120 0.880620
vt 0.100816 0.879274
vt 0.475158 0.128311
vt 0.492424 0.114422
vt 0.489390 0.127271
vt 0.485619 0.141284
vt 0.512147 0.131915
vt 0.500259 0.137128
vt 0.742753 0.559733
vt 0.741135 0.633720
vt 0.705372 0.585828
vt 0.919803 0.945414
vt 0.907493 0.931814
vt 0.925202 0.933953
vt 0.507141 0.947650
vt 0.495772 0.933544
vt 0.510213 0.931852
vt 0.524464 0.940527
vt 0.511397 0.958596
vt 0.638864 0.125280
vt 0.626212 0.134017
vt 0.637045 0.111411
vt 0.654359 0.128017
vt 0.614128 0.127002
vt 0.767503 0.557784
vt 0.769108 0.487668
vt 0.790148 0.556852
vt 0.787805 0.633720
vt 0.766306 0.633720
vt 0.807182 0.633720
vt 0.797145 0.696900
vt 0.776351 0.696900
vt 0.804378 0.749182
vt 0.748329 0.696900
vt 0.824456 0.749182
vt 0.815749 0.807649
vt 0.812849 0.696900
vt 0.840210 0.749182
vt 0.843446 0.809443
vt 0.864557 0.809606
vt 0.854225 0.853544
vt 0.855100 0.749182
vt 0.885711 0.809715
vt 0.879169 0.856946
vt 0.924161 0.860300
vt 0.901460 0.858669
vt 0.907894 0.891778
vt 0.886125 0.889824
vt 0.887361 0.912181
vt 0.858460 0.883954
vt 0.909003 0.914477
vt 0.929228 0.916874
vt 0.065828 0.844896
vt 0.083003 0.864586
vt 0.065626 0.870933
vt 0.104980 0.839136
vt 0.101562 0.862084
vt 0.125482 0.838029
vt 0.122204 0.860684
vt 0.120774 0.878977
vt 0.149709 0.855425
vt 0.147918 0.875659
vt 0.118260 0.897084
vt 0.146823 0.895599
vt 0.115112 0.913507
vt 0.093273 0.908747
vt 0.885302 0.947931
vt 0.856907 0.923818
vt 0.885979 0.929879
vt 0.906210 0.947919
vt 0.856203 0.943290
vt 0.815365 0.914614
vt 0.817027 0.893050
vt 0.858050 0.904455
vt 0.767859 0.883342
vt 0.768689 0.858589
vt 0.818543 0.871243
vt 0.819268 0.845086
vt 0.769959 0.830165
vt 0.712787 0.790829
vt 0.772546 0.796029
vt 0.713962 0.749182
vt 0.773902 0.749182
vt 0.648941 0.749182
vt 0.645537 0.696900
vt 0.699268 0.696900
vt 0.649546 0.633720
vt 0.698588 0.633720
vt 0.656201 0.589512
vt 0.614007 0.633720
vt 0.623340 0.586028
vt 0.633673 0.535582
vt 0.594252 0.583987
vt 0.604659 0.532379
vt 0.612742 0.478557
vt 0.579071 0.529868
vt 0.585312 0.475507
vt 0.590930 0.416776
vt 0.563449 0.473637
vt 0.568857 0.415585
vt 0.576550 0.354192
vt 0.550033 0.414871
vt 0.558549 0.353508
vt 0.565325 0.289069
vt 0.540833 0.352705
vt 0.549287 0.288572
vt 0.554468 0.221556
vt 0.521794 0.351749
vt 0.532042 0.287688
vt 0.539070 0.221740
vt 0.551702 0.161945
vt 0.510934 0.286063
vt 0.521123 0.221565
vt 0.538650 0.164211
vt 0.525253 0.166152
vt 0.520792 0.127305
vt 0.499542 0.220673
vt 0.509937 0.167417
vt 0.485313 0.283378
vt 0.458227 0.278957
vt 0.439518 0.344366
vt 0.408398 0.337986
vt 0.430616 0.271390
vt 0.379955 0.328147
vt 0.405428 0.261169
vt 0.353921 0.316778
vt 0.381709 0.249032
vt 0.415553 0.190349
vt 0.360463 0.236741
vt 0.398183 0.177289
vt 0.449812 0.146118
vt 0.470420 0.117123
vt 0.439110 0.135059
vt 0.431805 0.125216
vt 0.467961 0.108964
vt 0.495471 0.108471
vt 0.466683 0.101375
vt 0.497930 0.103170
vt 0.465973 0.093833
vt 0.499992 0.097753
vt 0.527870 0.122302
vt 0.534070 0.116804
vt 0.578401 0.156599
vt 0.564767 0.159222
vt 0.583223 0.220983
vt 0.568836 0.221243
vt 0.598872 0.221057
vt 0.599813 0.289338
vt 0.581555 0.289249
vt 0.623031 0.289291
vt 0.621001 0.355394
vt 0.596393 0.354836
vt 0.651808 0.355513
vt 0.649040 0.420424
vt 0.617855 0.418617
vt 0.688526 0.421150
vt 0.690593 0.495427
vt 0.645083 0.482794
vt 0.685106 0.354118
vt 0.725160 0.418598
vt 0.731471 0.491902
vt 0.718395 0.349589
vt 0.757369 0.414781
vt 0.749349 0.343023
vt 0.785721 0.411304
vt 0.793906 0.485212
vt 0.809664 0.408725
vt 0.813859 0.483975
vt 0.805483 0.556396
vt 0.819608 0.556914
vt 0.821065 0.633720
vt 0.832258 0.633720
vt 0.826809 0.696900
vt 0.839720 0.696900
vt 0.129476 0.696900
vt 0.167389 0.633720
vt 0.144250 0.696900
vt 0.119759 0.749182
vt 0.103775 0.749182
vt 0.869689 0.749182
vt 0.137049 0.749182
vt 0.115479 0.803280
vt 0.094666 0.804662
vt 0.084856 0.841515
vt 0.074818 0.806146
vt 0.135416 0.802546
vt 0.154345 0.749182
vt 0.159577 0.799752
vt 0.152643 0.832664
vt 0.192955 0.822492
vt 0.192780 0.846121
vt 0.246894 0.815933
vt 0.246198 0.841717
vt 0.192502 0.868667
vt 0.243778 0.887687
vt 0.191883 0.890783
vt 0.242304 0.907677
vt 0.190793 0.910185
vt 0.295963 0.909194
vt 0.767401 0.928756
vt 0.718380 0.903127
vt 0.767455 0.906680
vt 0.813962 0.936037
vt 0.720506 0.925262
vt 0.670515 0.909229
vt 0.665329 0.885132
vt 0.716578 0.879792
vt 0.660302 0.857806
vt 0.714890 0.854404
vt 0.713536 0.825491
vt 0.655792 0.828104
vt 0.614595 0.876647
vt 0.608945 0.851416
vt 0.605056 0.815275
vt 0.651448 0.793766
vt 0.576916 0.816896
vt 0.583114 0.749182
vt 0.611698 0.749182
vt 0.582130 0.696900
vt 0.610895 0.696900
vt 0.585209 0.633720
vt 0.558385 0.696900
vt 0.562411 0.633720
vt 0.567615 0.582274
vt 0.541831 0.633720
vt 0.547038 0.581018
vt 0.555973 0.527798
vt 0.529630 0.579947
vt 0.537510 0.526919
vt 0.543299 0.472997
vt 0.518845 0.526893
vt 0.523361 0.473348
vt 0.497169 0.528169
vt 0.502669 0.475392
vt 0.531239 0.414733
vt 0.511368 0.414727
vt 0.477749 0.476525
vt 0.486809 0.414350
vt 0.498052 0.350289
vt 0.457009 0.413731
vt 0.469549 0.347844
vt 0.446746 0.478516
vt 0.413397 0.480610
vt 0.425136 0.412447
vt 0.374225 0.480935
vt 0.390633 0.408364
vt 0.337254 0.474412
vt 0.358150 0.400680
vt 0.307272 0.464982
vt 0.329898 0.390304
vt 0.304786 0.380032
vt 0.330483 0.305596
vt 0.286425 0.372200
vt 0.312688 0.296779
vt 0.344403 0.226658
vt 0.385437 0.166286
vt 0.330819 0.217788
vt 0.374879 0.156310
vt 0.365057 0.146015
vt 0.421327 0.105410
vt 0.426211 0.115371
vt 0.416443 0.094556
vt 0.465746 0.085733
vt 0.664197 0.107497
vt 0.692611 0.140906
vt 0.660892 0.116683
vt 0.634712 0.104463
vt 0.744572 0.183419
vt 0.729724 0.193281
vt 0.680062 0.152140
vt 0.710074 0.205002
vt 0.758565 0.262924
vt 0.734229 0.272131
vt 0.706110 0.280986
vt 0.677003 0.286407
vt 0.649627 0.288637
vt 0.777137 0.337157
vt 0.776916 0.255185
vt 0.798259 0.331701
vt 0.304006 0.200179
vt 0.282300 0.282337
vt 0.265858 0.275552
vt 0.254823 0.359990
vt 0.236933 0.354560
vt 0.270594 0.365651
vt 0.247236 0.440910
vt 0.231175 0.435652
vt 0.213636 0.431577
vt 0.223780 0.508851
vt 0.210079 0.505624
vt 0.202583 0.568709
vt 0.189727 0.568676
vt 0.178887 0.569664
vt 0.196486 0.503115
vt 0.183368 0.633720
vt 0.154818 0.633720
vt 0.200949 0.633720
vt 0.180248 0.696900
vt 0.161936 0.696900
vt 0.200096 0.696900
vt 0.173163 0.749182
vt 0.221475 0.633720
vt 0.226035 0.696900
vt 0.200812 0.749182
vt 0.248127 0.749182
vt 0.247222 0.785645
vt 0.194424 0.793021
vt 0.318174 0.749182
vt 0.313199 0.785454
vt 0.308794 0.816988
vt 0.377842 0.791314
vt 0.369134 0.824794
vt 0.362214 0.852714
vt 0.305195 0.842773
vt 0.356402 0.876820
vt 0.301952 0.866011
vt 0.351129 0.899466
vt 0.298779 0.888646
vt 0.245169 0.865173
vt 0.398009 0.918553
vt 0.391940 0.938403
vt 0.346672 0.919241
vt 0.436939 0.960389
vt 0.633674 0.943472
vt 0.586682 0.941081
vt 0.627108 0.922514
vt 0.675536 0.930411
vt 0.620595 0.899848
vt 0.581220 0.920342
vt 0.547622 0.907109
vt 0.575973 0.898001
vt 0.551507 0.864108
vt 0.573994 0.865489
vt 0.556122 0.812776
vt 0.531992 0.860007
vt 0.535362 0.809206
vt 0.539050 0.749182
vt 0.515359 0.806295
vt 0.517994 0.749182
vt 0.517096 0.696900
vt 0.495580 0.806498
vt 0.497218 0.749182
vt 0.504342 0.633720
vt 0.497198 0.696900
vt 0.475645 0.749182
vt 0.475794 0.696900
vt 0.483729 0.633720
vt 0.512807 0.579397
vt 0.452518 0.696900
vt 0.461025 0.633720
vt 0.493104 0.579344
vt 0.467973 0.579037
vt 0.433114 0.633720
vt 0.438766 0.578659
vt 0.470654 0.530297
vt 0.441455 0.532323
vt 0.406358 0.578619
vt 0.410053 0.533912
vt 0.357424 0.576634
vt 0.363093 0.533355
vt 0.304467 0.578145
vt 0.314466 0.531856
vt 0.284337 0.528400
vt 0.243786 0.571832
vt 0.260194 0.520555
vt 0.282103 0.455049
vt 0.220437 0.569903
vt 0.239742 0.513545
vt 0.263646 0.447641
vt 0.250050 0.633720
vt 0.271218 0.575616
vt 0.287374 0.633720
vt 0.345888 0.633720
vt 0.262367 0.696900
vt 0.329414 0.696900
vt 0.397529 0.633720
vt 0.386670 0.696900
vt 0.383916 0.749182
vt 0.422472 0.696900
vt 0.423674 0.749182
vt 0.424441 0.808751
vt 0.452620 0.749182
vt 0.454625 0.811136
vt 0.418756 0.844646
vt 0.454309 0.858600
vt 0.411469 0.871844
vt 0.446200 0.918172
vt 0.404589 0.895867
vt 0.451112 0.894327
vt 0.477108 0.931642
vt 0.476957 0.952593
vt 0.441230 0.940027
vt 0.497066 0.952756
vt 0.499694 0.964174
vt 0.477712 0.970106
vt 0.534141 0.968344
vt 0.551618 0.954437
vt 0.555057 0.971422
vt 0.592014 0.961082
vt 0.527804 0.959186
vt 0.547902 0.936234
vt 0.497001 0.900845
vt 0.495852 0.857168
vt 0.513923 0.902230
vt 0.478498 0.902544
vt 0.476452 0.858690
vt 0.475138 0.808547
vt 0.529446 0.904496
vt 0.514012 0.857539
vt 0.522632 0.633720
vt 0.537448 0.696900
vt 0.560138 0.749182
vt 0.317573 0.208924
vt 0.297478 0.289329
vt 0.355193 0.135112
vt 0.605762 0.121193
vt 0.501799 0.092267
vt 0.618647 0.221655
vt 0.612288 0.164382
vt 0.594443 0.160800
vt 0.667493 0.540278
vt 0.695820 0.599233
vt 0.908049 0.810132
vt 0.701383 0.130443
vt 0.539751 0.110550
vt 0.929451 0.894403
vt 0.145894 0.913317
s 1
usemtl LacrimalCaruncle.001
f 3948/5516/3930 3957/5517/3939 3958/5518/3940
f 3948/5516/3930 3959/5519/3941 3960/5520/3942
f 3948/5516/3930 3961/5521/3943 3956/5522/3938
f 3949/5523/3931 3963/5524/3945 3964/5525/3946
f 3949/5523/3931 3966/5526/3948 3962/5527/3944
f 3964/5525/3946 3965/5528/3947 3949/5523/3931
f 3968/5529/3950 3953/5530/3935 3950/5531/3932
f 3950/5531/3932 3970/5532/3952 3971/5533/3953
f 3950/5531/3932 3972/5534/3954 3968/5529/3950
f 3973/5535/3955 3975/5536/3957 3951/5537/3933
f 3951/5537/3933 3967/5538/3949 3973/5535/3955
f 3951/5537/3933 3977/5539/3959 3976/5540/3958
f 3978/5541/3960 3980/5542/3962 3952/5543/3934
f 3953/5544/3935 3981/5545/3963 3970/5546/3952
f 3954/5547/3936 3983/5548/3965 3984/5549/3966
f 3954/5547/3936 3985/5550/3967 3986/5551/3968
f 3955/5552/3937 3961/5521/3943 3988/5553/3970
f 3989/5554/3971 3987/5555/3969 3955/5552/3937
f 3955/5552/3937 3991/5556/3973 3989/5554/3971
f 3992/5557/3974 3994/5558/3976 3995/5559/3977
f 3995/5559/3977 3997/5560/3979 3992/5557/3974
f 3992/5557/3974 3979/5561/3961 3978/5541/3960
f 3996/5562/3978 3999/5563/3981 3997/5560/3979
f 3997/5560/3979 4000/5564/3982 3979/5561/3961
f 4001/5565/3983 4003/5566/3985 4000/5564/3982
f 4003/5566/3985 3979/5561/3961 4000/5564/3982
f 3999/5563/3981 4001/5565/3983 4000/5564/3982
f 4004/5567/3986 4006/5568/3988 4001/5565/3983
f 4004/5567/3986 3998/5569/3980 4007/5570/3989
f 4007/5570/3989 4005/5571/3987 4004/5567/3986
f 4008/5572/3990 4010/5573/3992 4005/5571/3987
f 4008/5572/3990 4011/5574/3993 4012/5575/3994
f 4012/5575/3994 4009/5576/3991 4008/5572/3990
f 4012/5575/3994 4015/5577/3997 4013/5578/3995
f 4015/5577/3997 4017/5579/3999 4013/5578/3995
f 4013/5578/3995 4018/5580/4000 4009/5576/3991
f 4019/5581/4001 4021/5582/4003 4018/5580/4000
f 4018/5580/4000 4010/5573/3992 4009/5576/3991
f 4017/5579/3999 4019/5581/4001 4018/5580/4000
f 3981/5545/3963 4019/5581/4001 4022/5583/4004
f 4017/5579/3999 4024/5584/4006 4022/5583/4004
f 4022/5583/4004 3970/5546/3952 3981/5545/3963
f 4016/5585/3998 4026/5586/4008 4024/5587/4006
f 4024/5587/4006 3971/5533/3953 3970/5532/3952
f 4026/5586/4008 4027/5588/4009 4028/5589/4010
f 4028/5589/4010 3971/5533/3953 4026/5586/4008
f 4028/5589/4010 4029/5590/4011 4030/5591/4012
f 4030/5591/4012 3972/5534/3954 4028/5589/4010
f 4031/5592/4013 4032/5593/4014 4033/5594/4015
f 4033/5594/4015 4035/5595/4017 4031/5592/4013
f 4031/5592/4013 3968/5529/3950 3972/5534/3954
f 4034/5596/4016 4037/5597/4019 4035/5595/4017
f 4035/5595/4017 3969/5598/3951 3968/5529/3950
f 4037/5599/4019 4038/5600/4020 4023/5601/4005
f 4037/5599/4019 3981/5545/3963 3969/5602/3951
f 4036/5603/4018 4040/5604/4022 4038/5600/4020
f 4038/5600/4020 4041/5605/4023 4020/5606/4002
f 4020/5606/4002 4023/5601/4005 4038/5600/4020
f 4040/5604/4022 4043/5607/4025 4041/5605/4023
f 4041/5605/4023 4044/5608/4026 4045/5609/4027
f 4045/5609/4027 4020/5606/4002 4041/5605/4023
f 4044/5608/4026 4047/5610/4029 4045/5609/4027
f 4045/5609/4027 4010/5573/3992 4021/5582/4003
f 4046/5611/4028 4006/5568/3988 4047/5610/4029
f 4047/5610/4029 4005/5571/3987 4010/5573/3992
f 4046/5611/4028 4050/5612/4032 4048/5613/4030
f 4048/5613/4030 4051/5614/4033 4002/5615/3984
f 4048/5613/4030 4001/5565/3983 4006/5568/3988
f 4050/5612/4032 4053/5616/4035 4051/5614/4033
f 4051/5614/4033 4054/5617/4036 4055/5618/4037
f 4055/5618/4037 4002/5615/3984 4051/5614/4033
f 4055/5618/4037 4056/5619/4038 4057/5620/4039
f 4057/5620/4039 4003/5566/3985 4055/5618/4037
f 4058/5621/4040 4057/5620/4039 4056/5619/4038
f 4054/5617/4036 4061/5622/4043 4056/5619/4038
f 4056/5619/4038 4062/5623/4044 4058/5621/4040
f 4063/5624/4045 4058/5621/4040 4062/5623/4044
f 4061/5622/4043 4066/5625/4048 4062/5623/4044
f 4062/5623/4044 4067/5626/4049 4063/5624/4045
f 4068/5627/4050 4063/5624/4045 4067/5626/4049
f 4066/5625/4048 4071/5628/4053 4067/5626/4049
f 4067/5626/4049 4072/5629/4054 4068/5627/4050
f 4073/5630/4055 4068/5627/4050 4072/5629/4054
f 4071/5628/4053 4076/5631/4058 4072/5629/4054
f 4072/5629/4054 4077/5632/4059 4073/5630/4055
f 4078/5633/4060 4073/5630/4055 4077/5632/4059
f 4076/5631/4058 4081/5634/4063 4077/5632/4059
f 4077/5632/4059 4082/5635/4064 4078/5633/4060
f 4083/5636/4065 4078/5633/4060 4082/5635/4064
f 4081/5634/4063 4086/5637/4068 4082/5635/4064
f 4082/5635/4064 4087/5638/4069 4083/5636/4065
f 4088/5639/4070 4083/5636/4065 4087/5638/4069
f 4087/5638/4069 4090/5640/4072 4091/5641/4073
f 4091/5641/4073 4088/5639/4070 4087/5638/4069
f 4092/5642/4074 4094/5643/4076 4088/5639/4070
f 4092/5642/4074 4095/5644/4077 4096/5645/4078
f 4096/5645/4078 4093/5646/4075 4092/5642/4074
f 4097/5647/4079 4098/5648/4080 4093/5646/4075
f 4097/5647/4079 4099/5649/4081 4100/5650/4082
f 4100/5650/4082 3977/5539/3959 4097/5647/4079
f 4100/5650/4082 3966/5526/3948 3965/5528/3947
f 3965/5528/3947 3976/5540/3958 4100/5650/4082
f 4096/5645/4078 4101/5651/4083 4099/5649/4081
f 4099/5649/4081 4102/5652/4084 3966/5526/3948
f 4101/5651/4083 4104/5653/4086 4102/5652/4084
f 4102/5652/4084 4105/5654/4087 4106/5655/4088
f 4106/5655/4088 3966/5526/3948 4102/5652/4084
f 4106/5655/4088 4107/5656/4089 4108/5657/4090
f 4108/5657/4090 3962/5527/3944 4106/5655/4088
f 4108/5657/4090 4109/5658/4091 4110/5659/4092
f 4110/5659/4092 3963/5524/3945 4108/5657/4090
f 4111/5660/4093 3964/5525/3946 3963/5524/3945
f 4111/5660/4093 4113/5661/4095 4114/5662/4096
f 4114/5662/4096 4112/5663/4094 4111/5660/4093
f 3974/5664/3956 4112/5663/4094 4115/5665/4097
f 4114/5662/4096 4117/5666/4099 4115/5665/4097
f 4115/5665/4097 4118/5667/4100 3974/5664/3956
f 4119/5668/4101 3974/5664/3956 4118/5667/4100
f 4117/5666/4099 4121/5669/4103 4118/5667/4100
f 4121/5669/4103 4119/5668/4101 4118/5667/4100
f 4122/5670/4104 4123/5671/4105 4124/5672/4106
f 4124/5672/4106 4126/5673/4108 4122/5670/4104
f 4122/5670/4104 4098/5648/4080 4119/5668/4101
f 4125/5674/4107 4094/5643/4076 4126/5673/4108
f 4126/5673/4108 4093/5646/4075 4098/5648/4080
f 4125/5674/4107 4129/5675/4111 4127/5676/4109
f 4127/5676/4109 4130/5677/4112 4089/5678/4071
f 4127/5676/4109 4088/5639/4070 4094/5643/4076
f 4129/5675/4111 4132/5679/4114 4130/5677/4112
f 4130/5677/4112 4133/5680/4115 4084/5681/4066
f 4084/5681/4066 4089/5678/4071 4130/5677/4112
f 4132/5679/4114 4135/5682/4117 4133/5680/4115
f 4133/5680/4115 4136/5683/4118 4079/5684/4061
f 4079/5684/4061 4084/5681/4066 4133/5680/4115
f 4135/5682/4117 4138/5685/4120 4136/5683/4118
f 4136/5683/4118 4139/5686/4121 4074/5687/4056
f 4074/5687/4056 4079/5684/4061 4136/5683/4118
f 4138/5685/4120 4141/5688/4123 4139/5686/4121
f 4139/5686/4121 4142/5689/4124 4069/5690/4051
f 4069/5690/4051 4074/5687/4056 4139/5686/4121
f 4140/5691/4122 4144/5692/4126 4141/5688/4123
f 4141/5688/4123 3993/5693/3975 4142/5689/4124
f 4143/5694/4125 4146/5695/4128 4144/5692/4126
f 4146/5695/4128 3993/5693/3975 4144/5692/4126
f 4145/5696/4127 4148/5697/4130 4146/5695/4128
f 4148/5697/4130 3994/5558/3976 4146/5695/4128
f 4149/5698/4131 4150/5699/4132 4151/5700/4133
f 4151/5700/4133 4153/5701/4135 4149/5698/4131
f 4149/5698/4131 3995/5559/3977 3994/5558/3976
f 4152/5702/4134 4155/5703/4137 4153/5701/4135
f 4153/5701/4135 3996/5562/3978 3995/5559/3977
f 4154/5704/4136 4157/5705/4139 4155/5703/4137
f 4155/5703/4137 3998/5569/3980 3996/5562/3978
f 4156/5706/4138 4011/5574/3993 4157/5705/4139
f 4157/5705/4139 4007/5570/3989 3998/5569/3980
f 4158/5707/4140 4159/5708/4141 4160/5709/4142
f 4158/5707/4140 4161/5710/4143 4014/5711/3996
f 4158/5712/4140 4012/5575/3994 4011/5574/3993
f 4160/5709/4142 4163/5713/4145 4161/5710/4143
f 4161/5710/4143 4164/5714/4146 4165/5715/4147
f 4165/5715/4147 4014/5711/3996 4161/5710/4143
f 4164/5714/4146 4025/5716/4007 4165/5715/4147
f 4025/5716/4007 4015/5717/3997 4165/5715/4147
f 4163/5713/4145 4167/5718/4149 4164/5714/4146
f 4164/5714/4146 4029/5590/4011 4027/5588/4009
f 4166/5719/4148 4169/5720/4151 4167/5718/4149
f 4167/5718/4149 4170/5721/4152 4029/5590/4011
f 4169/5720/4151 4172/5722/4154 4170/5721/4152
f 4170/5721/4152 4173/5723/4155 4032/5593/4014
f 4170/5721/4152 4030/5591/4012 4029/5590/4011
f 4173/5723/4155 4174/5724/4156 4175/5725/4157
f 4175/5725/4157 4177/5726/4159 4173/5723/4155
f 4173/5723/4155 4033/5594/4015 4032/5593/4014
f 4177/5726/4159 4178/5727/4160 4179/5728/4161
f 4177/5726/4159 4034/5596/4016 4033/5594/4015
f 4179/5728/4161 4180/5729/4162 4039/5730/4021
f 4039/5730/4021 4034/5596/4016 4179/5728/4161
f 4178/5727/4160 4182/5731/4164 4180/5729/4162
f 4180/5732/4162 4183/5733/4165 4042/5734/4024
f 4042/5734/4024 4039/5735/4021 4180/5732/4162
f 4182/5736/4164 4185/5737/4167 4183/5733/4165
f 4183/5733/4165 4186/5738/4168 4187/5739/4169
f 4187/5739/4169 4042/5734/4024 4183/5733/4165
f 4187/5739/4169 4188/5740/4170 4189/5741/4171
f 4189/5741/4171 4043/5607/4025 4187/5739/4169
f 4188/5740/4170 4049/5742/4031 4189/5741/4171
f 4049/5742/4031 4044/5608/4026 4189/5741/4171
f 4190/5743/4172 4191/5744/4173 4192/5745/4174
f 4190/5743/4172 4193/5746/4175 4052/5747/4034
f 4052/5747/4034 4049/5742/4031 4190/5743/4172
f 4192/5745/4174 4195/5748/4177 4193/5746/4175
f 4193/5746/4175 4196/5749/4178 4197/5750/4179
f 4197/5750/4179 4052/5747/4034 4193/5746/4175
f 4197/5750/4179 4198/5751/4180 4060/5752/4042
f 4060/5752/4042 4053/5616/4035 4197/5750/4179
f 4065/5753/4047 4060/5752/4042 4198/5751/4180
f 4196/5749/4178 4200/5754/4182 4198/5751/4180
f 4198/5751/4180 4201/5755/4183 4065/5753/4047
f 4070/5756/4052 4065/5753/4047 4201/5755/4183
f 4200/5754/4182 4203/5757/4185 4201/5755/4183
f 4201/5755/4183 4204/5758/4186 4070/5756/4052
f 4075/5759/4057 4070/5756/4052 4204/5758/4186
f 4203/5757/4185 4206/5760/4188 4204/5758/4186
f 4204/5758/4186 4207/5761/4189 4075/5759/4057
f 4080/5762/4062 4075/5759/4057 4207/5761/4189
f 4206/5760/4188 4209/5763/4191 4207/5761/4189
f 4209/5763/4191 4080/5762/4062 4207/5761/4189
f 4210/5764/4192 4081/5634/4063 4080/5762/4062
f 4210/5764/4192 4211/5765/4193 4212/5766/4194
f 4212/5766/4194 4085/5767/4067 4210/5764/4192
f 4213/5768/4195 4086/5637/4068 4085/5767/4067
f 4213/5768/4195 4214/5769/4196 4215/5770/4197
f 4215/5770/4197 4090/5640/4072 4213/5768/4195
f 4216/5771/4198 4091/5641/4073 4090/5640/4072
f 4216/5771/4198 4217/5772/4199 4103/5773/4085
f 4103/5773/4085 4095/5644/4077 4216/5771/4198
f 4215/5770/4197 4218/5774/4200 4217/5772/4199
f 4217/5772/4199 4219/5775/4201 4220/5776/4202
f 4220/5776/4202 4103/5773/4085 4217/5772/4199
f 4220/5776/4202 4221/5777/4203 4222/5778/4204
f 4222/5778/4204 4104/5653/4086 4220/5776/4202
f 4222/5778/4204 4223/5779/4205 4224/5780/4206
f 4224/5780/4206 4105/5654/4087 4222/5778/4204
f 4224/5780/4206 4225/5781/4207 4226/5782/4208
f 4226/5782/4208 4107/5656/4089 4224/5780/4206
f 4225/5781/4207 4228/5783/4210 4226/5782/4208
f 4228/5783/4210 4109/5658/4091 4226/5782/4208
f 4113/5661/4095 4109/5658/4091 4229/5784/4211
f 4229/5784/4211 4230/5785/4212 4231/5786/4213
f 4229/5784/4211 4232/5787/4214 4113/5661/4095
f 4116/5788/4098 4113/5661/4095 4232/5787/4214
f 4231/5786/4213 4234/5789/4216 4232/5787/4214
f 4232/5787/4214 4235/5790/4217 4116/5788/4098
f 4235/5790/4217 4117/5666/4099 4116/5788/4098
f 4234/5789/4216 4237/5791/4219 4235/5790/4217
f 4235/5790/4217 4238/5792/4220 4120/5793/4102
f 4238/5792/4220 4121/5669/4103 4120/5793/4102
f 4237/5791/4219 4240/5794/4222 4238/5792/4220
f 4240/5794/4222 4123/5671/4105 4238/5792/4220
f 4241/5795/4223 4124/5672/4106 4123/5671/4105
f 4241/5796/4223 4243/5797/4225 3990/5798/3972
f 3990/5798/3972 4242/5799/4224 4241/5796/4223
f 4243/5797/4225 4239/5800/4221 4244/5801/4226
f 4244/5801/4226 4246/5802/4228 4243/5797/4225
f 4246/5802/4228 3990/5798/3972 4243/5797/4225
f 4245/5803/4227 3956/5522/3938 4246/5802/4228
f 4246/5802/4228 3961/5521/3943 3987/5555/3969
f 4245/5803/4227 4247/5804/4229 4248/5805/4230
f 4248/5805/4230 3957/5517/3939 4245/5803/4227
f 4249/5806/4231 4145/5696/4127 4143/5694/4125
f 4143/5694/4125 4250/5807/4232 4249/5806/4231
f 4249/5806/4231 3958/5518/3940 3957/5517/3939
f 4140/5691/4122 4137/5808/4119 4250/5807/4232
f 4250/5807/4232 3959/5519/3941 3958/5518/3940
f 4248/5805/4230 4147/5809/4129 4145/5696/4127
f 4244/5801/4226 4251/5810/4233 4247/5804/4229
f 4247/5804/4229 4252/5811/4234 4147/5809/4129
f 4251/5812/4233 4253/5813/4235 4252/5814/4234
f 4252/5814/4234 4254/5815/4236 4150/5816/4132
f 4150/5699/4132 4147/5809/4129 4252/5811/4234
f 4253/5813/4235 4255/5817/4237 4254/5815/4236
f 4254/5815/4236 4256/5818/4238 4257/5819/4239
f 4254/5815/4236 4151/5820/4133 4150/5816/4132
f 4257/5819/4239 4258/5821/4240 4259/5822/4241
f 4259/5822/4241 4151/5820/4133 4257/5819/4239
f 4259/5822/4241 4260/5823/4242 4261/5824/4243
f 4259/5822/4241 4154/5825/4136 4152/5826/4134
f 4261/5824/4243 4262/5827/4244 4159/5708/4141
f 4261/5824/4243 4156/5828/4138 4154/5825/4136
f 4260/5823/4242 4264/5829/4246 4262/5827/4244
f 4262/5827/4244 4265/5830/4247 4162/5831/4144
f 4162/5831/4144 4159/5708/4141 4262/5827/4244
f 4264/5829/4246 4267/5832/4249 4265/5830/4247
f 4265/5830/4247 4168/5833/4150 4166/5719/4148
f 4166/5719/4148 4162/5831/4144 4265/5830/4247
f 4266/5834/4248 4269/5835/4251 4267/5832/4249
f 4267/5832/4249 4270/5836/4252 4168/5833/4150
f 4269/5835/4251 4272/5837/4254 4270/5836/4252
f 4270/5836/4252 4273/5838/4255 4171/5839/4153
f 4171/5839/4153 4168/5833/4150 4270/5836/4252
f 4273/5838/4255 4274/5840/4256 4275/5841/4257
f 4273/5838/4255 4276/5842/4258 4174/5724/4156
f 4174/5724/4156 4171/5839/4153 4273/5838/4255
f 4276/5842/4258 4277/5843/4259 4278/5844/4260
f 4276/5842/4258 4279/5845/4261 4280/5846/4262
f 4280/5846/4262 4174/5724/4156 4276/5842/4258
f 4280/5846/4262 4281/5847/4263 4282/5848/4264
f 4282/5848/4264 4175/5725/4157 4280/5846/4262
f 4282/5848/4264 4283/5849/4265 4181/5850/4163
f 4181/5850/4163 4176/5851/4158 4282/5848/4264
f 4281/5847/4263 4285/5852/4267 4283/5849/4265
f 4283/5849/4265 4286/5853/4268 4184/5854/4166
f 4184/5854/4166 4181/5850/4163 4283/5849/4265
f 4285/5852/4267 4288/5855/4270 4286/5853/4268
f 4286/5856/4268 4289/5857/4271 4290/5858/4272
f 4290/5858/4272 4184/5859/4166 4286/5856/4268
f 4289/5857/4271 4292/5860/4274 4290/5858/4272
f 4290/5858/4272 4186/5738/4168 4185/5737/4167
f 4291/5861/4273 4191/5744/4173 4292/5860/4274
f 4292/5860/4274 4188/5740/4170 4186/5738/4168
f 4291/5861/4273 4295/5862/4277 4293/5863/4275
f 4293/5863/4275 4296/5864/4278 4194/5865/4176
f 4194/5865/4176 4191/5744/4173 4293/5863/4275
f 4297/5866/4279 4194/5865/4176 4296/5864/4278
f 4295/5862/4277 4299/5867/4281 4296/5864/4278
f 4296/5864/4278 4300/5868/4282 4297/5866/4279
f 4301/5869/4283 4297/5866/4279 4300/5868/4282
f 4299/5867/4281 4303/5870/4285 4300/5868/4282
f 4300/5868/4282 4304/5871/4286 4301/5869/4283
f 4305/5872/4287 4301/5869/4283 4304/5871/4286
f 4304/5871/4286 4306/5873/4288 4307/5874/4289
f 4307/5874/4289 4305/5872/4287 4304/5871/4286
f 4309/5875/4291 4305/5872/4287 4308/5876/4290
f 4308/5876/4290 4310/5877/4292 4311/5878/4293
f 4311/5878/4293 4309/5875/4291 4308/5876/4290
f 4312/5879/4294 4208/5880/4190 4309/5875/4291
f 4312/5879/4294 4314/5881/4296 4315/5882/4297
f 4315/5882/4297 4313/5883/4295 4312/5879/4294
f 4316/5884/4298 4211/5765/4193 4313/5883/4295
f 4316/5884/4298 4318/5885/4300 4319/5886/4301
f 4319/5886/4301 4317/5887/4299 4316/5884/4298
f 4320/5888/4302 4214/5769/4196 4317/5887/4299
f 4320/5888/4302 4321/5889/4303 4322/5890/4304
f 4322/5890/4304 4218/5774/4200 4320/5888/4302
f 4322/5890/4304 4323/5891/4305 4324/5892/4306
f 4324/5892/4306 4219/5775/4201 4322/5890/4304
f 4324/5892/4306 4325/5893/4307 4326/5894/4308
f 4326/5894/4308 4221/5777/4203 4324/5892/4306
f 4325/5893/4307 4328/5895/4310 4326/5894/4308
f 4326/5894/4308 4225/5781/4207 4223/5779/4205
f 4328/5895/4310 4329/5896/4311 4330/5897/4312
f 4328/5895/4310 4227/5898/4209 4225/5781/4207
f 4330/5897/4312 4263/5899/4245 4331/5900/4313
f 4330/5897/4312 4332/5901/4314 4227/5898/4209
f 4332/5901/4314 4228/5783/4210 4227/5898/4209
f 4331/5900/4313 4256/5818/4238 4332/5901/4314
f 4332/5901/4314 4255/5817/4237 4230/5785/4212
f 4331/5900/4313 4260/5823/4242 4258/5821/4240
f 4329/5896/4311 4268/5902/4250 4266/5834/4248
f 4266/5834/4248 4263/5899/4245 4329/5896/4311
f 4327/5903/4309 4333/5904/4315 4268/5902/4250
f 4333/5904/4315 4323/5891/4305 4334/5905/4316
f 4334/5905/4316 4271/5906/4253 4333/5904/4315
f 4271/5906/4253 4268/5902/4250 4333/5904/4315
f 4335/5907/4317 4336/5908/4318 4337/5909/4319
f 4337/5909/4319 4274/5840/4256 4335/5907/4317
f 4335/5907/4317 4272/5837/4254 4271/5906/4253
f 4338/5910/4320 4339/5911/4321 4340/5912/4322
f 4340/5912/4322 4277/5843/4259 4338/5910/4320
f 4338/5910/4320 4275/5841/4257 4274/5840/4256
f 4341/5913/4323 4342/5914/4324 4343/5915/4325
f 4343/5915/4325 4345/5916/4327 4341/5913/4323
f 4341/5913/4323 4278/5844/4260 4277/5843/4259
f 4344/5917/4326 4347/5918/4329 4345/5916/4327
f 4347/5918/4329 4278/5844/4260 4345/5916/4327
f 4347/5918/4329 4348/5919/4330 4284/5920/4266
f 4284/5920/4266 4279/5845/4261 4347/5918/4329
f 4346/5921/4328 4350/5922/4332 4348/5919/4330
f 4348/5919/4330 4351/5923/4333 4287/5924/4269
f 4287/5924/4269 4284/5920/4266 4348/5919/4330
f 4350/5922/4332 3982/5925/3964 4351/5923/4333
f 4351/5923/4333 4352/5926/4334 4353/5927/4335
f 4353/5927/4335 4287/5924/4269 4351/5923/4333
f 4352/5928/4334 4354/5929/4336 4353/5930/4335
f 4354/5929/4336 4288/5931/4270 4353/5930/4335
f 3986/5932/3968 4294/5933/4276 4354/5929/4336
f 4354/5929/4336 4291/5861/4273 4289/5857/4271
f 4350/5922/4332 4355/5934/4337 3983/5548/3965
f 4356/5935/4338 4357/5936/4339 4355/5934/4337
f 4355/5934/4337 3984/5549/3966 3983/5548/3965
f 4349/5937/4331 4356/5935/4338 4355/5934/4337
f 4358/5938/4340 4306/5873/4288 4356/5935/4338
f 4358/5938/4340 4346/5921/4328 4344/5917/4326
f 4344/5917/4326 4359/5939/4341 4358/5938/4340
f 4359/5939/4341 4307/5874/4289 4306/5873/4288
f 4343/5915/4325 4310/5877/4292 4359/5939/4341
f 4357/5936/4339 4299/5867/4281 4298/5940/4280
f 4298/5940/4280 3984/5549/3966 4357/5936/4339
f 4356/5935/4338 4303/5870/4285 4302/5941/4284
f 4342/5914/4324 4311/5878/4293 4310/5877/4292
f 4340/5912/4322 4314/5881/4296 4342/5914/4324
f 4339/5911/4321 4315/5882/4297 4314/5881/4296
f 4337/5909/4319 4318/5885/4300 4339/5911/4321
f 4336/5908/4318 4319/5886/4301 4318/5885/4300
f 4334/5905/4316 4321/5889/4303 4336/5908/4318
f 4317/5887/4299 4212/5766/4194 4211/5765/4193
f 4313/5883/4295 4209/5763/4191 4208/5880/4190
f 4208/5880/4190 4205/5942/4187 4309/5875/4291
f 4205/5942/4187 4202/5943/4184 4305/5872/4287
f 4202/5943/4184 4199/5944/4181 4301/5869/4283
f 4295/5862/4277 3985/5550/3967 4298/5940/4280
f 4199/5944/4181 4195/5748/4177 4297/5866/4279
f 4255/5817/4237 4231/5786/4213 4230/5785/4212
f 4236/5945/4218 4233/5946/4215 4253/5813/4235
f 4239/5947/4221 4236/5945/4218 4251/5812/4233
f 3989/5554/3971 4128/5948/4110 4242/5799/4224
f 4242/5949/4224 4125/5674/4107 4124/5672/4106
f 4137/5808/4119 4134/5950/4116 3959/5519/3941
f 4360/5951/4342 3959/5519/3941 4134/5950/4116
f 4134/5950/4116 4131/5952/4113 4360/5951/4342
f 3988/5553/3970 3960/5520/3942 4360/5951/4342
f 4360/5951/4342 3991/5556/3973 3988/5553/3970
f 4131/5952/4113 4128/5948/4110 3991/5556/3973
f 4119/5668/4101 3977/5539/3959 3975/5536/3957
f 4112/5663/4094 3967/5538/3949 3964/5525/3946
f 4069/5690/4051 4064/5953/4046 4063/5624/4045
f 4064/5953/4046 4059/5954/4041 4058/5621/4040
f 3982/5925/3964 3986/5551/3968 4352/5926/4334
f 3952/5543/3934 4057/5620/4039 4059/5954/4041
f 4142/5689/4124 3952/5543/3934 4064/5953/4046
f 3993/5693/3975 3978/5541/3960 4142/5689/4124
f 4361/5516/4343 4370/5517/4352 4369/5522/4351
f 4361/5516/4343 4372/5519/4354 4371/5518/4353
f 4369/5522/4351 4373/5520/4355 4361/5516/4343
f 4362/5523/4344 4376/5524/4358 4375/5527/4357
f 4362/5523/4344 4379/5526/4361 4378/5528/4360
f 4378/5528/4360 4377/5525/4359 4362/5523/4344
f 4366/5530/4348 4381/5529/4363 4363/5531/4345
f 4363/5531/4345 4383/5532/4365 4366/5530/4348
f 4363/5531/4345 4385/5534/4367 4384/5533/4366
f 4388/5536/4370 4386/5535/4368 4364/5537/4346
f 4364/5537/4346 4380/5538/4362 4389/5540/4371
f 4364/5537/4346 4390/5539/4372 4388/5536/4370
f 4393/5542/4375 4391/5541/4373 4365/5543/4347
f 4366/5544/4348 4394/5545/4376 4382/5602/4364
f 4367/5547/4349 4396/5548/4378 4395/5925/4377
f 4367/5547/4349 4398/5550/4380 4397/5549/4379
f 4368/5552/4350 4374/5521/4356 4400/5555/4382
f 4400/5555/4382 4402/5554/4384 4368/5552/4350
f 4368/5552/4350 4404/5556/4386 4401/5553/4383
f 4405/5557/4387 4407/5558/4389 4406/5693/4388
f 4410/5560/4392 4408/5559/4390 4405/5557/4387
f 4405/5557/4387 4392/5561/4374 4410/5560/4392
f 4412/5563/4394 4409/5562/4391 4410/5560/4392
f 4410/5560/4392 4413/5564/4395 4412/5563/4394
f 4416/5566/4398 4414/5565/4396 4413/5564/4395
f 4392/5561/4374 4416/5566/4398 4413/5564/4395
f 4414/5565/4396 4412/5563/4394 4413/5564/4395
f 4417/5567/4399 4419/5568/4401 4418/5571/4400
f 4417/5567/4399 4411/5569/4393 4412/5563/4394
f 4418/5571/4400 4420/5570/4402 4417/5567/4399
f 4421/5572/4403 4423/5573/4405 4422/5576/4404
f 4421/5572/4403 4424/5574/4406 4420/5570/4402
f 4422/5576/4404 4425/5575/4407 4421/5572/4403
f 4428/5577/4410 4425/5575/4407 4426/5578/4408
f 4430/5579/4412 4428/5577/4410 4426/5578/4408
f 4426/5578/4408 4431/5580/4413 4430/5579/4412
f 4434/5582/4416 4432/5581/4414 4431/5580/4413
f 4431/5580/4413 4423/5573/4405 4434/5582/4416
f 4432/5581/4414 4430/5579/4412 4431/5580/4413
f 4432/5581/4414 4394/5545/4376 4435/5583/4417
f 4437/5584/4419 4430/5579/4412 4435/5583/4417
f 4435/5583/4417 4383/5546/4365 4437/5584/4419
f 4439/5586/4421 4429/5585/4411 4437/5587/4419
f 4437/5587/4419 4384/5533/4366 4439/5586/4421
f 4439/5586/4421 4440/5588/4422 4438/5716/4420
f 4384/5533/4366 4441/5589/4423 4439/5586/4421
f 4441/5589/4423 4442/5590/4424 4440/5588/4422
f 4385/5534/4367 4443/5591/4425 4441/5589/4423
f 4444/5592/4426 4445/5593/4427 4443/5591/4425
f 4448/5595/4430 4446/5594/4428 4444/5592/4426
f 4444/5592/4426 4381/5529/4363 4448/5595/4430
f 4450/5597/4432 4447/5596/4429 4448/5595/4430
f 4448/5595/4430 4382/5598/4364 4450/5597/4432
f 4450/5599/4432 4451/5600/4433 4449/5603/4431
f 4450/5599/4432 4394/5545/4376 4436/5601/4418
f 4453/5604/4435 4449/5603/4431 4451/5600/4433
f 4451/5600/4433 4454/5605/4436 4453/5604/4435
f 4436/5601/4418 4433/5606/4415 4451/5600/4433
f 4456/5607/4438 4453/5604/4435 4454/5605/4436
f 4454/5605/4436 4457/5608/4439 4456/5607/4438
f 4433/5606/4415 4458/5609/4440 4454/5605/4436
f 4460/5610/4442 4457/5608/4439 4458/5609/4440
f 4458/5609/4440 4423/5573/4405 4460/5610/4442
f 4419/5568/4401 4459/5611/4441 4460/5610/4442
f 4460/5610/4442 4418/5571/4400 4419/5568/4401
f 4463/5612/4445 4459/5611/4441 4461/5613/4443
f 4461/5613/4443 4464/5614/4446 4463/5612/4445
f 4461/5613/4443 4414/5565/4396 4415/5615/4397
f 4466/5616/4448 4463/5612/4445 4464/5614/4446
f 4464/5614/4446 4467/5617/4449 4466/5616/4448
f 4415/5615/4397 4468/5618/4450 4464/5614/4446
f 4468/5618/4450 4469/5619/4451 4467/5617/4449
f 4416/5566/4398 4470/5620/4452 4468/5618/4450
f 4470/5620/4452 4471/5621/4453 4469/5619/4451
f 4474/5622/4456 4467/5617/4449 4469/5619/4451
f 4469/5619/4451 4475/5623/4457 4474/5622/4456
f 4471/5621/4453 4476/5624/4458 4475/5623/4457
f 4479/5625/4461 4474/5622/4456 4475/5623/4457
f 4475/5623/4457 4480/5626/4462 4479/5625/4461
f 4476/5624/4458 4481/5627/4463 4480/5626/4462
f 4484/5628/4466 4479/5625/4461 4480/5626/4462
f 4480/5626/4462 4485/5629/4467 4484/5628/4466
f 4481/5627/4463 4486/5630/4468 4485/5629/4467
f 4489/5631/4471 4484/5628/4466 4485/5629/4467
f 4485/5629/4467 4490/5632/4472 4489/5631/4471
f 4486/5630/4468 4491/5633/4473 4490/5632/4472
f 4494/5634/4476 4489/5631/4471 4490/5632/4472
f 4490/5632/4472 4495/5635/4477 4494/5634/4476
f 4491/5633/4473 4496/5636/4478 4495/5635/4477
f 4499/5637/4481 4494/5634/4476 4495/5635/4477
f 4495/5635/4477 4500/5638/4482 4499/5637/4481
f 4496/5636/4478 4501/5639/4483 4500/5638/4482
f 4500/5638/4482 4503/5640/4485 4499/5637/4481
f 4501/5639/4483 4504/5641/4486 4500/5638/4482
f 4505/5642/4487 4507/5643/4489 4506/5646/4488
f 4505/5642/4487 4508/5644/4490 4504/5641/4486
f 4506/5646/4488 4509/5645/4491 4505/5642/4487
f 4510/5647/4492 4511/5648/4493 4390/5539/4372
f 4510/5647/4492 4512/5649/4494 4509/5645/4491
f 4390/5539/4372 4513/5650/4495 4510/5647/4492
f 4513/5650/4495 4379/5526/4361 4512/5649/4494
f 4389/5540/4371 4378/5528/4360 4513/5650/4495
f 4514/5651/4496 4509/5645/4491 4512/5649/4494
f 4512/5649/4494 4515/5652/4497 4514/5651/4496
f 4517/5653/4499 4514/5651/4496 4515/5652/4497
f 4515/5652/4497 4518/5654/4500 4517/5653/4499
f 4379/5526/4361 4519/5655/4501 4515/5652/4497
f 4519/5655/4501 4520/5656/4502 4518/5654/4500
f 4375/5527/4357 4521/5657/4503 4519/5655/4501
f 4521/5657/4503 4522/5658/4504 4520/5656/4502
f 4376/5524/4358 4523/5659/4505 4521/5657/4503
f 4524/5660/4506 4377/5525/4359 4525/5663/4507
f 4524/5660/4506 4526/5661/4508 4523/5659/4505
f 4525/5663/4507 4527/5662/4509 4524/5660/4506
f 4525/5663/4507 4387/5664/4369 4528/5665/4510
f 4530/5666/4512 4527/5662/4509 4528/5665/4510
f 4528/5665/4510 4531/5667/4513 4530/5666/4512
f 4387/5664/4369 4532/5668/4514 4531/5667/4513
f 4534/5669/4516 4530/5666/4512 4531/5667/4513
f 4532/5668/4514 4534/5669/4516 4531/5667/4513
f 4535/5670/4517 4536/5671/4518 4534/5669/4516
f 4539/5673/4521 4537/5672/4519 4535/5670/4517
f 4535/5670/4517 4511/5648/4493 4539/5673/4521
f 4507/5643/4489 4538/5674/4520 4539/5673/4521
f 4539/5673/4521 4506/5646/4488 4507/5643/4489
f 4542/5675/4524 4538/5674/4520 4540/5676/4522
f 4540/5676/4522 4543/5677/4525 4542/5675/4524
f 4540/5676/4522 4501/5639/4483 4502/5678/4484
f 4545/5679/4527 4542/5675/4524 4543/5677/4525
f 4543/5677/4525 4546/5680/4528 4545/5679/4527
f 4502/5678/4484 4497/5681/4479 4543/5677/4525
f 4548/5682/4530 4545/5679/4527 4546/5680/4528
f 4546/5680/4528 4549/5683/4531 4548/5682/4530
f 4497/5681/4479 4492/5684/4474 4546/5680/4528
f 4551/5685/4533 4548/5682/4530 4549/5683/4531
f 4549/5683/4531 4552/5686/4534 4551/5685/4533
f 4492/5684/4474 4487/5687/4469 4549/5683/4531
f 4554/5688/4536 4551/5685/4533 4552/5686/4534
f 4552/5686/4534 4555/5689/4537 4554/5688/4536
f 4487/5687/4469 4482/5690/4464 4552/5686/4534
f 4557/5692/4539 4553/5691/4535 4554/5688/4536
f 4554/5688/4536 4406/5693/4388 4557/5692/4539
f 4559/5695/4541 4556/5694/4538 4557/5692/4539
f 4406/5693/4388 4559/5695/4541 4557/5692/4539
f 4561/5697/4543 4558/5696/4540 4559/5695/4541
f 4407/5558/4389 4561/5697/4543 4559/5695/4541
f 4562/5698/4544 4563/5699/4545 4561/5697/4543
f 4566/5701/4548 4564/5700/4546 4562/5698/4544
f 4562/5698/4544 4408/5559/4390 4566/5701/4548
f 4568/5703/4550 4565/5702/4547 4566/5701/4548
f 4566/5701/4548 4409/5562/4391 4568/5703/4550
f 4570/5705/4552 4567/5704/4549 4568/5703/4550
f 4568/5703/4550 4411/5569/4393 4570/5705/4552
f 4424/5574/4406 4569/5706/4551 4570/5705/4552
f 4570/5705/4552 4420/5570/4402 4424/5574/4406
f 4571/5707/4553 4572/5708/4554 4569/5828/4551
f 4571/5707/4553 4574/5710/4556 4573/5709/4555
f 4571/5712/4553 4425/5575/4407 4427/5955/4409
f 4576/5713/4558 4573/5709/4555 4574/5710/4556
f 4574/5710/4556 4577/5714/4559 4576/5713/4558
f 4427/5711/4409 4578/5715/4560 4574/5710/4556
f 4438/5716/4420 4577/5714/4559 4578/5715/4560
f 4428/5717/4410 4438/5716/4420 4578/5715/4560
f 4580/5718/4562 4576/5713/4558 4577/5714/4559
f 4577/5714/4559 4442/5590/4424 4580/5718/4562
f 4582/5720/4564 4579/5719/4561 4580/5718/4562
f 4580/5718/4562 4583/5721/4565 4582/5720/4564
f 4585/5722/4567 4582/5720/4564 4583/5721/4565
f 4583/5721/4565 4586/5723/4568 4585/5722/4567
f 4583/5721/4565 4443/5591/4425 4445/5593/4427
f 4586/5723/4568 4587/5724/4569 4585/5722/4567
f 4590/5726/4572 4588/5725/4570 4586/5723/4568
f 4586/5723/4568 4446/5594/4428 4590/5726/4572
f 4590/5726/4572 4591/5727/4573 4589/5851/4571
f 4590/5726/4572 4447/5596/4429 4592/5728/4574
f 4592/5728/4574 4593/5729/4575 4591/5727/4573
f 4447/5596/4429 4452/5730/4434 4592/5728/4574
f 4595/5731/4577 4591/5727/4573 4593/5729/4575
f 4593/5732/4575 4596/5733/4578 4595/5736/4577
f 4452/5735/4434 4455/5734/4437 4593/5732/4575
f 4598/5737/4580 4595/5736/4577 4596/5733/4578
f 4596/5733/4578 4599/5738/4581 4598/5737/4580
f 4455/5734/4437 4600/5739/4582 4596/5733/4578
f 4600/5739/4582 4601/5740/4583 4599/5738/4581
f 4456/5607/4438 4602/5741/4584 4600/5739/4582
f 4462/5742/4444 4601/5740/4583 4602/5741/4584
f 4457/5608/4439 4462/5742/4444 4602/5741/4584
f 4603/5743/4585 4604/5744/4586 4601/5740/4583
f 4603/5743/4585 4606/5746/4588 4605/5745/4587
f 4462/5742/4444 4465/5747/4447 4603/5743/4585
f 4608/5748/4590 4605/5745/4587 4606/5746/4588
f 4606/5746/4588 4609/5749/4591 4608/5748/4590
f 4465/5747/4447 4610/5750/4592 4606/5746/4588
f 4610/5750/4592 4611/5751/4593 4609/5749/4591
f 4466/5616/4448 4473/5752/4455 4610/5750/4592
f 4473/5752/4455 4478/5753/4460 4611/5751/4593
f 4613/5754/4595 4609/5749/4591 4611/5751/4593
f 4611/5751/4593 4614/5755/4596 4613/5754/4595
f 4478/5753/4460 4483/5756/4465 4614/5755/4596
f 4616/5757/4598 4613/5754/4595 4614/5755/4596
f 4614/5755/4596 4617/5758/4599 4616/5757/4598
f 4483/5756/4465 4488/5759/4470 4617/5758/4599
f 4619/5760/4601 4616/5757/4598 4617/5758/4599
f 4617/5758/4599 4620/5761/4602 4619/5760/4601
f 4488/5759/4470 4493/5762/4475 4620/5761/4602
f 4622/5763/4604 4619/5760/4601 4620/5761/4602
f 4493/5762/4475 4622/5763/4604 4620/5761/4602
f 4623/5764/4605 4494/5634/4476 4498/5767/4480
f 4623/5764/4605 4624/5765/4606 4622/5763/4604
f 4498/5767/4480 4625/5766/4607 4623/5764/4605
f 4626/5768/4608 4499/5637/4481 4503/5640/4485
f 4626/5768/4608 4627/5769/4609 4625/5766/4607
f 4503/5640/4485 4628/5770/4610 4626/5768/4608
f 4629/5771/4611 4504/5641/4486 4508/5644/4490
f 4629/5771/4611 4630/5772/4612 4628/5770/4610
f 4508/5644/4490 4516/5773/4498 4629/5771/4611
f 4631/5774/4613 4628/5770/4610 4630/5772/4612
f 4630/5772/4612 4632/5775/4614 4631/5774/4613
f 4516/5773/4498 4633/5776/4615 4630/5772/4612
f 4633/5776/4615 4634/5777/4616 4632/5775/4614
f 4517/5653/4499 4635/5778/4617 4633/5776/4615
f 4635/5778/4617 4636/5779/4618 4634/5777/4616
f 4518/5654/4500 4637/5780/4619 4635/5778/4617
f 4637/5780/4619 4638/5781/4620 4636/5779/4618
f 4520/5656/4502 4639/5782/4621 4637/5780/4619
f 4641/5783/4623 4638/5781/4620 4639/5782/4621
f 4522/5658/4504 4641/5783/4623 4639/5782/4621
f 4522/5658/4504 4526/5661/4508 4642/5784/4624
f 4642/5784/4624 4643/5785/4625 4641/5783/4623
f 4642/5784/4624 4645/5787/4627 4644/5786/4626
f 4526/5661/4508 4529/5788/4511 4645/5787/4627
f 4647/5789/4629 4644/5786/4626 4645/5787/4627
f 4645/5787/4627 4648/5790/4630 4647/5789/4629
f 4648/5790/4630 4530/5666/4512 4533/5793/4515
f 4650/5791/4632 4647/5789/4629 4648/5790/4630
f 4648/5790/4630 4651/5792/4633 4650/5791/4632
f 4651/5792/4633 4534/5669/4516 4536/5671/4518
f 4653/5794/4635 4650/5791/4632 4651/5792/4633
f 4536/5671/4518 4653/5794/4635 4651/5792/4633
f 4654/5795/4636 4537/5672/4519 4655/5949/4637
f 4654/5796/4636 4656/5797/4638 4653/5956/4635
f 4655/5799/4637 4403/5798/4385 4654/5796/4636
f 4656/5797/4638 4652/5800/4634 4653/5956/4635
f 4659/5802/4641 4657/5801/4639 4656/5797/4638
f 4403/5798/4385 4659/5802/4641 4656/5797/4638
f 4369/5522/4351 4658/5803/4640 4659/5802/4641
f 4659/5802/4641 4374/5521/4356 4369/5522/4351
f 4658/5803/4640 4660/5804/4642 4657/5801/4639
f 4370/5517/4352 4661/5805/4643 4658/5803/4640
f 4662/5806/4644 4558/5696/4540 4661/5805/4643
f 4663/5807/4645 4556/5694/4538 4662/5806/4644
f 4662/5806/4644 4371/5518/4353 4663/5807/4645
f 4550/5808/4532 4553/5691/4535 4663/5807/4645
f 4663/5807/4645 4372/5519/4354 4550/5808/4532
f 4661/5805/4643 4560/5809/4542 4660/5804/4642
f 4664/5810/4646 4657/5801/4639 4660/5804/4642
f 4660/5804/4642 4665/5811/4647 4664/5810/4646
f 4666/5813/4648 4664/5812/4646 4665/5814/4647
f 4665/5814/4647 4667/5815/4649 4666/5813/4648
f 4560/5809/4542 4563/5699/4545 4665/5811/4647
f 4668/5817/4650 4666/5813/4648 4667/5815/4649
f 4667/5815/4649 4669/5818/4651 4668/5817/4650
f 4667/5815/4649 4564/5820/4546 4670/5819/4652
f 4670/5819/4652 4671/5821/4653 4669/5818/4651
f 4564/5820/4546 4672/5822/4654 4670/5819/4652
f 4672/5822/4654 4673/5823/4655 4671/5821/4653
f 4672/5822/4654 4567/5825/4549 4674/5824/4656
f 4674/5824/4656 4675/5827/4657 4673/5823/4655
f 4674/5824/4656 4569/5828/4551 4572/5708/4554
f 4677/5829/4659 4673/5823/4655 4675/5827/4657
f 4675/5827/4657 4678/5830/4660 4677/5829/4659
f 4572/5708/4554 4575/5831/4557 4675/5827/4657
f 4680/5832/4662 4677/5829/4659 4678/5830/4660
f 4678/5830/4660 4581/5833/4563 4680/5832/4662
f 4575/5831/4557 4579/5719/4561 4678/5830/4660
f 4682/5835/4664 4679/5834/4661 4680/5832/4662
f 4680/5832/4662 4683/5836/4665 4682/5835/4664
f 4685/5837/4667 4682/5835/4664 4683/5836/4665
f 4683/5836/4665 4686/5838/4668 4685/5837/4667
f 4581/5833/4563 4584/5839/4566 4683/5836/4665
f 4686/5838/4668 4687/5840/4669 4685/5837/4667
f 4686/5838/4668 4689/5842/4671 4688/5841/4670
f 4584/5839/4566 4587/5724/4569 4686/5838/4668
f 4689/5842/4671 4690/5843/4672 4688/5841/4670
f 4689/5842/4671 4692/5845/4674 4691/5844/4673
f 4587/5724/4569 4693/5846/4675 4689/5842/4671
f 4693/5846/4675 4694/5847/4676 4692/5845/4674
f 4588/5725/4570 4695/5848/4677 4693/5846/4675
f 4695/5848/4677 4696/5849/4678 4694/5847/4676
f 4589/5851/4571 4594/5850/4576 4695/5848/4677
f 4698/5852/4680 4694/5847/4676 4696/5849/4678
f 4696/5849/4678 4699/5853/4681 4698/5852/4680
f 4594/5850/4576 4597/5854/4579 4696/5849/4678
f 4701/5855/4683 4698/5852/4680 4699/5853/4681
f 4699/5856/4681 4702/5857/4684 4701/5931/4683
f 4597/5859/4579 4703/5858/4685 4699/5856/4681
f 4705/5860/4687 4702/5857/4684 4703/5858/4685
f 4703/5858/4685 4599/5738/4581 4705/5860/4687
f 4604/5744/4586 4704/5861/4686 4705/5860/4687
f 4705/5860/4687 4601/5740/4583 4604/5744/4586
f 4708/5862/4690 4704/5861/4686 4706/5863/4688
f 4706/5863/4688 4709/5864/4691 4708/5862/4690
f 4604/5744/4586 4607/5865/4589 4706/5863/4688
f 4607/5865/4589 4710/5866/4692 4709/5864/4691
f 4712/5867/4694 4708/5862/4690 4709/5864/4691
f 4709/5864/4691 4713/5868/4695 4712/5867/4694
f 4710/5866/4692 4714/5869/4696 4713/5868/4695
f 4716/5870/4698 4712/5867/4694 4713/5868/4695
f 4713/5868/4695 4717/5871/4699 4716/5870/4698
f 4714/5869/4696 4718/5872/4700 4717/5871/4699
f 4717/5871/4699 4719/5873/4701 4716/5870/4698
f 4718/5872/4700 4720/5874/4702 4717/5871/4699
f 4718/5872/4700 4722/5875/4704 4721/5876/4703
f 4721/5876/4703 4723/5877/4705 4720/5874/4702
f 4722/5875/4704 4724/5878/4706 4721/5876/4703
f 4725/5879/4707 4621/5880/4603 4726/5883/4708
f 4725/5879/4707 4727/5881/4709 4724/5878/4706
f 4726/5883/4708 4728/5882/4710 4725/5879/4707
f 4729/5884/4711 4624/5765/4606 4730/5887/4712
f 4729/5884/4711 4731/5885/4713 4728/5882/4710
f 4730/5887/4712 4732/5886/4714 4729/5884/4711
f 4733/5888/4715 4627/5769/4609 4631/5774/4613
f 4733/5888/4715 4734/5889/4716 4732/5886/4714
f 4631/5774/4613 4735/5890/4717 4733/5888/4715
f 4735/5890/4717 4736/5891/4718 4734/5889/4716
f 4632/5775/4614 4737/5892/4719 4735/5890/4717
f 4737/5892/4719 4738/5893/4720 4736/5891/4718
f 4634/5777/4616 4739/5894/4721 4737/5892/4719
f 4741/5895/4723 4738/5893/4720 4739/5894/4721
f 4739/5894/4721 4638/5781/4620 4741/5895/4723
f 4741/5895/4723 4742/5896/4724 4740/5903/4722
f 4741/5895/4723 4640/5898/4622 4743/5897/4725
f 4743/5897/4725 4676/5899/4658 4742/5896/4724
f 4743/5897/4725 4745/5901/4727 4744/5900/4726
f 4745/5901/4727 4641/5783/4623 4643/5785/4625
f 4669/5818/4651 4744/5900/4726 4745/5901/4727
f 4745/5901/4727 4668/5817/4650 4669/5818/4651
f 4744/5900/4726 4673/5823/4655 4676/5899/4658
f 4742/5896/4724 4681/5902/4663 4740/5903/4722
f 4676/5899/4658 4679/5834/4661 4742/5896/4724
f 4740/5903/4722 4746/5904/4728 4738/5893/4720
f 4746/5904/4728 4736/5891/4718 4738/5893/4720
f 4684/5906/4666 4747/5905/4729 4746/5904/4728
f 4681/5902/4663 4684/5906/4666 4746/5904/4728
f 4748/5907/4730 4749/5908/4731 4747/5905/4729
f 4687/5840/4669 4750/5909/4732 4748/5907/4730
f 4748/5907/4730 4685/5837/4667 4687/5840/4669
f 4751/5910/4733 4752/5911/4734 4750/5909/4732
f 4690/5843/4672 4753/5912/4735 4751/5910/4733
f 4751/5910/4733 4688/5841/4670 4690/5843/4672
f 4754/5913/4736 4755/5914/4737 4753/5912/4735
f 4758/5916/4740 4756/5915/4738 4754/5913/4736
f 4754/5913/4736 4691/5844/4673 4758/5916/4740
f 4760/5918/4742 4757/5917/4739 4758/5916/4740
f 4691/5844/4673 4760/5918/4742 4758/5916/4740
f 4760/5918/4742 4761/5919/4743 4759/5921/4741
f 4692/5845/4674 4697/5920/4679 4760/5918/4742
f 4763/5922/4745 4759/5921/4741 4761/5919/4743
f 4761/5919/4743 4764/5923/4746 4763/5922/4745
f 4697/5920/4679 4700/5924/4682 4761/5919/4743
f 4395/5925/4377 4763/5922/4745 4764/5923/4746
f 4764/5923/4746 4765/5926/4747 4395/5925/4377
f 4700/5924/4682 4766/5927/4748 4764/5923/4746
f 4767/5929/4749 4765/5928/4747 4766/5930/4748
f 4701/5931/4683 4767/5929/4749 4766/5930/4748
f 4707/5933/4689 4399/5932/4381 4767/5929/4749
f 4767/5929/4749 4704/5861/4686 4707/5933/4689
f 4763/5922/4745 4768/5934/4750 4762/5937/4744
f 4770/5936/4752 4769/5935/4751 4768/5934/4750
f 4768/5934/4750 4397/5549/4379 4770/5936/4752
f 4769/5935/4751 4762/5937/4744 4768/5934/4750
f 4771/5938/4753 4719/5873/4701 4772/5939/4754
f 4771/5938/4753 4759/5921/4741 4762/5937/4744
f 4772/5939/4754 4757/5917/4739 4771/5938/4753
f 4772/5939/4754 4720/5874/4702 4723/5877/4705
f 4723/5877/4705 4756/5915/4738 4772/5939/4754
f 4770/5936/4752 4712/5867/4694 4715/5941/4697
f 4397/5549/4379 4711/5940/4693 4770/5936/4752
f 4769/5935/4751 4716/5870/4698 4719/5873/4701
f 4755/5914/4737 4724/5878/4706 4727/5881/4709
f 4727/5881/4709 4753/5912/4735 4755/5914/4737
f 4752/5911/4734 4728/5882/4710 4731/5885/4713
f 4731/5885/4713 4750/5909/4732 4752/5911/4734
f 4749/5908/4731 4732/5886/4714 4734/5889/4716
f 4734/5889/4716 4747/5905/4729 4749/5908/4731
f 4730/5887/4712 4625/5766/4607 4627/5769/4609
f 4726/5883/4708 4622/5763/4604 4624/5765/4606
f 4618/5942/4600 4621/5880/4603 4722/5875/4704
f 4615/5943/4597 4618/5942/4600 4718/5872/4700
f 4612/5944/4594 4615/5943/4597 4714/5869/4696
f 4398/5550/4380 4708/5862/4690 4711/5940/4693
f 4608/5748/4590 4612/5944/4594 4710/5866/4692
f 4668/5817/4650 4644/5786/4626 4646/5946/4628
f 4646/5946/4628 4649/5945/4631 4666/5813/4648
f 4649/5945/4631 4652/5947/4634 4664/5812/4646
f 4541/5948/4523 4402/5554/4384 4655/5799/4637
f 4655/5949/4637 4538/5674/4520 4541/5957/4523
f 4550/5808/4532 4547/5950/4529 4548/5682/4530
f 4372/5519/4354 4773/5951/4755 4547/5950/4529
f 4547/5950/4529 4544/5952/4526 4545/5679/4527
f 4373/5520/4355 4401/5553/4383 4773/5951/4755
f 4773/5951/4755 4404/5556/4386 4544/5952/4526
f 4544/5952/4526 4541/5948/4523 4542/5675/4524
f 4532/5668/4514 4390/5539/4372 4511/5648/4493
f 4525/5663/4507 4380/5538/4362 4386/5535/4368
f 4482/5690/4464 4477/5953/4459 4555/5689/4537
f 4472/5954/4454 4477/5953/4459 4471/5621/4453
f 4399/5551/4381 4395/5925/4377 4765/5926/4747
f 4470/5620/4452 4365/5543/4347 4472/5954/4454
f 4365/5543/4347 4555/5689/4537 4477/5953/4459
f 4391/5541/4373 4406/5693/4388 4555/5689/4537
f 3948/5516/3930 3956/5522/3938 3957/5517/3939
f 3948/5516/3930 3958/5518/3940 3959/5519/3941
f 3948/5516/3930 3960/5520/3942 3961/5521/3943
f 3949/5523/3931 3962/5527/3944 3963/5524/3945
f 3949/5523/3931 3965/5528/3947 3966/5526/3948
f 3964/5525/3946 3967/5538/3949 3965/5528/3947
f 3968/5529/3950 3969/5598/3951 3953/5530/3935
f 3950/5531/3932 3953/5530/3935 3970/5532/3952
f 3950/5531/3932 3971/5533/3953 3972/5534/3954
f 3973/5535/3955 3974/5664/3956 3975/5536/3957
f 3951/5537/3933 3976/5540/3958 3967/5538/3949
f 3951/5537/3933 3975/5536/3957 3977/5539/3959
f 3978/5541/3960 3979/5561/3961 3980/5542/3962
f 3953/5544/3935 3969/5602/3951 3981/5545/3963
f 3954/5547/3936 3982/5925/3964 3983/5548/3965
f 3954/5547/3936 3984/5549/3966 3985/5550/3967
f 3955/5552/3937 3987/5555/3969 3961/5521/3943
f 3989/5554/3971 3990/5798/3972 3987/5555/3969
f 3955/5552/3937 3988/5553/3970 3991/5556/3973
f 3992/5557/3974 3993/5693/3975 3994/5558/3976
f 3995/5559/3977 3996/5562/3978 3997/5560/3979
f 3992/5557/3974 3997/5560/3979 3979/5561/3961
f 3996/5562/3978 3998/5569/3980 3999/5563/3981
f 3997/5560/3979 3999/5563/3981 4000/5564/3982
f 4001/5565/3983 4002/5615/3984 4003/5566/3985
f 4003/5566/3985 3980/5542/3962 3979/5561/3961
f 3999/5563/3981 4004/5567/3986 4001/5565/3983
f 4004/5567/3986 4005/5571/3987 4006/5568/3988
f 4004/5567/3986 3999/5563/3981 3998/5569/3980
f 4007/5570/3989 4008/5572/3990 4005/5571/3987
f 4008/5572/3990 4009/5576/3991 4010/5573/3992
f 4008/5572/3990 4007/5570/3989 4011/5574/3993
f 4012/5575/3994 4013/5578/3995 4009/5576/3991
f 4012/5575/3994 4014/5955/3996 4015/5577/3997
f 4015/5577/3997 4016/5958/3998 4017/5579/3999
f 4013/5578/3995 4017/5579/3999 4018/5580/4000
f 4019/5581/4001 4020/5606/4002 4021/5582/4003
f 4018/5580/4000 4021/5582/4003 4010/5573/3992
f 4017/5579/3999 4022/5583/4004 4019/5581/4001
f 3981/5545/3963 4023/5601/4005 4019/5581/4001
f 4017/5579/3999 4016/5958/3998 4024/5584/4006
f 4022/5583/4004 4024/5584/4006 3970/5546/3952
f 4016/5585/3998 4025/5716/4007 4026/5586/4008
f 4024/5587/4006 4026/5586/4008 3971/5533/3953
f 4026/5586/4008 4025/5716/4007 4027/5588/4009
f 4028/5589/4010 3972/5534/3954 3971/5533/3953
f 4028/5589/4010 4027/5588/4009 4029/5590/4011
f 4030/5591/4012 4031/5592/4013 3972/5534/3954
f 4031/5592/4013 4030/5591/4012 4032/5593/4014
f 4033/5594/4015 4034/5596/4016 4035/5595/4017
f 4031/5592/4013 4035/5595/4017 3968/5529/3950
f 4034/5596/4016 4036/5959/4018 4037/5597/4019
f 4035/5595/4017 4037/5597/4019 3969/5598/3951
f 4037/5599/4019 4036/5603/4018 4038/5600/4020
f 4037/5599/4019 4023/5601/4005 3981/5545/3963
f 4036/5603/4018 4039/5735/4021 4040/5604/4022
f 4038/5600/4020 4040/5604/4022 4041/5605/4023
f 4020/5606/4002 4019/5581/4001 4023/5601/4005
f 4040/5604/4022 4042/5734/4024 4043/5607/4025
f 4041/5605/4023 4043/5607/4025 4044/5608/4026
f 4045/5609/4027 4021/5582/4003 4020/5606/4002
f 4044/5608/4026 4046/5611/4028 4047/5610/4029
f 4045/5609/4027 4047/5610/4029 4010/5573/3992
f 4046/5611/4028 4048/5613/4030 4006/5568/3988
f 4047/5610/4029 4006/5568/3988 4005/5571/3987
f 4046/5611/4028 4049/5742/4031 4050/5612/4032
f 4048/5613/4030 4050/5612/4032 4051/5614/4033
f 4048/5613/4030 4002/5615/3984 4001/5565/3983
f 4050/5612/4032 4052/5747/4034 4053/5616/4035
f 4051/5614/4033 4053/5616/4035 4054/5617/4036
f 4055/5618/4037 4003/5566/3985 4002/5615/3984
f 4055/5618/4037 4054/5617/4036 4056/5619/4038
f 4057/5620/4039 3980/5542/3962 4003/5566/3985
f 4058/5621/4040 4059/5954/4041 4057/5620/4039
f 4054/5617/4036 4060/5752/4042 4061/5622/4043
f 4056/5619/4038 4061/5622/4043 4062/5623/4044
f 4063/5624/4045 4064/5953/4046 4058/5621/4040
f 4061/5622/4043 4065/5753/4047 4066/5625/4048
f 4062/5623/4044 4066/5625/4048 4067/5626/4049
f 4068/5627/4050 4069/5690/4051 4063/5624/4045
f 4066/5625/4048 4070/5756/4052 4071/5628/4053
f 4067/5626/4049 4071/5628/4053 4072/5629/4054
f 4073/5630/4055 4074/5687/4056 4068/5627/4050
f 4071/5628/4053 4075/5759/4057 4076/5631/4058
f 4072/5629/4054 4076/5631/4058 4077/5632/4059
f 4078/5633/4060 4079/5684/4061 4073/5630/4055
f 4076/5631/4058 4080/5762/4062 4081/5634/4063
f 4077/5632/4059 4081/5634/4063 4082/5635/4064
f 4083/5636/4065 4084/5681/4066 4078/5633/4060
f 4081/5634/4063 4085/5767/4067 4086/5637/4068
f 4082/5635/4064 4086/5637/4068 4087/5638/4069
f 4088/5639/4070 4089/5678/4071 4083/5636/4065
f 4087/5638/4069 4086/5637/4068 4090/5640/4072
f 4091/5641/4073 4092/5642/4074 4088/5639/4070
f 4092/5642/4074 4093/5646/4075 4094/5643/4076
f 4092/5642/4074 4091/5641/4073 4095/5644/4077
f 4096/5645/4078 4097/5647/4079 4093/5646/4075
f 4097/5647/4079 3977/5539/3959 4098/5648/4080
f 4097/5647/4079 4096/5645/4078 4099/5649/4081
f 4100/5650/4082 3976/5540/3958 3977/5539/3959
f 4100/5650/4082 4099/5649/4081 3966/5526/3948
f 3965/5528/3947 3967/5538/3949 3976/5540/3958
f 4096/5645/4078 4095/5644/4077 4101/5651/4083
f 4099/5649/4081 4101/5651/4083 4102/5652/4084
f 4101/5651/4083 4103/5773/4085 4104/5653/4086
f 4102/5652/4084 4104/5653/4086 4105/5654/4087
f 4106/5655/4088 3962/5527/3944 3966/5526/3948
f 4106/5655/4088 4105/5654/4087 4107/5656/4089
f 4108/5657/4090 3963/5524/3945 3962/5527/3944
f 4108/5657/4090 4107/5656/4089 4109/5658/4091
f 4110/5659/4092 4111/5660/4093 3963/5524/3945
f 4111/5660/4093 4112/5663/4094 3964/5525/3946
f 4111/5660/4093 4110/5659/4092 4113/5661/4095
f 4114/5662/4096 4115/5665/4097 4112/5663/4094
f 3974/5664/3956 3973/5535/3955 4112/5663/4094
f 4114/5662/4096 4116/5788/4098 4117/5666/4099
f 4115/5665/4097 4117/5666/4099 4118/5667/4100
f 4119/5668/4101 3975/5536/3957 3974/5664/3956
f 4117/5666/4099 4120/5793/4102 4121/5669/4103
f 4121/5669/4103 4122/5670/4104 4119/5668/4101
f 4122/5670/4104 4121/5669/4103 4123/5671/4105
f 4124/5672/4106 4125/5674/4107 4126/5673/4108
f 4122/5670/4104 4126/5673/4108 4098/5648/4080
f 4125/5674/4107 4127/5676/4109 4094/5643/4076
f 4126/5673/4108 4094/5643/4076 4093/5646/4075
f 4125/5674/4107 4128/5957/4110 4129/5675/4111
f 4127/5676/4109 4129/5675/4111 4130/5677/4112
f 4127/5676/4109 4089/5678/4071 4088/5639/4070
f 4129/5675/4111 4131/5952/4113 4132/5679/4114
f 4130/5677/4112 4132/5679/4114 4133/5680/4115
f 4084/5681/4066 4083/5636/4065 4089/5678/4071
f 4132/5679/4114 4134/5950/4116 4135/5682/4117
f 4133/5680/4115 4135/5682/4117 4136/5683/4118
f 4079/5684/4061 4078/5633/4060 4084/5681/4066
f 4135/5682/4117 4137/5808/4119 4138/5685/4120
f 4136/5683/4118 4138/5685/4120 4139/5686/4121
f 4074/5687/4056 4073/5630/4055 4079/5684/4061
f 4138/5685/4120 4140/5691/4122 4141/5688/4123
f 4139/5686/4121 4141/5688/4123 4142/5689/4124
f 4069/5690/4051 4068/5627/4050 4074/5687/4056
f 4140/5691/4122 4143/5694/4125 4144/5692/4126
f 4141/5688/4123 4144/5692/4126 3993/5693/3975
f 4143/5694/4125 4145/5696/4127 4146/5695/4128
f 4146/5695/4128 3994/5558/3976 3993/5693/3975
f 4145/5696/4127 4147/5809/4129 4148/5697/4130
f 4148/5697/4130 4149/5698/4131 3994/5558/3976
f 4149/5698/4131 4148/5697/4130 4150/5699/4132
f 4151/5700/4133 4152/5702/4134 4153/5701/4135
f 4149/5698/4131 4153/5701/4135 3995/5559/3977
f 4152/5702/4134 4154/5704/4136 4155/5703/4137
f 4153/5701/4135 4155/5703/4137 3996/5562/3978
f 4154/5704/4136 4156/5706/4138 4157/5705/4139
f 4155/5703/4137 4157/5705/4139 3998/5569/3980
f 4156/5706/4138 4158/5712/4140 4011/5574/3993
f 4157/5705/4139 4011/5574/3993 4007/5570/3989
f 4158/5707/4140 4156/5828/4138 4159/5708/4141
f 4158/5707/4140 4160/5709/4142 4161/5710/4143
f 4158/5712/4140 4014/5955/3996 4012/5575/3994
f 4160/5709/4142 4162/5831/4144 4163/5713/4145
f 4161/5710/4143 4163/5713/4145 4164/5714/4146
f 4165/5715/4147 4015/5717/3997 4014/5711/3996
f 4164/5714/4146 4027/5588/4009 4025/5716/4007
f 4025/5716/4007 4016/5585/3998 4015/5717/3997
f 4163/5713/4145 4166/5719/4148 4167/5718/4149
f 4164/5714/4146 4167/5718/4149 4029/5590/4011
f 4166/5719/4148 4168/5833/4150 4169/5720/4151
f 4167/5718/4149 4169/5720/4151 4170/5721/4152
f 4169/5720/4151 4171/5839/4153 4172/5722/4154
f 4170/5721/4152 4172/5722/4154 4173/5723/4155
f 4170/5721/4152 4032/5593/4014 4030/5591/4012
f 4173/5723/4155 4172/5722/4154 4174/5724/4156
f 4175/5725/4157 4176/5851/4158 4177/5726/4159
f 4173/5723/4155 4177/5726/4159 4033/5594/4015
f 4177/5726/4159 4176/5851/4158 4178/5727/4160
f 4177/5726/4159 4179/5728/4161 4034/5596/4016
f 4179/5728/4161 4178/5727/4160 4180/5729/4162
f 4039/5730/4021 4036/5959/4018 4034/5596/4016
f 4178/5727/4160 4181/5850/4163 4182/5731/4164
f 4180/5732/4162 4182/5736/4164 4183/5733/4165
f 4042/5734/4024 4040/5604/4022 4039/5735/4021
f 4182/5736/4164 4184/5859/4166 4185/5737/4167
f 4183/5733/4165 4185/5737/4167 4186/5738/4168
f 4187/5739/4169 4043/5607/4025 4042/5734/4024
f 4187/5739/4169 4186/5738/4168 4188/5740/4170
f 4189/5741/4171 4044/5608/4026 4043/5607/4025
f 4188/5740/4170 4190/5743/4172 4049/5742/4031
f 4049/5742/4031 4046/5611/4028 4044/5608/4026
f 4190/5743/4172 4188/5740/4170 4191/5744/4173
f 4190/5743/4172 4192/5745/4174 4193/5746/4175
f 4052/5747/4034 4050/5612/4032 4049/5742/4031
f 4192/5745/4174 4194/5865/4176 4195/5748/4177
f 4193/5746/4175 4195/5748/4177 4196/5749/4178
f 4197/5750/4179 4053/5616/4035 4052/5747/4034
f 4197/5750/4179 4196/5749/4178 4198/5751/4180
f 4060/5752/4042 4054/5617/4036 4053/5616/4035
f 4065/5753/4047 4061/5622/4043 4060/5752/4042
f 4196/5749/4178 4199/5944/4181 4200/5754/4182
f 4198/5751/4180 4200/5754/4182 4201/5755/4183
f 4070/5756/4052 4066/5625/4048 4065/5753/4047
f 4200/5754/4182 4202/5943/4184 4203/5757/4185
f 4201/5755/4183 4203/5757/4185 4204/5758/4186
f 4075/5759/4057 4071/5628/4053 4070/5756/4052
f 4203/5757/4185 4205/5942/4187 4206/5760/4188
f 4204/5758/4186 4206/5760/4188 4207/5761/4189
f 4080/5762/4062 4076/5631/4058 4075/5759/4057
f 4206/5760/4188 4208/5880/4190 4209/5763/4191
f 4209/5763/4191 4210/5764/4192 4080/5762/4062
f 4210/5764/4192 4085/5767/4067 4081/5634/4063
f 4210/5764/4192 4209/5763/4191 4211/5765/4193
f 4212/5766/4194 4213/5768/4195 4085/5767/4067
f 4213/5768/4195 4090/5640/4072 4086/5637/4068
f 4213/5768/4195 4212/5766/4194 4214/5769/4196
f 4215/5770/4197 4216/5771/4198 4090/5640/4072
f 4216/5771/4198 4095/5644/4077 4091/5641/4073
f 4216/5771/4198 4215/5770/4197 4217/5772/4199
f 4103/5773/4085 4101/5651/4083 4095/5644/4077
f 4215/5770/4197 4214/5769/4196 4218/5774/4200
f 4217/5772/4199 4218/5774/4200 4219/5775/4201
f 4220/5776/4202 4104/5653/4086 4103/5773/4085
f 4220/5776/4202 4219/5775/4201 4221/5777/4203
f 4222/5778/4204 4105/5654/4087 4104/5653/4086
f 4222/5778/4204 4221/5777/4203 4223/5779/4205
f 4224/5780/4206 4107/5656/4089 4105/5654/4087
f 4224/5780/4206 4223/5779/4205 4225/5781/4207
f 4226/5782/4208 4109/5658/4091 4107/5656/4089
f 4225/5781/4207 4227/5898/4209 4228/5783/4210
f 4228/5783/4210 4229/5784/4211 4109/5658/4091
f 4113/5661/4095 4110/5659/4092 4109/5658/4091
f 4229/5784/4211 4228/5783/4210 4230/5785/4212
f 4229/5784/4211 4231/5786/4213 4232/5787/4214
f 4116/5788/4098 4114/5662/4096 4113/5661/4095
f 4231/5786/4213 4233/5946/4215 4234/5789/4216
f 4232/5787/4214 4234/5789/4216 4235/5790/4217
f 4235/5790/4217 4120/5793/4102 4117/5666/4099
f 4234/5789/4216 4236/5945/4218 4237/5791/4219
f 4235/5790/4217 4237/5791/4219 4238/5792/4220
f 4238/5792/4220 4123/5671/4105 4121/5669/4103
f 4237/5791/4219 4239/5947/4221 4240/5794/4222
f 4240/5794/4222 4241/5795/4223 4123/5671/4105
f 4241/5795/4223 4242/5949/4224 4124/5672/4106
f 4241/5796/4223 4240/5956/4222 4243/5797/4225
f 3990/5798/3972 3989/5554/3971 4242/5799/4224
f 4243/5797/4225 4240/5956/4222 4239/5800/4221
f 4244/5801/4226 4245/5803/4227 4246/5802/4228
f 4246/5802/4228 3987/5555/3969 3990/5798/3972
f 4245/5803/4227 3957/5517/3939 3956/5522/3938
f 4246/5802/4228 3956/5522/3938 3961/5521/3943
f 4245/5803/4227 4244/5801/4226 4247/5804/4229
f 4248/5805/4230 4249/5806/4231 3957/5517/3939
f 4249/5806/4231 4248/5805/4230 4145/5696/4127
f 4143/5694/4125 4140/5691/4122 4250/5807/4232
f 4249/5806/4231 4250/5807/4232 3958/5518/3940
f 4140/5691/4122 4138/5685/4120 4137/5808/4119
f 4250/5807/4232 4137/5808/4119 3959/5519/3941
f 4248/5805/4230 4247/5804/4229 4147/5809/4129
f 4244/5801/4226 4239/5800/4221 4251/5810/4233
f 4247/5804/4229 4251/5810/4233 4252/5811/4234
f 4251/5812/4233 4236/5945/4218 4253/5813/4235
f 4252/5814/4234 4253/5813/4235 4254/5815/4236
f 4150/5699/4132 4148/5697/4130 4147/5809/4129
f 4253/5813/4235 4233/5946/4215 4255/5817/4237
f 4254/5815/4236 4255/5817/4237 4256/5818/4238
f 4254/5815/4236 4257/5819/4239 4151/5820/4133
f 4257/5819/4239 4256/5818/4238 4258/5821/4240
f 4259/5822/4241 4152/5826/4134 4151/5820/4133
f 4259/5822/4241 4258/5821/4240 4260/5823/4242
f 4259/5822/4241 4261/5824/4243 4154/5825/4136
f 4261/5824/4243 4260/5823/4242 4262/5827/4244
f 4261/5824/4243 4159/5708/4141 4156/5828/4138
f 4260/5823/4242 4263/5899/4245 4264/5829/4246
f 4262/5827/4244 4264/5829/4246 4265/5830/4247
f 4162/5831/4144 4160/5709/4142 4159/5708/4141
f 4264/5829/4246 4266/5834/4248 4267/5832/4249
f 4265/5830/4247 4267/5832/4249 4168/5833/4150
f 4166/5719/4148 4163/5713/4145 4162/5831/4144
f 4266/5834/4248 4268/5902/4250 4269/5835/4251
f 4267/5832/4249 4269/5835/4251 4270/5836/4252
f 4269/5835/4251 4271/5906/4253 4272/5837/4254
f 4270/5836/4252 4272/5837/4254 4273/5838/4255
f 4171/5839/4153 4169/5720/4151 4168/5833/4150
f 4273/5838/4255 4272/5837/4254 4274/5840/4256
f 4273/5838/4255 4275/5841/4257 4276/5842/4258
f 4174/5724/4156 4172/5722/4154 4171/5839/4153
f 4276/5842/4258 4275/5841/4257 4277/5843/4259
f 4276/5842/4258 4278/5844/4260 4279/5845/4261
f 4280/5846/4262 4175/5725/4157 4174/5724/4156
f 4280/5846/4262 4279/5845/4261 4281/5847/4263
f 4282/5848/4264 4176/5851/4158 4175/5725/4157
f 4282/5848/4264 4281/5847/4263 4283/5849/4265
f 4181/5850/4163 4178/5727/4160 4176/5851/4158
f 4281/5847/4263 4284/5920/4266 4285/5852/4267
f 4283/5849/4265 4285/5852/4267 4286/5853/4268
f 4184/5854/4166 4182/5731/4164 4181/5850/4163
f 4285/5852/4267 4287/5924/4269 4288/5855/4270
f 4286/5856/4268 4288/5931/4270 4289/5857/4271
f 4290/5858/4272 4185/5737/4167 4184/5859/4166
f 4289/5857/4271 4291/5861/4273 4292/5860/4274
f 4290/5858/4272 4292/5860/4274 4186/5738/4168
f 4291/5861/4273 4293/5863/4275 4191/5744/4173
f 4292/5860/4274 4191/5744/4173 4188/5740/4170
f 4291/5861/4273 4294/5933/4276 4295/5862/4277
f 4293/5863/4275 4295/5862/4277 4296/5864/4278
f 4194/5865/4176 4192/5745/4174 4191/5744/4173
f 4297/5866/4279 4195/5748/4177 4194/5865/4176
f 4295/5862/4277 4298/5940/4280 4299/5867/4281
f 4296/5864/4278 4299/5867/4281 4300/5868/4282
f 4301/5869/4283 4199/5944/4181 4297/5866/4279
f 4299/5867/4281 4302/5941/4284 4303/5870/4285
f 4300/5868/4282 4303/5870/4285 4304/5871/4286
f 4305/5872/4287 4202/5943/4184 4301/5869/4283
f 4304/5871/4286 4303/5870/4285 4306/5873/4288
f 4307/5874/4289 4308/5876/4290 4305/5872/4287
f 4309/5875/4291 4205/5942/4187 4305/5872/4287
f 4308/5876/4290 4307/5874/4289 4310/5877/4292
f 4311/5878/4293 4312/5879/4294 4309/5875/4291
f 4312/5879/4294 4313/5883/4295 4208/5880/4190
f 4312/5879/4294 4311/5878/4293 4314/5881/4296
f 4315/5882/4297 4316/5884/4298 4313/5883/4295
f 4316/5884/4298 4317/5887/4299 4211/5765/4193
f 4316/5884/4298 4315/5882/4297 4318/5885/4300
f 4319/5886/4301 4320/5888/4302 4317/5887/4299
f 4320/5888/4302 4218/5774/4200 4214/5769/4196
f 4320/5888/4302 4319/5886/4301 4321/5889/4303
f 4322/5890/4304 4219/5775/4201 4218/5774/4200
f 4322/5890/4304 4321/5889/4303 4323/5891/4305
f 4324/5892/4306 4221/5777/4203 4219/5775/4201
f 4324/5892/4306 4323/5891/4305 4325/5893/4307
f 4326/5894/4308 4223/5779/4205 4221/5777/4203
f 4325/5893/4307 4327/5903/4309 4328/5895/4310
f 4326/5894/4308 4328/5895/4310 4225/5781/4207
f 4328/5895/4310 4327/5903/4309 4329/5896/4311
f 4328/5895/4310 4330/5897/4312 4227/5898/4209
f 4330/5897/4312 4329/5896/4311 4263/5899/4245
f 4330/5897/4312 4331/5900/4313 4332/5901/4314
f 4332/5901/4314 4230/5785/4212 4228/5783/4210
f 4331/5900/4313 4258/5821/4240 4256/5818/4238
f 4332/5901/4314 4256/5818/4238 4255/5817/4237
f 4331/5900/4313 4263/5899/4245 4260/5823/4242
f 4329/5896/4311 4327/5903/4309 4268/5902/4250
f 4266/5834/4248 4264/5829/4246 4263/5899/4245
f 4327/5903/4309 4325/5893/4307 4333/5904/4315
f 4333/5904/4315 4325/5893/4307 4323/5891/4305
f 4334/5905/4316 4335/5907/4317 4271/5906/4253
f 4271/5906/4253 4269/5835/4251 4268/5902/4250
f 4335/5907/4317 4334/5905/4316 4336/5908/4318
f 4337/5909/4319 4338/5910/4320 4274/5840/4256
f 4335/5907/4317 4274/5840/4256 4272/5837/4254
f 4338/5910/4320 4337/5909/4319 4339/5911/4321
f 4340/5912/4322 4341/5913/4323 4277/5843/4259
f 4338/5910/4320 4277/5843/4259 4275/5841/4257
f 4341/5913/4323 4340/5912/4322 4342/5914/4324
f 4343/5915/4325 4344/5917/4326 4345/5916/4327
f 4341/5913/4323 4345/5916/4327 4278/5844/4260
f 4344/5917/4326 4346/5921/4328 4347/5918/4329
f 4347/5918/4329 4279/5845/4261 4278/5844/4260
f 4347/5918/4329 4346/5921/4328 4348/5919/4330
f 4284/5920/4266 4281/5847/4263 4279/5845/4261
f 4346/5921/4328 4349/5937/4331 4350/5922/4332
f 4348/5919/4330 4350/5922/4332 4351/5923/4333
f 4287/5924/4269 4285/5852/4267 4284/5920/4266
f 4350/5922/4332 3983/5548/3965 3982/5925/3964
f 4351/5923/4333 3982/5925/3964 4352/5926/4334
f 4353/5927/4335 4288/5855/4270 4287/5924/4269
f 4352/5928/4334 3986/5932/3968 4354/5929/4336
f 4354/5929/4336 4289/5857/4271 4288/5931/4270
f 3986/5932/3968 3985/5550/3967 4294/5933/4276
f 4354/5929/4336 4294/5933/4276 4291/5861/4273
f 4350/5922/4332 4349/5937/4331 4355/5934/4337
f 4356/5935/4338 4302/5941/4284 4357/5936/4339
f 4355/5934/4337 4357/5936/4339 3984/5549/3966
f 4349/5937/4331 4358/5938/4340 4356/5935/4338
f 4358/5938/4340 4359/5939/4341 4306/5873/4288
f 4358/5938/4340 4349/5937/4331 4346/5921/4328
f 4344/5917/4326 4343/5915/4325 4359/5939/4341
f 4359/5939/4341 4310/5877/4292 4307/5874/4289
f 4343/5915/4325 4342/5914/4324 4310/5877/4292
f 4357/5936/4339 4302/5941/4284 4299/5867/4281
f 4298/5940/4280 3985/5550/3967 3984/5549/3966
f 4356/5935/4338 4306/5873/4288 4303/5870/4285
f 4342/5914/4324 4314/5881/4296 4311/5878/4293
f 4340/5912/4322 4339/5911/4321 4314/5881/4296
f 4339/5911/4321 4318/5885/4300 4315/5882/4297
f 4337/5909/4319 4336/5908/4318 4318/5885/4300
f 4336/5908/4318 4321/5889/4303 4319/5886/4301
f 4334/5905/4316 4323/5891/4305 4321/5889/4303
f 4317/5887/4299 4214/5769/4196 4212/5766/4194
f 4313/5883/4295 4211/5765/4193 4209/5763/4191
f 4208/5880/4190 4206/5760/4188 4205/5942/4187
f 4205/5942/4187 4203/5757/4185 4202/5943/4184
f 4202/5943/4184 4200/5754/4182 4199/5944/4181
f 4295/5862/4277 4294/5933/4276 3985/5550/3967
f 4199/5944/4181 4196/5749/4178 4195/5748/4177
f 4255/5817/4237 4233/5946/4215 4231/5786/4213
f 4236/5945/4218 4234/5789/4216 4233/5946/4215
f 4239/5947/4221 4237/5791/4219 4236/5945/4218
f 3989/5554/3971 3991/5556/3973 4128/5948/4110
f 4242/5949/4224 4128/5957/4110 4125/5674/4107
f 4137/5808/4119 4135/5682/4117 4134/5950/4116
f 4360/5951/4342 3960/5520/3942 3959/5519/3941
f 4134/5950/4116 4132/5679/4114 4131/5952/4113
f 3988/5553/3970 3961/5521/3943 3960/5520/3942
f 4360/5951/4342 4131/5952/4113 3991/5556/3973
f 4131/5952/4113 4129/5675/4111 4128/5948/4110
f 4119/5668/4101 4098/5648/4080 3977/5539/3959
f 4112/5663/4094 3973/5535/3955 3967/5538/3949
f 4069/5690/4051 4142/5689/4124 4064/5953/4046
f 4064/5953/4046 3952/5543/3934 4059/5954/4041
f 3982/5925/3964 3954/5547/3936 3986/5551/3968
f 3952/5543/3934 3980/5542/3962 4057/5620/4039
f 4142/5689/4124 3978/5541/3960 3952/5543/3934
f 3993/5693/3975 3992/5557/3974 3978/5541/3960
f 4361/5516/4343 4371/5518/4353 4370/5517/4352
f 4361/5516/4343 4373/5520/4355 4372/5519/4354
f 4369/5522/4351 4374/5521/4356 4373/5520/4355
f 4362/5523/4344 4377/5525/4359 4376/5524/4358
f 4362/5523/4344 4375/5527/4357 4379/5526/4361
f 4378/5528/4360 4380/5538/4362 4377/5525/4359
f 4366/5530/4348 4382/5598/4364 4381/5529/4363
f 4363/5531/4345 4384/5533/4366 4383/5532/4365
f 4363/5531/4345 4381/5529/4363 4385/5534/4367
f 4388/5536/4370 4387/5664/4369 4386/5535/4368
f 4364/5537/4346 4386/5535/4368 4380/5538/4362
f 4364/5537/4346 4389/5540/4371 4390/5539/4372
f 4393/5542/4375 4392/5561/4374 4391/5541/4373
f 4366/5544/4348 4383/5546/4365 4394/5545/4376
f 4367/5547/4349 4397/5549/4379 4396/5548/4378
f 4367/5547/4349 4399/5551/4381 4398/5550/4380
f 4368/5552/4350 4401/5553/4383 4374/5521/4356
f 4400/5555/4382 4403/5798/4385 4402/5554/4384
f 4368/5552/4350 4402/5554/4384 4404/5556/4386
f 4405/5557/4387 4408/5559/4390 4407/5558/4389
f 4410/5560/4392 4409/5562/4391 4408/5559/4390
f 4405/5557/4387 4391/5541/4373 4392/5561/4374
f 4412/5563/4394 4411/5569/4393 4409/5562/4391
f 4410/5560/4392 4392/5561/4374 4413/5564/4395
f 4416/5566/4398 4415/5615/4397 4414/5565/4396
f 4392/5561/4374 4393/5542/4375 4416/5566/4398
f 4414/5565/4396 4417/5567/4399 4412/5563/4394
f 4417/5567/4399 4414/5565/4396 4419/5568/4401
f 4417/5567/4399 4420/5570/4402 4411/5569/4393
f 4418/5571/4400 4421/5572/4403 4420/5570/4402
f 4421/5572/4403 4418/5571/4400 4423/5573/4405
f 4421/5572/4403 4425/5575/4407 4424/5574/4406
f 4422/5576/4404 4426/5578/4408 4425/5575/4407
f 4428/5577/4410 4427/5955/4409 4425/5575/4407
f 4430/5579/4412 4429/5958/4411 4428/5577/4410
f 4426/5578/4408 4422/5576/4404 4431/5580/4413
f 4434/5582/4416 4433/5606/4415 4432/5581/4414
f 4431/5580/4413 4422/5576/4404 4423/5573/4405
f 4432/5581/4414 4435/5583/4417 4430/5579/4412
f 4432/5581/4414 4436/5601/4418 4394/5545/4376
f 4437/5584/4419 4429/5958/4411 4430/5579/4412
f 4435/5583/4417 4394/5545/4376 4383/5546/4365
f 4439/5586/4421 4438/5716/4420 4429/5585/4411
f 4437/5587/4419 4383/5532/4365 4384/5533/4366
f 4439/5586/4421 4441/5589/4423 4440/5588/4422
f 4384/5533/4366 4385/5534/4367 4441/5589/4423
f 4441/5589/4423 4443/5591/4425 4442/5590/4424
f 4385/5534/4367 4444/5592/4426 4443/5591/4425
f 4444/5592/4426 4446/5594/4428 4445/5593/4427
f 4448/5595/4430 4447/5596/4429 4446/5594/4428
f 4444/5592/4426 4385/5534/4367 4381/5529/4363
f 4450/5597/4432 4449/5959/4431 4447/5596/4429
f 4448/5595/4430 4381/5529/4363 4382/5598/4364
f 4450/5599/4432 4436/5601/4418 4451/5600/4433
f 4450/5599/4432 4382/5602/4364 4394/5545/4376
f 4453/5604/4435 4452/5735/4434 4449/5603/4431
f 4451/5600/4433 4433/5606/4415 4454/5605/4436
f 4436/5601/4418 4432/5581/4414 4433/5606/4415
f 4456/5607/4438 4455/5734/4437 4453/5604/4435
f 4454/5605/4436 4458/5609/4440 4457/5608/4439
f 4433/5606/4415 4434/5582/4416 4458/5609/4440
f 4460/5610/4442 4459/5611/4441 4457/5608/4439
f 4458/5609/4440 4434/5582/4416 4423/5573/4405
f 4419/5568/4401 4461/5613/4443 4459/5611/4441
f 4460/5610/4442 4423/5573/4405 4418/5571/4400
f 4463/5612/4445 4462/5742/4444 4459/5611/4441
f 4461/5613/4443 4415/5615/4397 4464/5614/4446
f 4461/5613/4443 4419/5568/4401 4414/5565/4396
f 4466/5616/4448 4465/5747/4447 4463/5612/4445
f 4464/5614/4446 4468/5618/4450 4467/5617/4449
f 4415/5615/4397 4416/5566/4398 4468/5618/4450
f 4468/5618/4450 4470/5620/4452 4469/5619/4451
f 4416/5566/4398 4393/5542/4375 4470/5620/4452
f 4470/5620/4452 4472/5954/4454 4471/5621/4453
f 4474/5622/4456 4473/5752/4455 4467/5617/4449
f 4469/5619/4451 4471/5621/4453 4475/5623/4457
f 4471/5621/4453 4477/5953/4459 4476/5624/4458
f 4479/5625/4461 4478/5753/4460 4474/5622/4456
f 4475/5623/4457 4476/5624/4458 4480/5626/4462
f 4476/5624/4458 4482/5690/4464 4481/5627/4463
f 4484/5628/4466 4483/5756/4465 4479/5625/4461
f 4480/5626/4462 4481/5627/4463 4485/5629/4467
f 4481/5627/4463 4487/5687/4469 4486/5630/4468
f 4489/5631/4471 4488/5759/4470 4484/5628/4466
f 4485/5629/4467 4486/5630/4468 4490/5632/4472
f 4486/5630/4468 4492/5684/4474 4491/5633/4473
f 4494/5634/4476 4493/5762/4475 4489/5631/4471
f 4490/5632/4472 4491/5633/4473 4495/5635/4477
f 4491/5633/4473 4497/5681/4479 4496/5636/4478
f 4499/5637/4481 4498/5767/4480 4494/5634/4476
f 4495/5635/4477 4496/5636/4478 4500/5638/4482
f 4496/5636/4478 4502/5678/4484 4501/5639/4483
f 4500/5638/4482 4504/5641/4486 4503/5640/4485
f 4501/5639/4483 4505/5642/4487 4504/5641/4486
f 4505/5642/4487 4501/5639/4483 4507/5643/4489
f 4505/5642/4487 4509/5645/4491 4508/5644/4490
f 4506/5646/4488 4510/5647/4492 4509/5645/4491
f 4510/5647/4492 4506/5646/4488 4511/5648/4493
f 4510/5647/4492 4513/5650/4495 4512/5649/4494
f 4390/5539/4372 4389/5540/4371 4513/5650/4495
f 4513/5650/4495 4378/5528/4360 4379/5526/4361
f 4389/5540/4371 4380/5538/4362 4378/5528/4360
f 4514/5651/4496 4508/5644/4490 4509/5645/4491
f 4512/5649/4494 4379/5526/4361 4515/5652/4497
f 4517/5653/4499 4516/5773/4498 4514/5651/4496
f 4515/5652/4497 4519/5655/4501 4518/5654/4500
f 4379/5526/4361 4375/5527/4357 4519/5655/4501
f 4519/5655/4501 4521/5657/4503 4520/5656/4502
f 4375/5527/4357 4376/5524/4358 4521/5657/4503
f 4521/5657/4503 4523/5659/4505 4522/5658/4504
f 4376/5524/4358 4524/5660/4506 4523/5659/4505
f 4524/5660/4506 4376/5524/4358 4377/5525/4359
f 4524/5660/4506 4527/5662/4509 4526/5661/4508
f 4525/5663/4507 4528/5665/4510 4527/5662/4509
f 4525/5663/4507 4386/5535/4368 4387/5664/4369
f 4530/5666/4512 4529/5788/4511 4527/5662/4509
f 4528/5665/4510 4387/5664/4369 4531/5667/4513
f 4387/5664/4369 4388/5536/4370 4532/5668/4514
f 4534/5669/4516 4533/5793/4515 4530/5666/4512
f 4532/5668/4514 4535/5670/4517 4534/5669/4516
f 4535/5670/4517 4537/5672/4519 4536/5671/4518
f 4539/5673/4521 4538/5674/4520 4537/5672/4519
f 4535/5670/4517 4532/5668/4514 4511/5648/4493
f 4507/5643/4489 4540/5676/4522 4538/5674/4520
f 4539/5673/4521 4511/5648/4493 4506/5646/4488
f 4542/5675/4524 4541/5957/4523 4538/5674/4520
f 4540/5676/4522 4502/5678/4484 4543/5677/4525
f 4540/5676/4522 4507/5643/4489 4501/5639/4483
f 4545/5679/4527 4544/5952/4526 4542/5675/4524
f 4543/5677/4525 4497/5681/4479 4546/5680/4528
f 4502/5678/4484 4496/5636/4478 4497/5681/4479
f 4548/5682/4530 4547/5950/4529 4545/5679/4527
f 4546/5680/4528 4492/5684/4474 4549/5683/4531
f 4497/5681/4479 4491/5633/4473 4492/5684/4474
f 4551/5685/4533 4550/5808/4532 4548/5682/4530
f 4549/5683/4531 4487/5687/4469 4552/5686/4534
f 4492/5684/4474 4486/5630/4468 4487/5687/4469
f 4554/5688/4536 4553/5691/4535 4551/5685/4533
f 4552/5686/4534 4482/5690/4464 4555/5689/4537
f 4487/5687/4469 4481/5627/4463 4482/5690/4464
f 4557/5692/4539 4556/5694/4538 4553/5691/4535
f 4554/5688/4536 4555/5689/4537 4406/5693/4388
f 4559/5695/4541 4558/5696/4540 4556/5694/4538
f 4406/5693/4388 4407/5558/4389 4559/5695/4541
f 4561/5697/4543 4560/5809/4542 4558/5696/4540
f 4407/5558/4389 4562/5698/4544 4561/5697/4543
f 4562/5698/4544 4564/5700/4546 4563/5699/4545
f 4566/5701/4548 4565/5702/4547 4564/5700/4546
f 4562/5698/4544 4407/5558/4389 4408/5559/4390
f 4568/5703/4550 4567/5704/4549 4565/5702/4547
f 4566/5701/4548 4408/5559/4390 4409/5562/4391
f 4570/5705/4552 4569/5706/4551 4567/5704/4549
f 4568/5703/4550 4409/5562/4391 4411/5569/4393
f 4424/5574/4406 4571/5712/4553 4569/5706/4551
f 4570/5705/4552 4411/5569/4393 4420/5570/4402
f 4571/5707/4553 4573/5709/4555 4572/5708/4554
f 4571/5707/4553 4427/5711/4409 4574/5710/4556
f 4571/5712/4553 4424/5574/4406 4425/5575/4407
f 4576/5713/4558 4575/5831/4557 4573/5709/4555
f 4574/5710/4556 4578/5715/4560 4577/5714/4559
f 4427/5711/4409 4428/5717/4410 4578/5715/4560
f 4438/5716/4420 4440/5588/4422 4577/5714/4559
f 4428/5717/4410 4429/5585/4411 4438/5716/4420
f 4580/5718/4562 4579/5719/4561 4576/5713/4558
f 4577/5714/4559 4440/5588/4422 4442/5590/4424
f 4582/5720/4564 4581/5833/4563 4579/5719/4561
f 4580/5718/4562 4442/5590/4424 4583/5721/4565
f 4585/5722/4567 4584/5839/4566 4582/5720/4564
f 4583/5721/4565 4445/5593/4427 4586/5723/4568
f 4583/5721/4565 4442/5590/4424 4443/5591/4425
f 4586/5723/4568 4588/5725/4570 4587/5724/4569
f 4590/5726/4572 4589/5851/4571 4588/5725/4570
f 4586/5723/4568 4445/5593/4427 4446/5594/4428
f 4590/5726/4572 4592/5728/4574 4591/5727/4573
f 4590/5726/4572 4446/5594/4428 4447/5596/4429
f 4592/5728/4574 4452/5730/4434 4593/5729/4575
f 4447/5596/4429 4449/5959/4431 4452/5730/4434
f 4595/5731/4577 4594/5850/4576 4591/5727/4573
f 4593/5732/4575 4455/5734/4437 4596/5733/4578
f 4452/5735/4434 4453/5604/4435 4455/5734/4437
f 4598/5737/4580 4597/5859/4579 4595/5736/4577
f 4596/5733/4578 4600/5739/4582 4599/5738/4581
f 4455/5734/4437 4456/5607/4438 4600/5739/4582
f 4600/5739/4582 4602/5741/4584 4601/5740/4583
f 4456/5607/4438 4457/5608/4439 4602/5741/4584
f 4462/5742/4444 4603/5743/4585 4601/5740/4583
f 4457/5608/4439 4459/5611/4441 4462/5742/4444
f 4603/5743/4585 4605/5745/4587 4604/5744/4586
f 4603/5743/4585 4465/5747/4447 4606/5746/4588
f 4462/5742/4444 4463/5612/4445 4465/5747/4447
f 4608/5748/4590 4607/5865/4589 4605/5745/4587
f 4606/5746/4588 4610/5750/4592 4609/5749/4591
f 4465/5747/4447 4466/5616/4448 4610/5750/4592
f 4610/5750/4592 4473/5752/4455 4611/5751/4593
f 4466/5616/4448 4467/5617/4449 4473/5752/4455
f 4473/5752/4455 4474/5622/4456 4478/5753/4460
f 4613/5754/4595 4612/5944/4594 4609/5749/4591
f 4611/5751/4593 4478/5753/4460 4614/5755/4596
f 4478/5753/4460 4479/5625/4461 4483/5756/4465
f 4616/5757/4598 4615/5943/4597 4613/5754/4595
f 4614/5755/4596 4483/5756/4465 4617/5758/4599
f 4483/5756/4465 4484/5628/4466 4488/5759/4470
f 4619/5760/4601 4618/5942/4600 4616/5757/4598
f 4617/5758/4599 4488/5759/4470 4620/5761/4602
f 4488/5759/4470 4489/5631/4471 4493/5762/4475
f 4622/5763/4604 4621/5880/4603 4619/5760/4601
f 4493/5762/4475 4623/5764/4605 4622/5763/4604
f 4623/5764/4605 4493/5762/4475 4494/5634/4476
f 4623/5764/4605 4625/5766/4607 4624/5765/4606
f 4498/5767/4480 4626/5768/4608 4625/5766/4607
f 4626/5768/4608 4498/5767/4480 4499/5637/4481
f 4626/5768/4608 4628/5770/4610 4627/5769/4609
f 4503/5640/4485 4629/5771/4611 4628/5770/4610
f 4629/5771/4611 4503/5640/4485 4504/5641/4486
f 4629/5771/4611 4516/5773/4498 4630/5772/4612
f 4508/5644/4490 4514/5651/4496 4516/5773/4498
f 4631/5774/4613 4627/5769/4609 4628/5770/4610
f 4630/5772/4612 4633/5776/4615 4632/5775/4614
f 4516/5773/4498 4517/5653/4499 4633/5776/4615
f 4633/5776/4615 4635/5778/4617 4634/5777/4616
f 4517/5653/4499 4518/5654/4500 4635/5778/4617
f 4635/5778/4617 4637/5780/4619 4636/5779/4618
f 4518/5654/4500 4520/5656/4502 4637/5780/4619
f 4637/5780/4619 4639/5782/4621 4638/5781/4620
f 4520/5656/4502 4522/5658/4504 4639/5782/4621
f 4641/5783/4623 4640/5898/4622 4638/5781/4620
f 4522/5658/4504 4642/5784/4624 4641/5783/4623
f 4522/5658/4504 4523/5659/4505 4526/5661/4508
f 4642/5784/4624 4644/5786/4626 4643/5785/4625
f 4642/5784/4624 4526/5661/4508 4645/5787/4627
f 4526/5661/4508 4527/5662/4509 4529/5788/4511
f 4647/5789/4629 4646/5946/4628 4644/5786/4626
f 4645/5787/4627 4529/5788/4511 4648/5790/4630
f 4648/5790/4630 4529/5788/4511 4530/5666/4512
f 4650/5791/4632 4649/5945/4631 4647/5789/4629
f 4648/5790/4630 4533/5793/4515 4651/5792/4633
f 4651/5792/4633 4533/5793/4515 4534/5669/4516
f 4653/5794/4635 4652/5947/4634 4650/5791/4632
f 4536/5671/4518 4654/5795/4636 4653/5794/4635
f 4654/5795/4636 4536/5671/4518 4537/5672/4519
f 4654/5796/4636 4403/5798/4385 4656/5797/4638
f 4655/5799/4637 4402/5554/4384 4403/5798/4385
f 4656/5797/4638 4657/5801/4639 4652/5800/4634
f 4659/5802/4641 4658/5803/4640 4657/5801/4639
f 4403/5798/4385 4400/5555/4382 4659/5802/4641
f 4369/5522/4351 4370/5517/4352 4658/5803/4640
f 4659/5802/4641 4400/5555/4382 4374/5521/4356
f 4658/5803/4640 4661/5805/4643 4660/5804/4642
f 4370/5517/4352 4662/5806/4644 4661/5805/4643
f 4662/5806/4644 4556/5694/4538 4558/5696/4540
f 4663/5807/4645 4553/5691/4535 4556/5694/4538
f 4662/5806/4644 4370/5517/4352 4371/5518/4353
f 4550/5808/4532 4551/5685/4533 4553/5691/4535
f 4663/5807/4645 4371/5518/4353 4372/5519/4354
f 4661/5805/4643 4558/5696/4540 4560/5809/4542
f 4664/5810/4646 4652/5800/4634 4657/5801/4639
f 4660/5804/4642 4560/5809/4542 4665/5811/4647
f 4666/5813/4648 4649/5945/4631 4664/5812/4646
f 4665/5814/4647 4563/5816/4545 4667/5815/4649
f 4560/5809/4542 4561/5697/4543 4563/5699/4545
f 4668/5817/4650 4646/5946/4628 4666/5813/4648
f 4667/5815/4649 4670/5819/4652 4669/5818/4651
f 4667/5815/4649 4563/5816/4545 4564/5820/4546
f 4670/5819/4652 4672/5822/4654 4671/5821/4653
f 4564/5820/4546 4565/5826/4547 4672/5822/4654
f 4672/5822/4654 4674/5824/4656 4673/5823/4655
f 4672/5822/4654 4565/5826/4547 4567/5825/4549
f 4674/5824/4656 4572/5708/4554 4675/5827/4657
f 4674/5824/4656 4567/5825/4549 4569/5828/4551
f 4677/5829/4659 4676/5899/4658 4673/5823/4655
f 4675/5827/4657 4575/5831/4557 4678/5830/4660
f 4572/5708/4554 4573/5709/4555 4575/5831/4557
f 4680/5832/4662 4679/5834/4661 4677/5829/4659
f 4678/5830/4660 4579/5719/4561 4581/5833/4563
f 4575/5831/4557 4576/5713/4558 4579/5719/4561
f 4682/5835/4664 4681/5902/4663 4679/5834/4661
f 4680/5832/4662 4581/5833/4563 4683/5836/4665
f 4685/5837/4667 4684/5906/4666 4682/5835/4664
f 4683/5836/4665 4584/5839/4566 4686/5838/4668
f 4581/5833/4563 4582/5720/4564 4584/5839/4566
f 4686/5838/4668 4688/5841/4670 4687/5840/4669
f 4686/5838/4668 4587/5724/4569 4689/5842/4671
f 4584/5839/4566 4585/5722/4567 4587/5724/4569
f 4689/5842/4671 4691/5844/4673 4690/5843/4672
f 4689/5842/4671 4693/5846/4675 4692/5845/4674
f 4587/5724/4569 4588/5725/4570 4693/5846/4675
f 4693/5846/4675 4695/5848/4677 4694/5847/4676
f 4588/5725/4570 4589/5851/4571 4695/5848/4677
f 4695/5848/4677 4594/5850/4576 4696/5849/4678
f 4589/5851/4571 4591/5727/4573 4594/5850/4576
f 4698/5852/4680 4697/5920/4679 4694/5847/4676
f 4696/5849/4678 4597/5854/4579 4699/5853/4681
f 4594/5850/4576 4595/5731/4577 4597/5854/4579
f 4701/5855/4683 4700/5924/4682 4698/5852/4680
f 4699/5856/4681 4703/5858/4685 4702/5857/4684
f 4597/5859/4579 4598/5737/4580 4703/5858/4685
f 4705/5860/4687 4704/5861/4686 4702/5857/4684
f 4703/5858/4685 4598/5737/4580 4599/5738/4581
f 4604/5744/4586 4706/5863/4688 4704/5861/4686
f 4705/5860/4687 4599/5738/4581 4601/5740/4583
f 4708/5862/4690 4707/5933/4689 4704/5861/4686
f 4706/5863/4688 4607/5865/4589 4709/5864/4691
f 4604/5744/4586 4605/5745/4587 4607/5865/4589
f 4607/5865/4589 4608/5748/4590 4710/5866/4692
f 4712/5867/4694 4711/5940/4693 4708/5862/4690
f 4709/5864/4691 4710/5866/4692 4713/5868/4695
f 4710/5866/4692 4612/5944/4594 4714/5869/4696
f 4716/5870/4698 4715/5941/4697 4712/5867/4694
f 4713/5868/4695 4714/5869/4696 4717/5871/4699
f 4714/5869/4696 4615/5943/4597 4718/5872/4700
f 4717/5871/4699 4720/5874/4702 4719/5873/4701
f 4718/5872/4700 4721/5876/4703 4720/5874/4702
f 4718/5872/4700 4618/5942/4600 4722/5875/4704
f 4721/5876/4703 4724/5878/4706 4723/5877/4705
f 4722/5875/4704 4725/5879/4707 4724/5878/4706
f 4725/5879/4707 4722/5875/4704 4621/5880/4603
f 4725/5879/4707 4728/5882/4710 4727/5881/4709
f 4726/5883/4708 4729/5884/4711 4728/5882/4710
f 4729/5884/4711 4726/5883/4708 4624/5765/4606
f 4729/5884/4711 4732/5886/4714 4731/5885/4713
f 4730/5887/4712 4733/5888/4715 4732/5886/4714
f 4733/5888/4715 4730/5887/4712 4627/5769/4609
f 4733/5888/4715 4735/5890/4717 4734/5889/4716
f 4631/5774/4613 4632/5775/4614 4735/5890/4717
f 4735/5890/4717 4737/5892/4719 4736/5891/4718
f 4632/5775/4614 4634/5777/4616 4737/5892/4719
f 4737/5892/4719 4739/5894/4721 4738/5893/4720
f 4634/5777/4616 4636/5779/4618 4739/5894/4721
f 4741/5895/4723 4740/5903/4722 4738/5893/4720
f 4739/5894/4721 4636/5779/4618 4638/5781/4620
f 4741/5895/4723 4743/5897/4725 4742/5896/4724
f 4741/5895/4723 4638/5781/4620 4640/5898/4622
f 4743/5897/4725 4744/5900/4726 4676/5899/4658
f 4743/5897/4725 4640/5898/4622 4745/5901/4727
f 4745/5901/4727 4640/5898/4622 4641/5783/4623
f 4669/5818/4651 4671/5821/4653 4744/5900/4726
f 4745/5901/4727 4643/5785/4625 4668/5817/4650
f 4744/5900/4726 4671/5821/4653 4673/5823/4655
f 4742/5896/4724 4679/5834/4661 4681/5902/4663
f 4676/5899/4658 4677/5829/4659 4679/5834/4661
f 4740/5903/4722 4681/5902/4663 4746/5904/4728
f 4746/5904/4728 4747/5905/4729 4736/5891/4718
f 4684/5906/4666 4748/5907/4730 4747/5905/4729
f 4681/5902/4663 4682/5835/4664 4684/5906/4666
f 4748/5907/4730 4750/5909/4732 4749/5908/4731
f 4687/5840/4669 4751/5910/4733 4750/5909/4732
f 4748/5907/4730 4684/5906/4666 4685/5837/4667
f 4751/5910/4733 4753/5912/4735 4752/5911/4734
f 4690/5843/4672 4754/5913/4736 4753/5912/4735
f 4751/5910/4733 4687/5840/4669 4688/5841/4670
f 4754/5913/4736 4756/5915/4738 4755/5914/4737
f 4758/5916/4740 4757/5917/4739 4756/5915/4738
f 4754/5913/4736 4690/5843/4672 4691/5844/4673
f 4760/5918/4742 4759/5921/4741 4757/5917/4739
f 4691/5844/4673 4692/5845/4674 4760/5918/4742
f 4760/5918/4742 4697/5920/4679 4761/5919/4743
f 4692/5845/4674 4694/5847/4676 4697/5920/4679
f 4763/5922/4745 4762/5937/4744 4759/5921/4741
f 4761/5919/4743 4700/5924/4682 4764/5923/4746
f 4697/5920/4679 4698/5852/4680 4700/5924/4682
f 4395/5925/4377 4396/5548/4378 4763/5922/4745
f 4764/5923/4746 4766/5927/4748 4765/5926/4747
f 4700/5924/4682 4701/5855/4683 4766/5927/4748
f 4767/5929/4749 4399/5932/4381 4765/5928/4747
f 4701/5931/4683 4702/5857/4684 4767/5929/4749
f 4707/5933/4689 4398/5550/4380 4399/5932/4381
f 4767/5929/4749 4702/5857/4684 4704/5861/4686
f 4763/5922/4745 4396/5548/4378 4768/5934/4750
f 4770/5936/4752 4715/5941/4697 4769/5935/4751
f 4768/5934/4750 4396/5548/4378 4397/5549/4379
f 4769/5935/4751 4771/5938/4753 4762/5937/4744
f 4771/5938/4753 4769/5935/4751 4719/5873/4701
f 4771/5938/4753 4757/5917/4739 4759/5921/4741
f 4772/5939/4754 4756/5915/4738 4757/5917/4739
f 4772/5939/4754 4719/5873/4701 4720/5874/4702
f 4723/5877/4705 4755/5914/4737 4756/5915/4738
f 4770/5936/4752 4711/5940/4693 4712/5867/4694
f 4397/5549/4379 4398/5550/4380 4711/5940/4693
f 4769/5935/4751 4715/5941/4697 4716/5870/4698
f 4755/5914/4737 4723/5877/4705 4724/5878/4706
f 4727/5881/4709 4752/5911/4734 4753/5912/4735
f 4752/5911/4734 4727/5881/4709 4728/5882/4710
f 4731/5885/4713 4749/5908/4731 4750/5909/4732
f 4749/5908/4731 4731/5885/4713 4732/5886/4714
f 4734/5889/4716 4736/5891/4718 4747/5905/4729
f 4730/5887/4712 4624/5765/4606 4625/5766/4607
f 4726/5883/4708 4621/5880/4603 4622/5763/4604
f 4618/5942/4600 4619/5760/4601 4621/5880/4603
f 4615/5943/4597 4616/5757/4598 4618/5942/4600
f 4612/5944/4594 4613/5754/4595 4615/5943/4597
f 4398/5550/4380 4707/5933/4689 4708/5862/4690
f 4608/5748/4590 4609/5749/4591 4612/5944/4594
f 4668/5817/4650 4643/5785/4625 4644/5786/4626
f 4646/5946/4628 4647/5789/4629 4649/5945/4631
f 4649/5945/4631 4650/5791/4632 4652/5947/4634
f 4541/5948/4523 4404/5556/4386 4402/5554/4384
f 4655/5949/4637 4537/5672/4519 4538/5674/4520
f 4550/5808/4532 4372/5519/4354 4547/5950/4529
f 4372/5519/4354 4373/5520/4355 4773/5951/4755
f 4547/5950/4529 4773/5951/4755 4544/5952/4526
f 4373/5520/4355 4374/5521/4356 4401/5553/4383
f 4773/5951/4755 4401/5553/4383 4404/5556/4386
f 4544/5952/4526 4404/5556/4386 4541/5948/4523
f 4532/5668/4514 4388/5536/4370 4390/5539/4372
f 4525/5663/4507 4377/5525/4359 4380/5538/4362
f 4482/5690/4464 4476/5624/4458 4477/5953/4459
f 4472/5954/4454 4365/5543/4347 4477/5953/4459
f 4399/5551/4381 4367/5547/4349 4395/5925/4377
f 4470/5620/4452 4393/5542/4375 4365/5543/4347
f 4365/5543/4347 4391/5541/4373 4555/5689/4537
f 4391/5541/4373 4405/5557/4387 4406/5693/4388
o Tearline
v 0.055122 1.956695 -0.065665
v 0.024295 1.957638 -0.069513
v 0.056636 1.958555 -0.063461
v 0.040753 1.966284 -0.074125
v 0.032665 1.964717 -0.072421
v 0.027805 1.957238 -0.069501
v 0.056106 1.958843 -0.063573
v 0.043929 1.953834 -0.071611
v 0.026113 1.959981 -0.069582
v 0.048840 1.953728 -0.070611
v 0.024291 1.957793 -0.069129
v 0.052434 1.962206 -0.068581
v 0.024627 1.958723 -0.069395
v 0.054285 1.957144 -0.065701
v 0.027416 1.961296 -0.070318
v 0.029462 1.962513 -0.070395
v 0.029964 1.956240 -0.071572
v 0.024171 1.958218 -0.069534
v 0.025279 1.959306 -0.069535
v 0.040562 1.965556 -0.073722
v 0.049371 1.963814 -0.070806
v 0.052906 1.956126 -0.067141
v 0.025857 1.957410 -0.069333
v 0.048288 1.954536 -0.070131
v 0.055155 1.958017 -0.064422
v 0.027562 1.961025 -0.069728
v 0.055371 1.960322 -0.065342
v 0.036259 1.965241 -0.072947
v 0.045008 1.964828 -0.072693
v 0.050793 1.955240 -0.068704
v 0.034095 1.955102 -0.071980
v 0.038737 1.953881 -0.072755
v 0.056099 1.959557 -0.064183
v 0.032706 1.964425 -0.071760
v 0.030052 1.956646 -0.070349
v 0.053993 1.961233 -0.066997
v 0.024187 1.958210 -0.069219
v 0.025983 1.960208 -0.069997
v 0.033951 1.954300 -0.073508
v 0.052745 1.962385 -0.069038
v 0.051510 1.954627 -0.069021
v 0.027729 1.956998 -0.070450
v 0.045351 1.965514 -0.073260
v 0.024603 1.958847 -0.069704
v 0.055621 1.960277 -0.065551
v 0.036358 1.965869 -0.073609
v 0.044439 1.952971 -0.072239
v 0.029347 1.962931 -0.071105
v 0.049628 1.964076 -0.071318
v 0.056423 1.959400 -0.064217
v 0.054272 1.961255 -0.067305
v 0.053695 1.955573 -0.067283
v 0.056007 1.957670 -0.064274
v 0.038898 1.953165 -0.073685
v 0.026019 1.957138 -0.069865
v 0.025221 1.959513 -0.069870
v 0.024756 1.957564 -0.069219
v 0.024963 1.957292 -0.069651
v 0.027802 1.957958 -0.069190
v 0.055013 1.958976 -0.064698
v 0.043774 1.955085 -0.071850
v 0.026342 1.959768 -0.069254
v 0.024461 1.958103 -0.069257
v 0.051944 1.961464 -0.068619
v 0.024927 1.958599 -0.069456
v 0.053666 1.957692 -0.066403
v 0.029550 1.961849 -0.070351
v 0.025553 1.959115 -0.069513
v 0.040513 1.964318 -0.074146
v 0.048911 1.962655 -0.070832
v 0.052296 1.956893 -0.067717
v 0.025949 1.958025 -0.069345
v 0.047928 1.955651 -0.070459
v 0.054606 1.958385 -0.065340
v 0.027596 1.960717 -0.069307
v 0.054433 1.960091 -0.065549
v 0.036186 1.964029 -0.073210
v 0.044837 1.963760 -0.073045
v 0.050373 1.956228 -0.069144
v 0.034300 1.956199 -0.071957
v 0.038870 1.955013 -0.072489
v 0.054939 1.959523 -0.064763
v 0.032809 1.963291 -0.071679
v 0.030279 1.957499 -0.069893
v 0.053325 1.960774 -0.067070
v 0.024496 1.958276 -0.069338
v 0.024867 1.958051 -0.069441
v 0.027501 1.961147 -0.070003
v 0.040641 1.965989 -0.073817
v 0.054810 1.956860 -0.065657
v 0.024259 1.957690 -0.069289
v 0.056470 1.958679 -0.063393
v 0.048587 1.954125 -0.070492
v 0.029982 1.956513 -0.070910
v 0.032720 1.964625 -0.071997
v 0.024174 1.958195 -0.069336
v 0.025990 1.960067 -0.069786
v 0.052578 1.962277 -0.068778
v 0.049448 1.963860 -0.071007
v 0.053328 1.955848 -0.067210
v 0.027773 1.957214 -0.070000
v 0.025914 1.957297 -0.069648
v 0.055728 1.957772 -0.064267
v 0.024603 1.958763 -0.069530
v 0.025232 1.959391 -0.069695
v 0.044157 1.953394 -0.072066
v 0.029466 1.962701 -0.070718
v 0.034095 1.954669 -0.072906
v 0.038763 1.953445 -0.073359
v 0.051167 1.954926 -0.068988
v 0.045160 1.965185 -0.072867
v 0.055485 1.960268 -0.065391
v 0.054136 1.961224 -0.067110
v 0.036277 1.965649 -0.073200
v 0.056306 1.959455 -0.064123
v 0.024819 1.957425 -0.069417
v 0.032812 1.963852 -0.071612
v 0.036220 1.964662 -0.073018
v 0.043837 1.954620 -0.071557
v 0.038843 1.954685 -0.072302
v 0.034154 1.955826 -0.071412
v 0.055723 1.959628 -0.064365
v 0.055583 1.958955 -0.063915
v 0.053737 1.961097 -0.066981
v 0.055139 1.960338 -0.065390
v 0.054833 1.958244 -0.064738
v 0.053786 1.957477 -0.065887
v 0.044911 1.964337 -0.072828
v 0.049042 1.963167 -0.070684
v 0.040534 1.964952 -0.073919
v 0.024305 1.958242 -0.069174
v 0.024739 1.958659 -0.069334
v 0.052120 1.961836 -0.068503
v 0.029481 1.962266 -0.070234
v 0.050479 1.955834 -0.068906
v 0.048043 1.955206 -0.070211
v 0.027582 1.960887 -0.069486
v 0.052402 1.956621 -0.067203
v 0.025868 1.957656 -0.069236
v 0.024751 1.957785 -0.069219
v 0.027836 1.957455 -0.069220
v 0.030154 1.957106 -0.069838
v 0.024354 1.957931 -0.069122
v 0.025393 1.959210 -0.069427
v 0.026203 1.959882 -0.069385
v 0.051000 1.963060 -0.069723
v 0.046113 1.954180 -0.071095
v 0.032079 1.955980 -0.071120
v 0.034364 1.964875 -0.072393
v 0.036230 1.954340 -0.072806
v 0.038350 1.965470 -0.073501
v 0.031216 1.963707 -0.071037
v 0.042717 1.965242 -0.073403
v 0.041428 1.953831 -0.072176
v 0.047271 1.964316 -0.071780
v 0.036063 1.953712 -0.073927
v 0.051262 1.963277 -0.070225
v 0.047676 1.964864 -0.072336
v 0.041779 1.953027 -0.072963
v 0.031913 1.955308 -0.072781
v 0.043042 1.966085 -0.073859
v 0.034424 1.965381 -0.073041
v 0.038507 1.966211 -0.074004
v 0.031076 1.964009 -0.071756
v 0.046666 1.953267 -0.071604
v 0.050517 1.962066 -0.069752
v 0.045870 1.955283 -0.071390
v 0.032301 1.957001 -0.070758
v 0.034363 1.963688 -0.072483
v 0.036433 1.955692 -0.072081
v 0.038300 1.964272 -0.073903
v 0.031238 1.962823 -0.071033
v 0.042634 1.964126 -0.073829
v 0.041376 1.954932 -0.072552
v 0.047012 1.963237 -0.071973
v 0.046391 1.953713 -0.071465
v 0.031248 1.963824 -0.071314
v 0.038399 1.965904 -0.073642
v 0.047471 1.964604 -0.072008
v 0.041530 1.953398 -0.072692
v 0.034385 1.965201 -0.072626
v 0.042870 1.965749 -0.073524
v 0.051091 1.963107 -0.069928
v 0.032021 1.955635 -0.071996
v 0.036162 1.953931 -0.073520
v 0.032139 1.956636 -0.070441
v 0.042676 1.964748 -0.073606
v 0.045932 1.954812 -0.071164
v 0.050663 1.962511 -0.069615
v 0.031212 1.963342 -0.070902
v 0.038312 1.964899 -0.073665
v 0.047110 1.963789 -0.071804
v 0.036356 1.955232 -0.071977
v 0.041389 1.954445 -0.072293
v 0.034392 1.964285 -0.072338
v -0.055122 1.956695 -0.065665
v -0.024295 1.957638 -0.069513
v -0.056637 1.958555 -0.063461
v -0.040754 1.966286 -0.074125
v -0.032666 1.964714 -0.072421
v -0.027804 1.957239 -0.069501
v -0.056106 1.958842 -0.063573
v -0.043929 1.953834 -0.071610
v -0.026113 1.959981 -0.069582
v -0.048840 1.953728 -0.070611
v -0.024291 1.957793 -0.069129
v -0.052435 1.962206 -0.068581
v -0.024628 1.958723 -0.069395
v -0.054285 1.957144 -0.065701
v -0.027417 1.961295 -0.070318
v -0.029457 1.962518 -0.070395
v -0.029964 1.956240 -0.071571
v -0.024171 1.958218 -0.069534
v -0.025279 1.959306 -0.069535
v -0.040562 1.965556 -0.073722
v -0.049371 1.963814 -0.070806
v -0.052906 1.956125 -0.067141
v -0.025857 1.957410 -0.069333
v -0.048288 1.954536 -0.070130
v -0.055155 1.958017 -0.064422
v -0.027562 1.961025 -0.069728
v -0.055371 1.960322 -0.065342
v -0.036259 1.965241 -0.072947
v -0.045009 1.964828 -0.072693
v -0.050793 1.955241 -0.068704
v -0.034096 1.955101 -0.071981
v -0.038737 1.953881 -0.072755
v -0.056099 1.959556 -0.064183
v -0.032706 1.964424 -0.071760
v -0.030052 1.956646 -0.070349
v -0.053993 1.961232 -0.066997
v -0.024187 1.958210 -0.069219
v -0.025983 1.960208 -0.069997
v -0.033951 1.954299 -0.073508
v -0.052747 1.962386 -0.069038
v -0.051510 1.954627 -0.069021
v -0.027729 1.956998 -0.070449
v -0.045353 1.965516 -0.073260
v -0.024603 1.958847 -0.069704
v -0.055621 1.960276 -0.065551
v -0.036358 1.965868 -0.073609
v -0.044438 1.952972 -0.072239
v -0.029346 1.962932 -0.071105
v -0.049628 1.964077 -0.071318
v -0.056423 1.959399 -0.064217
v -0.054272 1.961255 -0.067305
v -0.053695 1.955573 -0.067283
v -0.056007 1.957670 -0.064274
v -0.038898 1.953165 -0.073685
v -0.026019 1.957138 -0.069865
v -0.025222 1.959513 -0.069870
v -0.024756 1.957564 -0.069219
v -0.024963 1.957292 -0.069651
v -0.027802 1.957958 -0.069191
v -0.055013 1.958976 -0.064698
v -0.043774 1.955085 -0.071850
v -0.026342 1.959768 -0.069254
v -0.024461 1.958103 -0.069257
v -0.051944 1.961464 -0.068619
v -0.024927 1.958599 -0.069456
v -0.053666 1.957692 -0.066403
v -0.029549 1.961850 -0.070351
v -0.025553 1.959114 -0.069512
v -0.040513 1.964318 -0.074146
v -0.048911 1.962655 -0.070832
v -0.052297 1.956893 -0.067717
v -0.025949 1.958025 -0.069345
v -0.047928 1.955651 -0.070459
v -0.054606 1.958385 -0.065340
v -0.027596 1.960717 -0.069307
v -0.054433 1.960091 -0.065549
v -0.036186 1.964029 -0.073210
v -0.044837 1.963760 -0.073045
v -0.050373 1.956228 -0.069144
v -0.034300 1.956199 -0.071957
v -0.038870 1.955013 -0.072489
v -0.054939 1.959523 -0.064763
v -0.032809 1.963291 -0.071679
v -0.030279 1.957499 -0.069892
v -0.053325 1.960774 -0.067070
v -0.024496 1.958276 -0.069338
v -0.024866 1.958051 -0.069441
v -0.027501 1.961147 -0.070003
v -0.040641 1.965988 -0.073817
v -0.054810 1.956860 -0.065657
v -0.024259 1.957690 -0.069289
v -0.056470 1.958678 -0.063393
v -0.048587 1.954125 -0.070491
v -0.029982 1.956513 -0.070910
v -0.032721 1.964624 -0.071997
v -0.024174 1.958195 -0.069336
v -0.025990 1.960067 -0.069786
v -0.052579 1.962278 -0.068777
v -0.049448 1.963860 -0.071007
v -0.053328 1.955848 -0.067210
v -0.027773 1.957214 -0.070000
v -0.025914 1.957297 -0.069648
v -0.055728 1.957772 -0.064266
v -0.024603 1.958763 -0.069529
v -0.025232 1.959391 -0.069695
v -0.044157 1.953395 -0.072063
v -0.029464 1.962702 -0.070718
v -0.034094 1.954669 -0.072906
v -0.038763 1.953445 -0.073359
v -0.051167 1.954926 -0.068988
v -0.045163 1.965188 -0.072867
v -0.055486 1.960267 -0.065391
v -0.054136 1.961224 -0.067110
v -0.036278 1.965648 -0.073200
v -0.056306 1.959455 -0.064123
v -0.024819 1.957425 -0.069417
v -0.032812 1.963852 -0.071612
v -0.036220 1.964662 -0.073018
v -0.043837 1.954620 -0.071556
v -0.038843 1.954685 -0.072302
v -0.034154 1.955826 -0.071412
v -0.055723 1.959628 -0.064365
v -0.055583 1.958955 -0.063915
v -0.053737 1.961097 -0.066981
v -0.055139 1.960338 -0.065390
v -0.054833 1.958244 -0.064738
v -0.053786 1.957477 -0.065887
v -0.044911 1.964337 -0.072828
v -0.049042 1.963167 -0.070683
v -0.040535 1.964952 -0.073919
v -0.024305 1.958242 -0.069174
v -0.024739 1.958659 -0.069334
v -0.052120 1.961836 -0.068503
v -0.029475 1.962271 -0.070234
v -0.050479 1.955834 -0.068906
v -0.048043 1.955206 -0.070211
v -0.027583 1.960887 -0.069486
v -0.052402 1.956621 -0.067203
v -0.025868 1.957656 -0.069237
v -0.024751 1.957785 -0.069219
v -0.027836 1.957455 -0.069220
v -0.030154 1.957106 -0.069837
v -0.024354 1.957931 -0.069122
v -0.025393 1.959209 -0.069427
v -0.026202 1.959881 -0.069385
v -0.051000 1.963060 -0.069723
v -0.046113 1.954181 -0.071093
v -0.032079 1.955979 -0.071122
v -0.034364 1.964875 -0.072393
v -0.036230 1.954340 -0.072806
v -0.038350 1.965469 -0.073501
v -0.031209 1.963714 -0.071037
v -0.042718 1.965243 -0.073403
v -0.041428 1.953831 -0.072176
v -0.047271 1.964316 -0.071780
v -0.036063 1.953712 -0.073928
v -0.051263 1.963277 -0.070224
v -0.047676 1.964864 -0.072336
v -0.041778 1.953027 -0.072963
v -0.031913 1.955308 -0.072779
v -0.043043 1.966087 -0.073858
v -0.034425 1.965378 -0.073041
v -0.038507 1.966213 -0.074003
v -0.031077 1.964004 -0.071756
v -0.046665 1.953267 -0.071604
v -0.050517 1.962066 -0.069752
v -0.045870 1.955283 -0.071390
v -0.032301 1.957001 -0.070758
v -0.034363 1.963688 -0.072483
v -0.036433 1.955692 -0.072081
v -0.038300 1.964272 -0.073903
v -0.031235 1.962826 -0.071033
v -0.042634 1.964126 -0.073829
v -0.041376 1.954932 -0.072552
v -0.047012 1.963237 -0.071973
v -0.046391 1.953714 -0.071460
v -0.031236 1.963834 -0.071314
v -0.038399 1.965902 -0.073642
v -0.047473 1.964606 -0.072008
v -0.041530 1.953399 -0.072692
v -0.034386 1.965200 -0.072626
v -0.042872 1.965751 -0.073523
v -0.051092 1.963108 -0.069928
v -0.032021 1.955635 -0.071995
v -0.036162 1.953930 -0.073520
v -0.032139 1.956636 -0.070441
v -0.042676 1.964748 -0.073606
v -0.045932 1.954812 -0.071163
v -0.050663 1.962511 -0.069615
v -0.031209 1.963345 -0.070902
v -0.038312 1.964899 -0.073665
v -0.047110 1.963789 -0.071804
v -0.036356 1.955232 -0.071977
v -0.041389 1.954445 -0.072293
v -0.034392 1.964285 -0.072338
vn 0.3213 0.6556 -0.6833
vn 0.7087 0.7025 -0.0653
vn -0.2569 0.1789 -0.9497
vn 0.0016 -0.7217 -0.6922
vn 0.2647 -0.9319 -0.2478
vn 0.0494 0.9213 -0.3858
vn 0.3763 -0.2383 -0.8953
vn 0.1629 0.4569 -0.8745
vn 0.4845 -0.6639 -0.5697
vn 0.3171 0.4513 -0.8341
vn 0.4916 0.3254 -0.8077
vn 0.1217 -0.7573 -0.6417
vn 0.4791 -0.6346 -0.6064
vn 0.4668 0.4884 -0.7373
vn 0.4415 -0.7569 -0.4819
vn 0.2489 -0.6927 -0.6769
vn 0.1651 0.9091 -0.3823
vn 0.9518 -0.3016 -0.0562
vn 0.4432 -0.6040 -0.6624
vn 0.0261 0.0299 -0.9992
vn 0.0906 -0.7626 -0.6405
vn 0.3840 0.5278 -0.7576
vn 0.0271 0.7289 -0.6841
vn 0.3251 0.4231 -0.8458
vn 0.5875 0.3291 -0.7393
vn 0.4398 -0.7652 -0.4701
vn -0.2277 -0.8930 -0.3882
vn -0.2372 -0.2069 -0.9492
vn 0.2996 -0.1754 -0.9378
vn 0.3892 0.4603 -0.7979
vn 0.0850 0.7886 -0.6090
vn 0.1361 0.6560 -0.7424
vn -0.0462 -0.7865 -0.6158
vn -0.1196 -0.5710 -0.8122
vn 0.0875 0.8772 -0.4721
vn 0.0138 -0.8661 -0.4998
vn 0.8240 -0.2816 -0.4916
vn 0.4866 -0.7198 -0.4950
vn 0.1666 0.8247 -0.5405
vn -0.1358 -0.8784 -0.4582
vn 0.3642 0.5130 -0.7773
vn 0.0347 0.9016 -0.4311
vn 0.0153 -0.7666 -0.6419
vn 0.6609 -0.6701 -0.3379
vn -0.3128 -0.8955 -0.3166
vn 0.0349 -0.8756 -0.4817
vn 0.1961 0.4739 -0.8585
vn 0.3405 -0.7623 -0.5503
vn -0.0130 -0.8145 -0.5800
vn -0.6016 -0.7197 -0.3465
vn -0.2542 -0.9098 -0.3282
vn 0.3202 0.6164 -0.7194
vn 0.2144 0.6486 -0.7303
vn 0.1797 0.7754 -0.6054
vn -0.0569 0.8029 -0.5934
vn 0.5527 -0.6688 -0.4973
vn 0.0817 0.5280 -0.8453
vn 0.0960 0.8859 -0.4539
vn -0.1063 0.0273 -0.9940
vn 0.7423 -0.2131 -0.6353
vn 0.2598 -0.4863 -0.8343
vn 0.4183 -0.4184 -0.8062
vn -0.5152 -0.3255 -0.7929
vn 0.6537 -0.0674 -0.7538
vn -0.4245 0.3367 -0.8405
vn 0.7464 -0.5330 -0.3985
vn -0.4517 0.1470 -0.8800
vn -0.2376 0.3004 -0.9238
vn 0.0271 0.3379 -0.9408
vn 0.5520 0.1038 -0.8273
vn 0.6793 -0.5664 -0.4666
vn 0.0730 -0.2950 -0.9527
vn 0.4676 -0.3352 -0.8179
vn 0.8249 -0.3980 -0.4014
vn 0.3021 -0.6734 -0.6747
vn 0.3916 -0.6379 -0.6631
vn -0.3596 0.2842 -0.8888
vn 0.4174 0.2730 -0.8667
vn 0.5630 -0.3092 -0.7665
vn -0.4324 -0.6526 -0.6222
vn -0.1283 -0.4673 -0.8748
vn 0.4468 -0.4090 -0.7957
vn -0.4517 0.1154 -0.8847
vn -0.2963 -0.0705 -0.9525
vn 0.5382 -0.4563 -0.7086
vn -0.6341 0.2211 -0.7410
vn -0.1926 -0.5369 -0.8214
vn 0.4558 -0.7620 -0.4600
vn 0.0119 -0.5122 -0.8588
vn 0.3547 0.6232 -0.6970
vn 0.7532 0.6012 -0.2670
vn -0.1011 -0.1293 -0.9864
vn 0.2487 0.5877 -0.7699
vn 0.1755 0.9298 -0.3236
vn 0.1504 -0.8719 -0.4660
vn 0.9727 -0.2196 -0.0753
vn 0.4964 -0.6895 -0.5274
vn -0.1518 -0.8842 -0.4418
vn -0.0803 -0.8885 -0.4517
vn 0.3144 0.6192 -0.7196
vn 0.0800 0.9655 -0.2480
vn 0.0098 0.8891 -0.4577
vn 0.3310 0.5720 -0.7505
vn 0.6757 -0.6669 -0.3141
vn 0.5467 -0.6695 -0.5028
vn 0.1587 0.6174 -0.7704
vn 0.3814 -0.7750 -0.5039
vn 0.1818 0.8574 -0.4814
vn 0.1763 0.7932 -0.5828
vn 0.2641 0.6252 -0.7344
vn 0.0941 -0.6495 -0.7546
vn -0.4082 -0.8748 -0.2608
vn -0.2664 -0.9150 -0.3030
vn -0.0442 -0.7345 -0.6771
vn -0.4031 -0.7541 -0.5185
vn 0.2205 0.8835 -0.4132
vn -0.3941 -0.0914 -0.9145
vn -0.3315 0.2032 -0.9213
vn 0.2379 -0.2108 -0.9481
vn -0.0276 0.0379 -0.9989
vn -0.3579 0.0123 -0.9337
vn 0.3468 -0.6294 -0.6954
vn 0.5960 -0.2598 -0.7598
vn 0.4219 -0.5950 -0.6840
vn 0.2172 -0.7596 -0.6131
vn 0.8116 -0.0417 -0.5827
vn 0.7443 -0.0683 -0.6643
vn 0.4035 0.2250 -0.8869
vn 0.4738 -0.1269 -0.8715
vn 0.0313 0.3231 -0.9458
vn 0.0156 -0.3263 -0.9451
vn -0.1465 -0.0948 -0.9847
vn 0.5434 -0.3081 -0.7809
vn -0.1945 -0.2203 -0.9558
vn 0.5820 -0.1509 -0.7990
vn 0.4613 -0.1428 -0.8757
vn 0.2997 -0.7304 -0.6137
vn 0.6837 -0.1014 -0.7227
vn 0.0280 0.0229 -0.9993
vn -0.1973 -0.2607 -0.9450
vn -0.0878 0.4344 -0.8964
vn -0.1819 0.3812 -0.9064
vn -0.0622 -0.1376 -0.9885
vn 0.0305 -0.1126 -0.9932
vn 0.4672 -0.5218 -0.7137
vn 0.0806 -0.7617 -0.6429
vn 0.2546 0.3670 -0.8947
vn 0.0847 0.8296 -0.5519
vn -0.2258 -0.3529 -0.9080
vn 0.1003 0.7809 -0.6166
vn -0.1668 -0.0196 -0.9858
vn 0.0843 -0.6932 -0.7158
vn 0.2263 0.0288 -0.9736
vn 0.2231 0.3654 -0.9037
vn 0.2750 -0.4152 -0.8672
vn 0.1646 0.8487 -0.5026
vn -0.0623 -0.8479 -0.5265
vn 0.0178 -0.7876 -0.6159
vn 0.1937 0.6494 -0.7353
vn 0.2142 0.8836 -0.4163
vn 0.0136 -0.7093 -0.7048
vn 0.1366 -0.9113 -0.3884
vn -0.0123 -0.7569 -0.6534
vn 0.2930 -0.8448 -0.4478
vn 0.2548 0.4268 -0.8677
vn 0.5976 0.0514 -0.8002
vn 0.3158 -0.3855 -0.8670
vn -0.4995 -0.4522 -0.7389
vn -0.4327 0.2205 -0.8741
vn -0.1562 -0.1929 -0.9687
vn -0.2140 0.3453 -0.9137
vn -0.4421 0.1965 -0.8752
vn 0.2648 0.3097 -0.9132
vn 0.1126 -0.4651 -0.8781
vn 0.4991 0.1779 -0.8481
vn 0.1998 0.5506 -0.8105
vn 0.3045 -0.8595 -0.4106
vn -0.0616 -0.5631 -0.8241
vn 0.0634 -0.7342 -0.6760
vn 0.1708 0.7219 -0.6706
vn 0.0326 -0.7865 -0.6167
vn 0.0874 -0.5308 -0.8430
vn -0.1540 -0.8919 -0.4252
vn 0.2111 0.8975 -0.3873
vn 0.1635 0.8474 -0.5052
vn -0.3295 0.1626 -0.9300
vn 0.2662 0.3283 -0.9063
vn 0.3263 -0.1877 -0.9264
vn 0.5154 -0.1915 -0.8353
vn -0.3079 -0.1028 -0.9459
vn -0.2074 0.3093 -0.9281
vn 0.4639 0.0466 -0.8846
vn -0.1023 0.2473 -0.9635
vn 0.1879 -0.2835 -0.9404
vn -0.3828 0.0556 -0.9222
vn -0.3211 0.6558 -0.6832
vn -0.7085 0.7026 -0.0658
vn 0.2584 0.1792 -0.9493
vn -0.0023 -0.7190 -0.6950
vn -0.2676 -0.9326 -0.2422
vn -0.0494 0.9212 -0.3859
vn -0.3763 -0.2384 -0.8953
vn -0.1635 0.4558 -0.8750
vn -0.4851 -0.6645 -0.5685
vn -0.3165 0.4528 -0.8336
vn -0.4917 0.3255 -0.8077
vn -0.1218 -0.7568 -0.6422
vn -0.4792 -0.6347 -0.6063
vn -0.4669 0.4883 -0.7373
vn -0.4425 -0.7568 -0.4811
vn -0.2529 -0.6955 -0.6726
vn -0.1653 0.9092 -0.3821
vn -0.9520 -0.3010 -0.0559
vn -0.4435 -0.6043 -0.6619
vn -0.0260 0.0297 -0.9992
vn -0.0902 -0.7626 -0.6405
vn -0.3840 0.5277 -0.7577
vn -0.0271 0.7288 -0.6842
vn -0.3251 0.4222 -0.8462
vn -0.5874 0.3291 -0.7394
vn -0.4410 -0.7646 -0.4701
vn 0.2283 -0.8929 -0.3881
vn 0.2371 -0.2073 -0.9491
vn -0.2998 -0.1747 -0.9379
vn -0.3890 0.4603 -0.7980
vn -0.0850 0.7887 -0.6089
vn -0.1361 0.6560 -0.7424
vn 0.0469 -0.7864 -0.6159
vn 0.1227 -0.5702 -0.8123
vn -0.0875 0.8772 -0.4721
vn -0.0140 -0.8660 -0.4998
vn -0.8241 -0.2819 -0.4914
vn -0.4868 -0.7198 -0.4949
vn -0.1665 0.8247 -0.5404
vn 0.1342 -0.8779 -0.4597
vn -0.3641 0.5132 -0.7772
vn -0.0348 0.9017 -0.4310
vn -0.0146 -0.7677 -0.6407
vn -0.6604 -0.6703 -0.3383
vn 0.3127 -0.8954 -0.3170
vn -0.0350 -0.8747 -0.4835
vn -0.1957 0.4782 -0.8562
vn -0.3457 -0.7631 -0.5460
vn 0.0137 -0.8149 -0.5794
vn 0.6009 -0.7202 -0.3466
vn 0.2520 -0.9100 -0.3293
vn -0.3193 0.6169 -0.7194
vn -0.2143 0.6487 -0.7302
vn -0.1796 0.7756 -0.6052
vn 0.0570 0.8028 -0.5935
vn -0.5523 -0.6690 -0.4974
vn -0.0817 0.5280 -0.8453
vn -0.0961 0.8858 -0.4540
vn 0.1063 0.0262 -0.9940
vn -0.7422 -0.2131 -0.6354
vn -0.2598 -0.4863 -0.8343
vn -0.4175 -0.4177 -0.8070
vn 0.5155 -0.3255 -0.7927
vn -0.6536 -0.0675 -0.7538
vn 0.4245 0.3368 -0.8405
vn -0.7463 -0.5331 -0.3986
vn 0.4500 0.1413 -0.8818
vn 0.2375 0.3004 -0.9238
vn -0.0272 0.3379 -0.9408
vn -0.5520 0.1038 -0.8273
vn -0.6793 -0.5664 -0.4666
vn -0.0727 -0.2951 -0.9527
vn -0.4675 -0.3353 -0.8180
vn -0.8248 -0.3981 -0.4015
vn -0.3017 -0.6736 -0.6747
vn -0.3912 -0.6381 -0.6631
vn 0.3596 0.2842 -0.8888
vn -0.4174 0.2729 -0.8668
vn -0.5629 -0.3093 -0.7665
vn 0.4322 -0.6527 -0.6222
vn 0.1282 -0.4673 -0.8748
vn -0.4465 -0.4092 -0.7957
vn 0.4511 0.1156 -0.8849
vn 0.2964 -0.0706 -0.9524
vn -0.5386 -0.4562 -0.7083
vn 0.6343 0.2212 -0.7408
vn 0.1927 -0.5370 -0.8213
vn -0.4570 -0.7617 -0.4593
vn -0.0122 -0.5103 -0.8599
vn -0.3546 0.6233 -0.6970
vn -0.7532 0.6012 -0.2670
vn 0.1019 -0.1289 -0.9864
vn -0.2481 0.5883 -0.7697
vn -0.1755 0.9298 -0.3234
vn -0.1514 -0.8735 -0.4627
vn -0.9728 -0.2193 -0.0750
vn -0.4968 -0.6897 -0.5268
vn 0.1507 -0.8837 -0.4432
vn 0.0808 -0.8886 -0.4516
vn -0.3139 0.6194 -0.7196
vn -0.0802 0.9654 -0.2480
vn -0.0097 0.8892 -0.4574
vn -0.3309 0.5720 -0.7505
vn -0.6754 -0.6670 -0.3145
vn -0.5466 -0.6698 -0.5026
vn -0.1587 0.6187 -0.7694
vn -0.3864 -0.7762 -0.4983
vn -0.1818 0.8574 -0.4814
vn -0.1762 0.7933 -0.5828
vn -0.2640 0.6254 -0.7343
vn -0.0942 -0.6495 -0.7545
vn 0.4087 -0.8745 -0.2610
vn 0.2652 -0.9151 -0.3036
vn 0.0438 -0.7344 -0.6773
vn 0.4026 -0.7544 -0.5184
vn -0.2204 0.8835 -0.4133
vn 0.3939 -0.0913 -0.9146
vn 0.3315 0.2033 -0.9213
vn -0.2381 -0.2114 -0.9479
vn 0.0276 0.0379 -0.9989
vn 0.3577 0.0124 -0.9338
vn -0.3461 -0.6297 -0.6955
vn -0.5959 -0.2598 -0.7598
vn -0.4224 -0.5949 -0.6838
vn -0.2172 -0.7597 -0.6129
vn -0.8116 -0.0417 -0.5828
vn -0.7444 -0.0683 -0.6642
vn -0.4034 0.2247 -0.8870
vn -0.4738 -0.1268 -0.8714
vn -0.0313 0.3232 -0.9458
vn -0.0154 -0.3261 -0.9452
vn 0.1461 -0.0952 -0.9847
vn -0.5433 -0.3081 -0.7810
vn 0.1920 -0.2242 -0.9554
vn -0.5820 -0.1511 -0.7990
vn -0.4613 -0.1435 -0.8756
vn -0.2996 -0.7301 -0.6141
vn -0.6836 -0.1015 -0.7228
vn -0.0277 0.0222 -0.9994
vn 0.1974 -0.2607 -0.9450
vn 0.0877 0.4339 -0.8967
vn 0.1819 0.3811 -0.9065
vn 0.0624 -0.1375 -0.9885
vn -0.0308 -0.1129 -0.9931
vn -0.4675 -0.5216 -0.7137
vn -0.0816 -0.7613 -0.6433
vn -0.2554 0.3644 -0.8955
vn -0.0849 0.8297 -0.5518
vn 0.2257 -0.3531 -0.9080
vn -0.1003 0.7808 -0.6167
vn 0.1668 -0.0195 -0.9858
vn -0.0805 -0.6875 -0.7217
vn -0.2263 0.0288 -0.9736
vn -0.2232 0.3653 -0.9037
vn -0.2756 -0.4136 -0.8678
vn -0.1647 0.8487 -0.5025
vn 0.0616 -0.8476 -0.5271
vn -0.0160 -0.7895 -0.6136
vn -0.1938 0.6503 -0.7346
vn -0.2142 0.8837 -0.4163
vn -0.0140 -0.7086 -0.7054
vn -0.1387 -0.9131 -0.3835
vn 0.0127 -0.7534 -0.6575
vn -0.3049 -0.8549 -0.4197
vn -0.2523 0.4327 -0.8655
vn -0.5976 0.0514 -0.8001
vn -0.3159 -0.3858 -0.8668
vn 0.4996 -0.4525 -0.7386
vn 0.4329 0.2205 -0.8741
vn 0.1562 -0.1929 -0.9687
vn 0.2141 0.3453 -0.9137
vn 0.4412 0.1966 -0.8756
vn -0.2648 0.3097 -0.9132
vn -0.1126 -0.4651 -0.8781
vn -0.4989 0.1779 -0.8482
vn -0.1991 0.5524 -0.8094
vn -0.3048 -0.8616 -0.4059
vn 0.0618 -0.5610 -0.8255
vn -0.0631 -0.7342 -0.6760
vn -0.1709 0.7221 -0.6703
vn -0.0340 -0.7884 -0.6142
vn -0.0878 -0.5303 -0.8432
vn 0.1528 -0.8917 -0.4261
vn -0.2110 0.8975 -0.3874
vn -0.1635 0.8474 -0.5052
vn 0.3297 0.1626 -0.9300
vn -0.2662 0.3281 -0.9064
vn -0.3265 -0.1889 -0.9261
vn -0.5154 -0.1914 -0.8353
vn 0.3083 -0.1016 -0.9458
vn 0.2075 0.3095 -0.9280
vn -0.4639 0.0466 -0.8847
vn 0.1022 0.2472 -0.9636
vn -0.1880 -0.2835 -0.9404
vn 0.3829 0.0555 -0.9221
vt 0.544021 0.569646
vt 0.565802 0.539333
vt 0.548720 0.573796
vt 0.275796 0.092536
vt 0.318746 0.111250
vt 0.314578 0.122422
vt 0.394093 0.213190
vt 0.438732 0.252613
vt 0.430769 0.260262
vt 0.191385 0.963994
vt 0.147802 0.965997
vt 0.186600 0.951561
vt 0.114932 0.040867
vt 0.073040 0.038603
vt 0.070453 0.030658
vt 0.584274 0.488304
vt 0.581974 0.483650
vt 0.583592 0.481908
vt 0.227470 0.075937
vt 0.271678 0.103402
vt 0.027396 0.000077
vt 0.000077 0.007474
vt 0.000784 0.003007
vt 0.577347 0.499536
vt 0.572165 0.516961
vt 0.568864 0.514923
vt 0.115713 0.028764
vt 0.172570 0.037195
vt 0.170698 0.047297
vt 0.034945 0.024970
vt 0.069057 0.019618
vt 0.536601 0.431012
vt 0.568067 0.453688
vt 0.565199 0.459022
vt 0.031127 0.015882
vt 0.067543 0.008461
vt 0.231799 0.065432
vt 0.525224 0.373752
vt 0.493352 0.342260
vt 0.503817 0.333328
vt 0.358261 0.863292
vt 0.386708 0.824601
vt 0.394464 0.832797
vt 0.582614 0.502125
vt 0.575236 0.519543
vt 0.580200 0.500400
vt 0.586469 0.488626
vt 0.056437 0.993193
vt 0.101585 0.991481
vt 0.055457 0.996424
vt 0.311245 0.132475
vt 0.356920 0.160225
vt 0.352703 0.169724
vt 0.464590 0.775599
vt 0.431204 0.803443
vt 0.460532 0.767413
vt 0.327662 0.906833
vt 0.362585 0.870161
vt 0.367708 0.876812
vt 0.480164 0.726130
vt 0.501542 0.697996
vt 0.483625 0.732101
vt 0.531375 0.624566
vt 0.512206 0.660389
vt 0.526592 0.618919
vt 0.582219 0.488820
vt 0.579180 0.486532
vt 0.491991 0.400722
vt 0.474372 0.355430
vt 0.499747 0.396673
vt 0.402657 0.845696
vt 0.026058 0.992182
vt 0.019117 0.980674
vt 0.031872 0.988646
vt 0.009650 0.985813
vt 0.022547 0.994906
vt 0.002507 0.989643
vt 0.101810 0.981791
vt 0.150193 0.975912
vt 0.101111 0.987745
vt 0.561893 0.464028
vt 0.572224 0.481893
vt 0.555759 0.469207
vt 0.224003 0.087267
vt 0.166237 0.069039
vt 0.167848 0.059287
vt 0.375821 0.232026
vt 0.422144 0.267373
vt 0.410864 0.274551
vt 0.022081 0.998093
vt 0.057064 0.999923
vt 0.234382 0.951501
vt 0.198571 0.973879
vt 0.194126 0.967754
vt 0.540336 0.565156
vt 0.517283 0.607211
vt 0.537611 0.560809
vt 0.531555 0.436144
vt 0.524915 0.444636
vt 0.115549 0.018442
vt 0.455487 0.760251
vt 0.028699 0.005857
vt 0.003303 0.015228
vt 0.590311 0.489863
vt 0.311494 0.884213
vt 0.351862 0.854495
vt 0.523428 0.613255
vt 0.346504 0.180358
vt 0.299959 0.155656
vt 0.305704 0.145043
vt 0.471757 0.717869
vt 0.438083 0.743617
vt 0.462026 0.709271
vt 0.273341 0.922168
vt 0.225369 0.934483
vt 0.267979 0.912050
vt 0.439258 0.316787
vt 0.450328 0.312303
vt 0.221026 0.924073
vt 0.262310 0.901330
vt 0.419281 0.789561
vt 0.376965 0.814361
vt 0.408731 0.780379
vt 0.146404 0.957341
vt 0.183596 0.941975
vt 0.500526 0.645865
vt 0.507937 0.653692
vt 0.398458 0.838924
vt 0.463922 0.358062
vt 0.407879 0.192726
vt 0.400345 0.204320
vt 0.577004 0.478415
vt 0.304778 0.873253
vt 0.573478 0.499639
vt 0.498592 0.692927
vt 0.515689 0.665327
vt 0.235881 0.055697
vt 0.174718 0.027168
vt 0.582017 0.470159
vt 0.279398 0.082292
vt 0.490400 0.685396
vt 0.561755 0.536404
vt 0.557782 0.533374
vt 0.578026 0.523258
vt 0.569372 0.543531
vt 0.152600 0.980497
vt 0.554595 0.578421
vt 0.516620 0.383883
vt 0.483861 0.349993
vt 0.508307 0.391469
vt 0.542556 0.424833
vt 0.316722 0.892882
vt 0.426966 0.797160
vt 0.538279 0.630208
vt 0.361974 0.148718
vt 0.386320 0.222221
vt 0.523742 0.670558
vt 0.282408 0.935169
vt 0.321309 0.899526
vt 0.488351 0.739707
vt 0.508155 0.703972
vt 0.115991 0.009220
vt 0.449121 0.242021
vt 0.589977 0.477953
vt 0.586224 0.480195
vt 0.059120 0.989987
vt 0.339216 0.190526
vt 0.564949 0.513902
vt 0.550079 0.416810
vt 0.482131 0.677461
vt 0.103779 0.995883
vt 0.459786 0.306495
vt 0.579029 0.490360
vt 0.277394 0.928698
vt 0.239279 0.957831
vt 0.266706 0.114442
vt 0.156132 0.986039
vt 0.583901 0.464227
vt 0.231585 0.948001
vt 0.448073 0.752446
vt 0.579572 0.474655
vt 0.468504 0.299421
vt 0.261910 0.124735
vt 0.435098 0.811321
vt 0.220968 0.097880
vt 0.021810 0.034625
vt 0.040130 0.032830
vt 0.585361 0.505143
vt 0.570790 0.446647
vt 0.479987 0.290022
vt 0.031607 0.971329
vt 0.042076 0.977807
vt 0.009567 0.024337
vt 0.066725 0.001294
vt 0.103471 0.970989
vt 0.064367 0.978247
vt 0.343453 0.843578
vt 0.115426 0.049254
vt 0.553638 0.531577
vt 0.000077 0.993164
s 1
usemtl Tearline.001
f 4799/5960/4781 4870/5961/4852 4861/5962/4843
f 4949/5963/4931 4820/5964/4802 4879/5965/4861
f 4805/5966/4787 4958/5967/4940 4923/5968/4905
f 4919/5969/4901 4906/5970/4888 4962/5971/4944
f 4911/5972/4893 4839/5973/4821 4900/5974/4882
f 4810/5975/4792 4916/5976/4898 4784/5977/4766
f 4797/5978/4779 4949/5963/4931 4920/5979/4902
f 4826/5980/4808 4865/5981/4847 4776/5982/4758
f 4905/5983/4887 4792/5984/4774 4917/5985/4899
f 4795/5986/4777 4883/5987/4865 4803/5988/4785
f 4899/5989/4881 4787/5990/4769 4900/5974/4882
f 4779/5991/4761 4875/5992/4857 4796/5993/4778
f 4798/5994/4780 4863/5995/4845 4787/5990/4769
f 4866/5996/4848 4803/5988/4785 4883/5987/4865
f 4790/5997/4772 4957/5998/4939 4933/5999/4915
f 4926/6000/4908 4903/6001/4885 4793/6002/4775
f 4792/5984/4774 4877/6003/4859 4878/6004/4860
f 4786/6005/4768 4869/6006/4851 4877/6003/4859
f 4800/6007/4782 4886/6008/4868 4885/6009/4867
f 4781/6010/4763 4953/6011/4935 4927/6012/4909
f 4819/6013/4801 4951/6014/4933 4887/6015/4869
f 4816/6016/4798 4955/6017/4937 4934/6018/4916
f 4922/6019/4904 4868/6020/4850 4954/6021/4936
f 4880/6022/4862 4925/6023/4907 4789/6024/4771
f 4904/6025/4886 4836/6026/4818 4916/5976/4898
f 4784/5977/4766 4869/6006/4851 4810/5975/4792
f 4857/6027/4839 4959/6028/4941 4915/6029/4897
f 4955/6017/4937 4777/6030/4759 4934/6018/4916
f 4806/6031/4788 4896/6032/4878 4895/6033/4877
f 4780/6034/4762 4888/6035/4870 4865/6036/4847
f 4897/6037/4879 4785/6038/4767 4809/6039/4791
f 4912/6040/4894 4860/6041/4842 4845/6042/4827
f 4909/6043/4891 4852/6044/4834 4908/6045/4890
f 4854/6046/4836 4966/6047/4948 4943/6048/4925
f 4823/6049/4805 4885/6009/4867 4818/6050/4800
f 4872/6051/4854 4930/6052/4912 4956/6053/4938
f 4885/6009/4867 4806/6031/4788 4800/6007/4782
f 4910/6054/4892 4840/6055/4822 4848/6056/4830
f 4857/6027/4839 4914/6057/4896 4832/6058/4814
f 4785/6038/4767 4886/6008/4868 4809/6039/4791
f 4795/5986/4777 4900/5974/4882 4787/5990/4769
f 4873/6059/4855 4787/5990/4769 4863/5995/4845
f 4801/6060/4783 4954/6021/4936 4887/6015/4869
f 4789/6024/4771 4861/5962/4843 4880/6022/4862
f 4876/6061/4858 4780/6062/4762 4865/5981/4847
f 4791/6063/4773 4877/6003/4859 4869/6006/4851
f 4926/6000/4908 4901/6064/4883 4960/6065/4942
f 4797/5978/4779 4908/6045/4890 4803/5988/4785
f 4914/6057/4896 4796/5993/4778 4912/6040/4894
f 4907/6066/4889 4799/5960/4781 4789/6024/4771
f 4967/6067/4949 4834/6068/4816 4892/6069/4874
f 4968/6070/4950 4850/6071/4832 4942/6072/4924
f 4928/6073/4910 4902/6074/4884 4965/6075/4947
f 4920/5979/4902 4879/5965/4861 4781/6010/4763
f 4853/6076/4835 4966/6047/4948 4894/6077/4876
f 4965/6075/4947 4843/6078/4825 4948/6079/4930
f 4964/6080/4946 4842/6081/4824 4944/6082/4926
f 4962/5971/4944 4837/6083/4819 4939/6084/4921
f 4945/6085/4927 4907/6066/4889 4963/6086/4945
f 4793/6002/4775 4951/6014/4933 4862/6087/4844
f 4941/6088/4923 4894/6077/4876 4959/6028/4941
f 4953/6011/4935 4827/6089/4809 4882/6090/4864
f 4913/6091/4895 4784/5977/4766 4916/5976/4898
f 4851/6092/4833 4960/6065/4942 4901/6064/4883
f 4917/5985/4899 4838/6093/4820 4905/5983/4887
f 4807/6094/4789 4950/6095/4932 4868/6020/4850
f 4783/6096/4765 4883/5987/4865 4814/6097/4796
f 4889/6098/4871 4796/5993/4778 4875/5992/4857
f 4866/5996/4848 4938/6099/4920 4949/5963/4931
f 4925/6023/4907 4890/6100/4872 4963/6086/4945
f 4917/5985/4899 4782/6101/4764 4918/6102/4900
f 4870/5961/4852 4829/6103/4811 4811/6104/4793
f 4878/6004/4860 4782/6101/4764 4792/5984/4774
f 4871/6105/4853 4919/5969/4901 4956/6053/4938
f 4861/5962/4843 4811/6104/4793 4788/6106/4770
f 4867/6107/4849 4921/6108/4903 4957/5998/4939
f 4808/6109/4790 4874/6110/4856 4779/5991/4761
f 4802/6111/4784 4965/6075/4947 4901/6064/4883
f 4887/6015/4869 4924/6112/4906 4801/6060/4783
f 4901/6064/4883 4948/6079/4930 4851/6092/4833
f 4821/6113/4803 4950/6095/4932 4880/6022/4862
f 4879/5965/4861 4932/6114/4914 4953/6011/4935
f 4923/5968/4905 4893/6115/4875 4805/5966/4787
f 4937/6116/4919 4868/6020/4850 4950/6095/4932
f 4931/6117/4913 4884/6118/4866 4816/6016/4798
f 4887/6015/4869 4935/6119/4917 4819/6013/4801
f 4959/6028/4941 4808/6109/4790 4915/6029/4897
f 4954/6021/4936 4778/6120/4760 4935/6119/4917
f 4915/6029/4897 4779/5991/4761 4914/6057/4896
f 4863/5995/4845 4825/6121/4807 4873/6059/4855
f 4805/5966/4787 4967/6067/4949 4927/6012/4909
f 4929/6122/4911 4882/6090/4864 4827/6089/4809
f 4889/6098/4871 4775/6123/4757 4864/6124/4846
f 4898/6125/4880 4809/6039/4791 4800/6007/4782
f 4893/6115/4875 4947/6126/4929 4967/6067/4949
f 4918/6102/4900 4841/6127/4823 4917/5985/4899
f 4963/6086/4945 4789/6024/4771 4925/6023/4907
f 4814/6097/4796 4873/6059/4855 4825/6121/4807
f 4867/6107/4849 4815/6128/4797 4874/6110/4856
f 4890/6100/4872 4942/6072/4924 4856/6129/4838
f 4818/6050/4800 4886/6008/4868 4824/6130/4806
f 4966/6047/4948 4804/6131/4786 4894/6077/4876
f 4964/6080/4946 4801/6060/4783 4924/6112/4906
f 4905/5983/4887 4859/6132/4841 4904/6025/4886
f 4895/6033/4877 4800/6007/4782 4806/6031/4788
f 4856/6129/4838 4963/6086/4945 4890/6100/4872
f 4952/6133/4934 4822/6134/4804 4872/6051/4854
f 4961/6135/4943 4781/6010/4763 4892/6069/4874
f 4892/6069/4874 4927/6012/4909 4967/6067/4949
f 4956/6053/4938 4813/6136/4795 4871/6105/4853
f 4875/5992/4857 4831/6137/4813 4889/6098/4871
f 4928/6073/4910 4872/6051/4854 4794/6138/4776
f 4926/6000/4908 4862/6087/4844 4955/6017/4937
f 4944/6082/4926 4891/6139/4873 4964/6080/4946
f 4912/6040/4894 4830/6140/4812 4913/6091/4895
f 4881/6141/4863 4923/5968/4905 4958/5967/4940
f 4940/6142/4922 4892/6069/4874 4834/6068/4816
f 4928/6073/4910 4884/6118/4866 4952/6133/4934
f 4913/6091/4895 4836/6026/4818 4860/6041/4842
f 4794/6138/4776 4956/6053/4938 4919/5969/4901
f 4881/6141/4863 4933/5999/4915 4957/5998/4939
f 4862/6087/4844 4936/6143/4918 4777/6030/4759
f 4846/6144/4828 4961/6135/4943 4940/6142/4922
f 4955/6017/4937 4802/6111/4784 4926/6000/4908
f 4894/6077/4876 4921/6108/4903 4959/6028/4941
f 4833/6145/4815 4899/5989/4881 4847/6146/4829
f 4817/6147/4799 4878/6004/4860 4877/6003/4859
f 4924/6112/4906 4903/6001/4885 4964/6080/4946
f 4874/6110/4856 4828/6148/4810 4875/5992/4857
f 4812/6149/4794 4958/5967/4940 4929/6122/4911
f 4910/6054/4892 4782/6101/4764 4799/5960/4781
f 4953/6011/4935 4805/5966/4787 4927/6012/4909
f 4824/6130/4806 4871/6105/4853 4813/6136/4795
f 4823/6049/4805 4865/6036/4847 4888/6035/4870
f 4895/6033/4877 4833/6150/4815 4855/6151/4837
f 4788/6106/4770 4880/6022/4862 4861/5962/4843
f 4798/5994/4780 4896/6152/4878 4780/6062/4762
f 4957/5998/4939 4804/6131/4786 4881/6141/4863
f 4864/6124/4846 4791/6063/4773 4869/6006/4851
f 4830/6140/4812 4864/6124/4846 4784/5977/4766
f 4855/6151/4837 4898/6125/4880 4895/6033/4877
f 4774/6153/4756 4876/6061/4858 4826/5980/4808
f 4858/6154/4840 4906/5970/4888 4897/6037/4879
f 4897/6037/4879 4849/6155/4831 4858/6154/4840
f 4900/5974/4882 4847/6146/4829 4899/5989/4881
f 4832/6058/4814 4912/6040/4894 4845/6042/4827
f 4922/6019/4904 4891/6139/4873 4968/6070/4950
f 4946/6156/4928 4903/6001/4885 4960/6065/4942
f 4848/6056/4830 4918/6102/4900 4910/6054/4892
f 4844/6157/4826 4908/6045/4890 4852/6044/4834
f 4911/5972/4893 4803/5988/4785 4908/6045/4890
f 4807/6094/4789 4968/6070/4950 4890/6100/4872
f 4939/6084/4921 4902/6074/4884 4962/5971/4944
f 4904/6025/4886 4786/6005/4768 4905/5983/4887
f 4920/5979/4902 4909/6043/4891 4797/5978/4779
f 4919/5969/4901 4902/6074/4884 4794/6138/4776
f 5065/5961/5047 4994/5960/4976 5056/5962/5038
f 5144/5963/5126 5015/5964/4997 5133/6099/5115
f 5153/5967/5135 5000/5966/4982 5118/5968/5100
f 5101/5970/5083 5114/5969/5096 5157/5971/5139
f 5106/5972/5088 5034/5973/5016 5039/6157/5021
f 5111/5976/5093 5005/5975/4987 4979/5977/4961
f 4992/5978/4974 5144/5963/5126 5061/5996/5043
f 5060/5981/5042 5021/5980/5003 4971/5982/4953
f 4987/5984/4969 5100/5983/5082 5112/5985/5094
f 5078/5987/5060 4990/5986/4972 4998/5988/4980
f 4982/5990/4964 5094/5989/5076 5095/5974/5077
f 5070/5992/5052 4974/5991/4956 4991/5993/4973
f 4993/5994/4975 5058/5995/5040 5071/6061/5053
f 5061/5996/5043 4998/5988/4980 4992/5978/4974
f 5152/5998/5134 4985/5997/4967 5128/5999/5110
f 5098/6001/5080 5121/6000/5103 4988/6002/4970
f 4987/5984/4969 5072/6003/5054 4981/6005/4963
f 4981/6005/4963 5064/6006/5046 5005/5975/4987
f 5081/6008/5063 4995/6007/4977 5080/6009/5062
f 4976/6010/4958 5148/6011/5130 5074/5965/5056
f 5146/6014/5128 5014/6013/4996 5082/6015/5064
f 5011/6016/4993 5150/6017/5132 5079/6118/5061
f 5117/6019/5099 5063/6020/5045 5002/6094/4984
f 5120/6023/5102 5075/6022/5057 4984/6024/4966
f 5031/6026/5013 5099/6025/5081 5111/5976/5093
f 4979/5977/4961 5064/6006/5046 5059/6124/5041
f 5154/6028/5136 5052/6027/5034 5110/6029/5092
f 4972/6030/4954 5150/6017/5132 5129/6018/5111
f 5091/6032/5073 5001/6031/4983 5090/6033/5072
f 5083/6035/5065 4975/6034/4957 5060/6036/5042
f 5092/6037/5074 4980/6038/4962 5101/5970/5083
f 5107/6040/5089 5055/6041/5037 5108/6091/5090
f 5047/6044/5029 5104/6043/5086 5103/6045/5085
f 5049/6046/5031 5161/6047/5143 5088/6115/5070
f 5080/6009/5062 5018/6049/5000 5013/6050/4995
f 5067/6051/5049 5125/6052/5107 5017/6134/4999
f 5080/6009/5062 5001/6031/4983 5083/6035/5065
f 5105/6054/5087 5035/6055/5017 5102/6066/5084
f 5052/6027/5034 5109/6057/5091 5110/6029/5092
f 5081/6008/5063 4980/6038/4962 5004/6039/4986
f 4990/5986/4972 5095/5974/5077 5106/5972/5088
f 4982/5990/4964 5068/6059/5050 5058/5995/5040
f 5149/6021/5131 4996/6060/4978 5082/6015/5064
f 5056/5962/5038 4984/6024/4966 5075/6022/5057
f 4975/6062/4957 5071/6061/5053 5060/5981/5042
f 5072/6003/5054 4986/6063/4968 5064/6006/5046
f 5121/6000/5103 5096/6064/5078 4997/6111/4979
f 4992/5978/4974 5103/6045/5085 5104/6043/5086
f 5109/6057/5091 4991/5993/4973 4974/5991/4956
f 4994/5960/4976 5102/6066/5084 4984/6024/4966
f 5029/6068/5011 5162/6067/5144 5087/6069/5069
f 5045/6071/5027 5163/6070/5145 5137/6072/5119
f 5123/6073/5105 5097/6074/5079 4989/6138/4971
f 5115/5979/5097 5074/5965/5056 5144/5963/5126
f 5161/6047/5143 5048/6076/5030 5089/6077/5071
f 5160/6075/5142 5038/6078/5020 5097/6074/5079
f 5159/6080/5141 5037/6081/5019 5098/6001/5080
f 5032/6083/5014 5157/5971/5139 5134/6084/5116
f 5102/6066/5084 5140/6085/5122 5158/6086/5140
f 4988/6002/4970 5146/6014/5128 5119/6112/5101
f 5089/6077/5071 5136/6088/5118 5154/6028/5136
f 5148/6011/5130 5022/6089/5004 5127/6114/5109
f 5108/6091/5090 4979/5977/4961 5025/6140/5007
f 5046/6092/5028 5155/6065/5137 5141/6156/5123
f 5112/5985/5094 5033/6093/5015 5036/6127/5018
f 5002/6094/4984 5145/6095/5127 5120/6023/5102
f 5078/5987/5060 4978/6096/4960 5009/6097/4991
f 4991/5993/4973 5084/6098/5066 5070/5992/5052
f 5061/5996/5043 5133/6099/5115 4978/6096/4960
f 5085/6100/5067 5120/6023/5102 5158/6086/5140
f 5112/5985/5094 4977/6101/4959 4987/5984/4969
f 5065/5961/5047 5024/6103/5006 5073/6004/5055
f 5073/6004/5055 4977/6101/4959 5065/5961/5047
f 5114/5969/5096 5066/6105/5048 5151/6053/5133
f 5006/6104/4988 5056/5962/5038 4983/6106/4965
f 5116/6108/5098 5062/6107/5044 5152/5998/5134
f 5069/6110/5051 5003/6109/4985 4974/5991/4956
f 4997/6111/4979 5160/6075/5142 5123/6073/5105
f 5119/6112/5101 5082/6015/5064 4996/6060/4978
f 5096/6064/5078 5143/6079/5125 5160/6075/5142
f 5145/6095/5127 5016/6113/4998 5075/6022/5057
f 5074/5965/5056 5127/6114/5109 5015/5964/4997
f 5118/5968/5100 5088/6115/5070 5161/6047/5143
f 5132/6116/5114 5063/6020/5045 4973/6120/4955
f 5126/6117/5108 5079/6118/5061 5147/6133/5129
f 5082/6015/5064 5130/6119/5112 5149/6021/5131
f 5154/6028/5136 5003/6109/4985 5116/6108/5098
f 4973/6120/4955 5149/6021/5131 5130/6119/5112
f 5110/6029/5092 4974/5991/4956 5003/6109/4985
f 5058/5995/5040 5020/6121/5002 4969/6153/4951
f 5000/5966/4982 5162/6067/5144 5088/6115/5070
f 5077/6090/5059 5124/6122/5106 5022/6089/5004
f 4970/6123/4952 5084/6098/5066 5059/6124/5041
f 5093/6125/5075 5004/6039/4986 5092/6037/5074
f 5088/6115/5070 5142/6126/5124 5049/6046/5031
f 5036/6127/5018 5113/6102/5095 5112/5985/5094
f 5158/6086/5140 4984/6024/4966 5102/6066/5084
f 5068/6059/5050 5009/6097/4991 5020/6121/5002
f 5010/6128/4992 5062/6107/5044 5069/6110/5051
f 5137/6072/5119 5085/6100/5067 5051/6129/5033
f 5013/6050/4995 5081/6008/5063 5080/6009/5062
f 5161/6047/5143 4999/6131/4981 5118/5968/5100
f 5159/6080/5141 4996/6060/4978 5086/6139/5068
f 5054/6132/5036 5100/5983/5082 5099/6025/5081
f 4995/6007/4977 5090/6033/5072 5001/6031/4983
f 5158/6086/5140 5051/6129/5033 5085/6100/5067
f 5017/6134/4999 5147/6133/5129 5067/6051/5049
f 4976/6010/4958 5156/6135/5138 5087/6069/5069
f 5122/6012/5104 5087/6069/5069 5162/6067/5144
f 5151/6053/5133 5008/6136/4990 5125/6052/5107
f 5026/6137/5008 5070/5992/5052 5084/6098/5066
f 5067/6051/5049 5123/6073/5105 4989/6138/4971
f 5057/6087/5039 5121/6000/5103 5150/6017/5132
f 5086/6139/5068 5139/6082/5121 5159/6080/5141
f 5107/6040/5089 5025/6140/5007 4991/5993/4973
f 5076/6141/5058 5118/5968/5100 4999/6131/4981
f 5135/6142/5117 5087/6069/5069 5156/6135/5138
f 5079/6118/5061 5123/6073/5105 5147/6133/5129
f 5108/6091/5090 5031/6026/5013 5111/5976/5093
f 4989/6138/4971 5151/6053/5133 5067/6051/5049
f 5128/5999/5110 5076/6141/5058 5152/5998/5134
f 5131/6143/5113 5057/6087/5039 4972/6030/4954
f 5041/6144/5023 5156/6135/5138 5104/6043/5086
f 4997/6111/4979 5150/6017/5132 5121/6000/5103
f 5116/6108/5098 5089/6077/5071 5154/6028/5136
f 5028/6145/5010 5094/5989/5076 5091/6152/5073
f 5012/6147/4994 5073/6004/5055 5024/6103/5006
f 5119/6112/5101 5098/6001/5080 4988/6002/4970
f 5069/6110/5051 5023/6148/5005 5010/6128/4992
f 5007/6149/4989 5153/5967/5135 5076/6141/5058
f 4977/6101/4959 5105/6054/5087 4994/5960/4976
f 5148/6011/5130 5000/5966/4982 5077/6090/5059
f 5019/6130/5001 5066/6105/5048 5081/6008/5063
f 5060/6036/5042 5018/6049/5000 5083/6035/5065
f 5028/6150/5010 5090/6033/5072 5050/6151/5032
f 5075/6022/5057 4983/6106/4965 5056/5962/5038
f 4993/5994/4975 5091/6152/5073 5094/5989/5076
f 5152/5998/5134 4999/6131/4981 5116/6108/5098
f 5059/6124/5041 4986/6063/4968 4970/6123/4952
f 5025/6140/5007 5059/6124/5041 5084/6098/5066
f 5093/6125/5075 5050/6151/5032 5090/6033/5072
f 4969/6153/4951 5071/6061/5053 5058/5995/5040
f 5053/6154/5035 5101/5970/5083 5032/6083/5014
f 5092/6037/5074 5044/6155/5026 5093/6125/5075
f 5042/6146/5024 5095/5974/5077 5094/5989/5076
f 5107/6040/5089 5027/6058/5009 5040/6042/5022
f 5117/6019/5099 5086/6139/5068 4996/6060/4978
f 5098/6001/5080 5141/6156/5123 5155/6065/5137
f 5043/6056/5025 5113/6102/5095 5030/6158/5012
f 5039/6157/5021 5103/6045/5085 5106/5972/5088
f 4998/5988/4980 5106/5972/5088 5103/6045/5085
f 5163/6070/5145 5002/6094/4984 5085/6100/5067
f 5097/6074/5079 5134/6084/5116 5157/5971/5139
f 5099/6025/5081 4981/6005/4963 5005/5975/4987
f 5115/5979/5097 5104/6043/5086 5156/6135/5138
f 5097/6074/5079 5114/5969/5096 4989/6138/4971
f 4799/5960/4781 4782/6101/4764 4870/5961/4852
f 4949/5963/4931 4938/6099/4920 4820/5964/4802
f 4805/5966/4787 4882/6090/4864 4958/5967/4940
f 4919/5969/4901 4785/6038/4767 4906/5970/4888
f 4911/5972/4893 4844/6157/4826 4839/5973/4821
f 4810/5975/4792 4904/6025/4886 4916/5976/4898
f 4797/5978/4779 4866/5996/4848 4949/5963/4931
f 4826/5980/4808 4876/6061/4858 4865/5981/4847
f 4905/5983/4887 4786/6005/4768 4792/5984/4774
f 4795/5986/4777 4873/6059/4855 4883/5987/4865
f 4899/5989/4881 4798/5994/4780 4787/5990/4769
f 4779/5991/4761 4874/6110/4856 4875/5992/4857
f 4798/5994/4780 4876/6061/4858 4863/5995/4845
f 4866/5996/4848 4797/5978/4779 4803/5988/4785
f 4790/5997/4772 4867/6107/4849 4957/5998/4939
f 4926/6000/4908 4960/6065/4942 4903/6001/4885
f 4792/5984/4774 4786/6005/4768 4877/6003/4859
f 4786/6005/4768 4810/5975/4792 4869/6006/4851
f 4800/6007/4782 4809/6039/4791 4886/6008/4868
f 4781/6010/4763 4879/5965/4861 4953/6011/4935
f 4819/6013/4801 4936/6143/4918 4951/6014/4933
f 4816/6016/4798 4884/6118/4866 4955/6017/4937
f 4922/6019/4904 4807/6094/4789 4868/6020/4850
f 4880/6022/4862 4950/6095/4932 4925/6023/4907
f 4904/6025/4886 4859/6132/4841 4836/6026/4818
f 4784/5977/4766 4864/6124/4846 4869/6006/4851
f 4857/6027/4839 4941/6088/4923 4959/6028/4941
f 4955/6017/4937 4862/6087/4844 4777/6030/4759
f 4806/6031/4788 4780/6034/4762 4896/6032/4878
f 4780/6034/4762 4806/6031/4788 4888/6035/4870
f 4897/6037/4879 4906/5970/4888 4785/6038/4767
f 4912/6040/4894 4913/6091/4895 4860/6041/4842
f 4909/6043/4891 4846/6144/4828 4852/6044/4834
f 4854/6046/4836 4893/6115/4875 4966/6047/4948
f 4823/6049/4805 4888/6035/4870 4885/6009/4867
f 4872/6051/4854 4822/6134/4804 4930/6052/4912
f 4885/6009/4867 4888/6035/4870 4806/6031/4788
f 4910/6054/4892 4907/6066/4889 4840/6055/4822
f 4857/6027/4839 4915/6029/4897 4914/6057/4896
f 4785/6038/4767 4871/6105/4853 4886/6008/4868
f 4795/5986/4777 4911/5972/4893 4900/5974/4882
f 4873/6059/4855 4795/5986/4777 4787/5990/4769
f 4801/6060/4783 4922/6019/4904 4954/6021/4936
f 4789/6024/4771 4799/5960/4781 4861/5962/4843
f 4876/6061/4858 4798/5994/4780 4780/6062/4762
f 4791/6063/4773 4817/6147/4799 4877/6003/4859
f 4926/6000/4908 4802/6111/4784 4901/6064/4883
f 4797/5978/4779 4909/6043/4891 4908/6045/4890
f 4914/6057/4896 4779/5991/4761 4796/5993/4778
f 4907/6066/4889 4910/6054/4892 4799/5960/4781
f 4967/6067/4949 4947/6126/4929 4834/6068/4816
f 4968/6070/4950 4891/6139/4873 4850/6071/4832
f 4928/6073/4910 4794/6138/4776 4902/6074/4884
f 4920/5979/4902 4949/5963/4931 4879/5965/4861
f 4853/6076/4835 4943/6048/4925 4966/6047/4948
f 4965/6075/4947 4902/6074/4884 4843/6078/4825
f 4964/6080/4946 4903/6001/4885 4842/6081/4824
f 4962/5971/4944 4906/5970/4888 4837/6083/4819
f 4945/6085/4927 4840/6055/4822 4907/6066/4889
f 4793/6002/4775 4924/6112/4906 4951/6014/4933
f 4941/6088/4923 4853/6076/4835 4894/6077/4876
f 4953/6011/4935 4932/6114/4914 4827/6089/4809
f 4913/6091/4895 4830/6140/4812 4784/5977/4766
f 4851/6092/4833 4946/6156/4928 4960/6065/4942
f 4917/5985/4899 4841/6127/4823 4838/6093/4820
f 4807/6094/4789 4925/6023/4907 4950/6095/4932
f 4783/6096/4765 4866/5996/4848 4883/5987/4865
f 4889/6098/4871 4830/6140/4812 4796/5993/4778
f 4866/5996/4848 4783/6096/4765 4938/6099/4920
f 4925/6023/4907 4807/6094/4789 4890/6100/4872
f 4917/5985/4899 4792/5984/4774 4782/6101/4764
f 4870/5961/4852 4878/6004/4860 4829/6103/4811
f 4878/6004/4860 4870/5961/4852 4782/6101/4764
f 4871/6105/4853 4785/6038/4767 4919/5969/4901
f 4861/5962/4843 4870/5961/4852 4811/6104/4793
f 4867/6107/4849 4808/6109/4790 4921/6108/4903
f 4808/6109/4790 4867/6107/4849 4874/6110/4856
f 4802/6111/4784 4928/6073/4910 4965/6075/4947
f 4887/6015/4869 4951/6014/4933 4924/6112/4906
f 4901/6064/4883 4965/6075/4947 4948/6079/4930
f 4821/6113/4803 4937/6116/4919 4950/6095/4932
f 4879/5965/4861 4820/5964/4802 4932/6114/4914
f 4923/5968/4905 4966/6047/4948 4893/6115/4875
f 4937/6116/4919 4778/6120/4760 4868/6020/4850
f 4931/6117/4913 4952/6133/4934 4884/6118/4866
f 4887/6015/4869 4954/6021/4936 4935/6119/4917
f 4959/6028/4941 4921/6108/4903 4808/6109/4790
f 4954/6021/4936 4868/6020/4850 4778/6120/4760
f 4915/6029/4897 4808/6109/4790 4779/5991/4761
f 4863/5995/4845 4774/6153/4756 4825/6121/4807
f 4805/5966/4787 4893/6115/4875 4967/6067/4949
f 4929/6122/4911 4958/5967/4940 4882/6090/4864
f 4889/6098/4871 4831/6137/4813 4775/6123/4757
f 4898/6125/4880 4897/6037/4879 4809/6039/4791
f 4893/6115/4875 4854/6046/4836 4947/6126/4929
f 4918/6102/4900 4835/6158/4817 4841/6127/4823
f 4963/6086/4945 4907/6066/4889 4789/6024/4771
f 4814/6097/4796 4883/5987/4865 4873/6059/4855
f 4867/6107/4849 4790/5997/4772 4815/6128/4797
f 4890/6100/4872 4968/6070/4950 4942/6072/4924
f 4818/6050/4800 4885/6009/4867 4886/6008/4868
f 4966/6047/4948 4923/5968/4905 4804/6131/4786
f 4964/6080/4946 4891/6139/4873 4801/6060/4783
f 4905/5983/4887 4838/6093/4820 4859/6132/4841
f 4895/6033/4877 4898/6125/4880 4800/6007/4782
f 4856/6129/4838 4945/6085/4927 4963/6086/4945
f 4952/6133/4934 4931/6117/4913 4822/6134/4804
f 4961/6135/4943 4920/5979/4902 4781/6010/4763
f 4892/6069/4874 4781/6010/4763 4927/6012/4909
f 4956/6053/4938 4930/6052/4912 4813/6136/4795
f 4875/5992/4857 4828/6148/4810 4831/6137/4813
f 4928/6073/4910 4952/6133/4934 4872/6051/4854
f 4926/6000/4908 4793/6002/4775 4862/6087/4844
f 4944/6082/4926 4850/6071/4832 4891/6139/4873
f 4912/6040/4894 4796/5993/4778 4830/6140/4812
f 4881/6141/4863 4804/6131/4786 4923/5968/4905
f 4940/6142/4922 4961/6135/4943 4892/6069/4874
f 4928/6073/4910 4802/6111/4784 4884/6118/4866
f 4913/6091/4895 4916/5976/4898 4836/6026/4818
f 4794/6138/4776 4872/6051/4854 4956/6053/4938
f 4881/6141/4863 4812/6149/4794 4933/5999/4915
f 4862/6087/4844 4951/6014/4933 4936/6143/4918
f 4846/6144/4828 4909/6043/4891 4961/6135/4943
f 4955/6017/4937 4884/6118/4866 4802/6111/4784
f 4894/6077/4876 4804/6131/4786 4921/6108/4903
f 4833/6145/4815 4896/6152/4878 4899/5989/4881
f 4817/6147/4799 4829/6103/4811 4878/6004/4860
f 4924/6112/4906 4793/6002/4775 4903/6001/4885
f 4874/6110/4856 4815/6128/4797 4828/6148/4810
f 4812/6149/4794 4881/6141/4863 4958/5967/4940
f 4910/6054/4892 4918/6102/4900 4782/6101/4764
f 4953/6011/4935 4882/6090/4864 4805/5966/4787
f 4824/6130/4806 4886/6008/4868 4871/6105/4853
f 4823/6049/4805 4776/6159/4758 4865/6036/4847
f 4895/6033/4877 4896/6032/4878 4833/6150/4815
f 4788/6106/4770 4821/6113/4803 4880/6022/4862
f 4798/5994/4780 4899/5989/4881 4896/6152/4878
f 4957/5998/4939 4921/6108/4903 4804/6131/4786
f 4864/6124/4846 4775/6123/4757 4791/6063/4773
f 4830/6140/4812 4889/6098/4871 4864/6124/4846
f 4855/6151/4837 4849/6155/4831 4898/6125/4880
f 4774/6153/4756 4863/5995/4845 4876/6061/4858
f 4858/6154/4840 4837/6083/4819 4906/5970/4888
f 4897/6037/4879 4898/6125/4880 4849/6155/4831
f 4900/5974/4882 4839/5973/4821 4847/6146/4829
f 4832/6058/4814 4914/6057/4896 4912/6040/4894
f 4922/6019/4904 4801/6060/4783 4891/6139/4873
f 4946/6156/4928 4842/6081/4824 4903/6001/4885
f 4848/6056/4830 4835/6158/4817 4918/6102/4900
f 4844/6157/4826 4911/5972/4893 4908/6045/4890
f 4911/5972/4893 4795/5986/4777 4803/5988/4785
f 4807/6094/4789 4922/6019/4904 4968/6070/4950
f 4939/6084/4921 4843/6078/4825 4902/6074/4884
f 4904/6025/4886 4810/5975/4792 4786/6005/4768
f 4920/5979/4902 4961/6135/4943 4909/6043/4891
f 4919/5969/4901 4962/5971/4944 4902/6074/4884
f 5065/5961/5047 4977/6101/4959 4994/5960/4976
f 5144/5963/5126 5074/5965/5056 5015/5964/4997
f 5153/5967/5135 5077/6090/5059 5000/5966/4982
f 5101/5970/5083 4980/6038/4962 5114/5969/5096
f 5106/5972/5088 5095/5974/5077 5034/5973/5016
f 5111/5976/5093 5099/6025/5081 5005/5975/4987
f 4992/5978/4974 5115/5979/5097 5144/5963/5126
f 5060/5981/5042 5071/6061/5053 5021/5980/5003
f 4987/5984/4969 4981/6005/4963 5100/5983/5082
f 5078/5987/5060 5068/6059/5050 4990/5986/4972
f 4982/5990/4964 4993/5994/4975 5094/5989/5076
f 5070/5992/5052 5069/6110/5051 4974/5991/4956
f 4993/5994/4975 4982/5990/4964 5058/5995/5040
f 5061/5996/5043 5078/5987/5060 4998/5988/4980
f 5152/5998/5134 5062/6107/5044 4985/5997/4967
f 5098/6001/5080 5155/6065/5137 5121/6000/5103
f 4987/5984/4969 5073/6004/5055 5072/6003/5054
f 4981/6005/4963 5072/6003/5054 5064/6006/5046
f 5081/6008/5063 5004/6039/4986 4995/6007/4977
f 4976/6010/4958 5122/6012/5104 5148/6011/5130
f 5146/6014/5128 5131/6143/5113 5014/6013/4996
f 5011/6016/4993 5129/6018/5111 5150/6017/5132
f 5117/6019/5099 5149/6021/5131 5063/6020/5045
f 5120/6023/5102 5145/6095/5127 5075/6022/5057
f 5031/6026/5013 5054/6132/5036 5099/6025/5081
f 4979/5977/4961 5005/5975/4987 5064/6006/5046
f 5154/6028/5136 5136/6088/5118 5052/6027/5034
f 4972/6030/4954 5057/6087/5039 5150/6017/5132
f 5091/6032/5073 4975/6034/4957 5001/6031/4983
f 5083/6035/5065 5001/6031/4983 4975/6034/4957
f 5092/6037/5074 5004/6039/4986 4980/6038/4962
f 5107/6040/5089 5040/6042/5022 5055/6041/5037
f 5047/6044/5029 5041/6144/5023 5104/6043/5086
f 5049/6046/5031 5138/6048/5120 5161/6047/5143
f 5080/6009/5062 5083/6035/5065 5018/6049/5000
f 5067/6051/5049 5151/6053/5133 5125/6052/5107
f 5080/6009/5062 4995/6007/4977 5001/6031/4983
f 5105/6054/5087 5043/6056/5025 5035/6055/5017
f 5052/6027/5034 5027/6058/5009 5109/6057/5091
f 5081/6008/5063 5066/6105/5048 4980/6038/4962
f 4990/5986/4972 4982/5990/4964 5095/5974/5077
f 4982/5990/4964 4990/5986/4972 5068/6059/5050
f 5149/6021/5131 5117/6019/5099 4996/6060/4978
f 5056/5962/5038 4994/5960/4976 4984/6024/4966
f 4975/6062/4957 4993/5994/4975 5071/6061/5053
f 5072/6003/5054 5012/6147/4994 4986/6063/4968
f 5121/6000/5103 5155/6065/5137 5096/6064/5078
f 4992/5978/4974 4998/5988/4980 5103/6045/5085
f 5109/6057/5091 5107/6040/5089 4991/5993/4973
f 4994/5960/4976 5105/6054/5087 5102/6066/5084
f 5029/6068/5011 5142/6126/5124 5162/6067/5144
f 5045/6071/5027 5086/6139/5068 5163/6070/5145
f 5123/6073/5105 5160/6075/5142 5097/6074/5079
f 5115/5979/5097 4976/6010/4958 5074/5965/5056
f 5161/6047/5143 5138/6048/5120 5048/6076/5030
f 5160/6075/5142 5143/6079/5125 5038/6078/5020
f 5159/6080/5141 5139/6082/5121 5037/6081/5019
f 5032/6083/5014 5101/5970/5083 5157/5971/5139
f 5102/6066/5084 5035/6055/5017 5140/6085/5122
f 4988/6002/4970 5057/6087/5039 5146/6014/5128
f 5089/6077/5071 5048/6076/5030 5136/6088/5118
f 5148/6011/5130 5077/6090/5059 5022/6089/5004
f 5108/6091/5090 5111/5976/5093 4979/5977/4961
f 5046/6092/5028 5096/6064/5078 5155/6065/5137
f 5112/5985/5094 5100/5983/5082 5033/6093/5015
f 5002/6094/4984 5063/6020/5045 5145/6095/5127
f 5078/5987/5060 5061/5996/5043 4978/6096/4960
f 4991/5993/4973 5025/6140/5007 5084/6098/5066
f 5061/5996/5043 5144/5963/5126 5133/6099/5115
f 5085/6100/5067 5002/6094/4984 5120/6023/5102
f 5112/5985/5094 5113/6102/5095 4977/6101/4959
f 5065/5961/5047 5006/6104/4988 5024/6103/5006
f 5073/6004/5055 4987/5984/4969 4977/6101/4959
f 5114/5969/5096 4980/6038/4962 5066/6105/5048
f 5006/6104/4988 5065/5961/5047 5056/5962/5038
f 5116/6108/5098 5003/6109/4985 5062/6107/5044
f 5069/6110/5051 5062/6107/5044 5003/6109/4985
f 4997/6111/4979 5096/6064/5078 5160/6075/5142
f 5119/6112/5101 5146/6014/5128 5082/6015/5064
f 5096/6064/5078 5046/6092/5028 5143/6079/5125
f 5145/6095/5127 5132/6116/5114 5016/6113/4998
f 5074/5965/5056 5148/6011/5130 5127/6114/5109
f 5118/5968/5100 5000/5966/4982 5088/6115/5070
f 5132/6116/5114 5145/6095/5127 5063/6020/5045
f 5126/6117/5108 5011/6016/4993 5079/6118/5061
f 5082/6015/5064 5014/6013/4996 5130/6119/5112
f 5154/6028/5136 5110/6029/5092 5003/6109/4985
f 4973/6120/4955 5063/6020/5045 5149/6021/5131
f 5110/6029/5092 5109/6057/5091 4974/5991/4956
f 5058/5995/5040 5068/6059/5050 5020/6121/5002
f 5000/5966/4982 5122/6012/5104 5162/6067/5144
f 5077/6090/5059 5153/5967/5135 5124/6122/5106
f 4970/6123/4952 5026/6137/5008 5084/6098/5066
f 5093/6125/5075 4995/6007/4977 5004/6039/4986
f 5088/6115/5070 5162/6067/5144 5142/6126/5124
f 5036/6127/5018 5030/6158/5012 5113/6102/5095
f 5158/6086/5140 5120/6023/5102 4984/6024/4966
f 5068/6059/5050 5078/5987/5060 5009/6097/4991
f 5010/6128/4992 4985/5997/4967 5062/6107/5044
f 5137/6072/5119 5163/6070/5145 5085/6100/5067
f 5013/6050/4995 5019/6130/5001 5081/6008/5063
f 5161/6047/5143 5089/6077/5071 4999/6131/4981
f 5159/6080/5141 5119/6112/5101 4996/6060/4978
f 5054/6132/5036 5033/6093/5015 5100/5983/5082
f 4995/6007/4977 5093/6125/5075 5090/6033/5072
f 5158/6086/5140 5140/6085/5122 5051/6129/5033
f 5017/6134/4999 5126/6117/5108 5147/6133/5129
f 4976/6010/4958 5115/5979/5097 5156/6135/5138
f 5122/6012/5104 4976/6010/4958 5087/6069/5069
f 5151/6053/5133 5066/6105/5048 5008/6136/4990
f 5026/6137/5008 5023/6148/5005 5070/5992/5052
f 5067/6051/5049 5147/6133/5129 5123/6073/5105
f 5057/6087/5039 4988/6002/4970 5121/6000/5103
f 5086/6139/5068 5045/6071/5027 5139/6082/5121
f 5107/6040/5089 5108/6091/5090 5025/6140/5007
f 5076/6141/5058 5153/5967/5135 5118/5968/5100
f 5135/6142/5117 5029/6068/5011 5087/6069/5069
f 5079/6118/5061 4997/6111/4979 5123/6073/5105
f 5108/6091/5090 5055/6041/5037 5031/6026/5013
f 4989/6138/4971 5114/5969/5096 5151/6053/5133
f 5128/5999/5110 5007/6149/4989 5076/6141/5058
f 5131/6143/5113 5146/6014/5128 5057/6087/5039
f 5041/6144/5023 5135/6142/5117 5156/6135/5138
f 4997/6111/4979 5079/6118/5061 5150/6017/5132
f 5116/6108/5098 4999/6131/4981 5089/6077/5071
f 5028/6145/5010 5042/6146/5024 5094/5989/5076
f 5012/6147/4994 5072/6003/5054 5073/6004/5055
f 5119/6112/5101 5159/6080/5141 5098/6001/5080
f 5069/6110/5051 5070/5992/5052 5023/6148/5005
f 5007/6149/4989 5124/6122/5106 5153/5967/5135
f 4977/6101/4959 5113/6102/5095 5105/6054/5087
f 5148/6011/5130 5122/6012/5104 5000/5966/4982
f 5019/6130/5001 5008/6136/4990 5066/6105/5048
f 5060/6036/5042 4971/6159/4953 5018/6049/5000
f 5028/6150/5010 5091/6032/5073 5090/6033/5072
f 5075/6022/5057 5016/6113/4998 4983/6106/4965
f 4993/5994/4975 4975/6062/4957 5091/6152/5073
f 5152/5998/5134 5076/6141/5058 4999/6131/4981
f 5059/6124/5041 5064/6006/5046 4986/6063/4968
f 5025/6140/5007 4979/5977/4961 5059/6124/5041
f 5093/6125/5075 5044/6155/5026 5050/6151/5032
f 4969/6153/4951 5021/5980/5003 5071/6061/5053
f 5053/6154/5035 5092/6037/5074 5101/5970/5083
f 5092/6037/5074 5053/6154/5035 5044/6155/5026
f 5042/6146/5024 5034/5973/5016 5095/5974/5077
f 5107/6040/5089 5109/6057/5091 5027/6058/5009
f 5117/6019/5099 5163/6070/5145 5086/6139/5068
f 5098/6001/5080 5037/6081/5019 5141/6156/5123
f 5043/6056/5025 5105/6054/5087 5113/6102/5095
f 5039/6157/5021 5047/6044/5029 5103/6045/5085
f 4998/5988/4980 4990/5986/4972 5106/5972/5088
f 5163/6070/5145 5117/6019/5099 5002/6094/4984
f 5097/6074/5079 5038/6078/5020 5134/6084/5116
f 5099/6025/5081 5100/5983/5082 4981/6005/4963
f 5115/5979/5097 4992/5978/4974 5104/6043/5086
f 5097/6074/5079 5157/5971/5139 5114/5969/5096
